Order ID,Product ID,Product Category,Quantity,Unit Price,Total Price,Order Date,Customer ID,Payment Type,Order Status
873ff350-854d-4bd8-aebf-6cc5e1a6d3b7,26ab320e-62f2-4203-be68-f8740085d796,Sports & Outdoors,4,154.050509,616.202036,02/08/2023,292fe8cf-4d60-437b-8488-4c225e84d48d,Credit Card,Completed
7cb2641e-ea6b-4faf-a7ab-24992d5573fa,8c0d7ba9-1e6b-412a-8359-97d964ad19e5,Home & Kitchen,5,275.5399077,1377.699538,03/09/2023,a026178d-e3ed-4d45-a49c-8336479b2114,PayPal,Refunded
94e0de8a-419d-46e1-9e7c-65c730b89c65,5d65b6c7-1894-4207-b7e3-b53cc2d5e5e3,Beauty & Health,3,56.41009812,169.2302944,06/12/2023,808e8010-1552-42dd-a9c5-eacd4fde3283,Debit Card,Cancelled
88cc8ccf-f018-46ac-ba3b-f36b5cf4e429,b3f6c6a5-d3cb-49a4-b53b-3996be815c28,Books,2,176.4109058,352.8218116,22/07/2023,6184896b-4fb2-4ae0-9851-65033dae1319,PayPal,Pending
eb520575-720e-456e-9dc5-c2c3bb887bfc,fed52dbf-49c6-4128-8b18-c36e50184a04,Electronics,3,409.8921437,1229.676431,08/04/2023,24689017-68fc-42ba-8ae6-f0ad7155e0d6,Credit Card,Cancelled
9208a712-e102-4f97-a0e0-345ffc6744cb,1a2e7ec3-4117-487d-9a7c-6793e93a46e8,Home & Kitchen,2,369.0590086,738.1180172,03/07/2023,f172dd53-ebd6-49cd-8545-3853788e142b,PayPal,Cancelled
ada3eefe-8782-4af1-b248-e4aa81a32cf0,25e1a2fe-fca6-4b43-9658-3ee89a5be3a8,Clothing,2,291.94364,583.88728,10/03/2023,eeafe5a1-d9be-4edc-9881-8b60f5eca86d,Credit Card,Pending
56866a60-0db6-4e10-9d19-9fbe6ecec552,b7c8000e-79f8-41c6-b689-d9a02fd651fa,Clothing,2,222.6082529,445.2165058,20/12/2023,8f06c738-60f9-48ff-9279-25d12da8f9b7,Credit Card,Refunded
1e0c36b0-1c2b-4ad5-a479-b0ea24fb4824,bf8cc408-2a84-476f-bba8-900c9da435eb,Sports & Outdoors,5,263.0393715,1315.196857,21/10/2023,d4ca907b-f84a-460c-9a4d-7819b166dffc,PayPal,Refunded
83747baf-e907-4db6-952d-2d8f8fa8f801,0af4a42d-7c59-4d37-8c7a-c22392574b73,Sports & Outdoors,4,116.0724429,464.2897717,19/02/2023,fec4616d-5ebc-4351-8509-430bdf9c37c4,PayPal,Refunded
46c4e6a1-2cae-445c-928f-c1cee095e578,78c2ea23-7a36-49d6-8116-ae4d3be453eb,Sports & Outdoors,2,168.6412511,337.2825022,05/12/2023,ad136301-f250-4188-983f-569e3f06a2e2,PayPal,Pending
32fa48f8-32d5-42b1-8d70-4dfd376807a0,20ddbbf2-8904-47c3-adf1-faf540956291,Clothing,3,444.6629569,1333.988871,07/08/2023,27c25d39-7088-46a2-8a83-5522b2da82c5,Debit Card,Refunded
b80f6f1d-8052-44a1-9e30-35fd58f6a77a,a9a3910b-76da-44a7-a7a8-c68d8088bcdd,Sports & Outdoors,1,134.8628158,134.8628158,17/05/2023,c1fd1416-d468-4cb2-8edb-da436fc8caa4,Credit Card,Completed
b2d24e95-17a3-4d0b-8058-b9e001a3e5c1,1935ec82-0dbc-4056-96ce-3e9aa610b66c,Electronics,3,42.20547529,126.6164259,03/04/2023,39617a0f-cace-41d7-86ac-96a2a64cd528,Gift Card,Cancelled
53725951-ab70-48ac-aaf2-a8a7632afd02,f5ccb3c6-2b12-4325-ab2b-9646bfe26d4a,Sports & Outdoors,2,351.3924842,702.7849684,12/05/2023,383ba317-d8f0-4467-ae95-cc27d08661ea,Credit Card,Refunded
542d294e-4363-4dcb-99d4-5caa30e5c9c3,33a72e34-6a7e-4003-b8f4-0dc18082d193,Clothing,4,315.4892613,1261.957045,24/05/2023,f3ac55a5-33e7-4cd1-985f-d312d4f303bf,PayPal,Completed
10ac85f0-7dfb-427c-ad48-d806a9d03aec,91f34197-85e8-4176-a0ac-76ece8c6cee2,Books,1,108.9677499,108.9677499,07/03/2023,6414d972-776c-4000-aac9-d29eed1b5602,PayPal,Cancelled
b859120e-64e9-425e-99f3-d9bec6b99fb8,c1fe9334-83aa-419a-a338-84cf8650f4ca,Home & Kitchen,4,82.33650342,329.3460137,10/03/2023,49a6c4e4-b7f8-48b8-aa07-e88f93952e6f,PayPal,Pending
5baa9049-d059-4356-a0b3-642e55c84678,d657c80d-1c6f-4076-94ce-623baf755375,Electronics,5,180.2003286,901.0016428,22/05/2023,63108c5d-0abb-42db-834f-42e66c2f2e1b,Debit Card,Pending
7493ca62-ef6b-42b4-ae50-59f279c1e0a2,2210049f-18e5-496b-b3e1-622485ac8043,Clothing,3,433.2336695,1299.701009,11/06/2023,2ce2271d-423f-4fc7-9b22-c433e90acdf0,Credit Card,Completed
a35b2d5f-9b7d-46be-9cd0-d65752ad8c8b,37343169-7805-471d-a415-684becc73054,Books,1,417.3878492,417.3878492,22/04/2023,16b3a153-a3d6-4531-b771-01e01fbcdbf0,Debit Card,Completed
2d4f214e-02ea-48d0-8347-f4ea7029798c,49a91543-2207-49a9-9e98-360d1892557a,Beauty & Health,1,35.43989837,35.43989837,12/01/2023,15432b94-de22-4dcb-879e-6c63d476a085,Debit Card,Cancelled
9b5cf603-3c7f-4283-b602-fe41920fb5c0,46559337-e8c6-4e34-845b-0feb43eed173,Home & Kitchen,1,112.2039777,112.2039777,21/02/2023,73807826-8a4c-4271-b898-c27b47a9440b,Gift Card,Refunded
187c575d-20de-4c47-8b73-dd0261190b92,e2e0a612-1e56-4da7-852a-a66c9652d306,Clothing,3,135.382676,406.1480281,26/01/2023,6c8314e0-9415-41e1-b609-1abafaeadbf2,PayPal,Completed
c0f2ef36-114d-4862-815c-c8c63f10ba5c,dc6db32b-68ef-4885-bbb1-e5dac27f618a,Sports & Outdoors,5,274.6379938,1373.189969,11/08/2023,3a8fe7ff-3683-4fc8-b77d-09a70714901c,PayPal,Refunded
3ec631ce-fa82-4f22-ad99-43ec72dee857,ec6cf0da-dfd1-4f3e-ad64-ff74d3d2e057,Clothing,4,287.4647254,1149.858902,05/09/2023,a19e5b44-3753-42fd-9ef4-8c25e90dcc05,Credit Card,Completed
7ae89600-1979-4879-be3c-fc6ee5a490bf,ff43c2d5-cdd5-4c11-8d93-8d0e3cb2344a,Clothing,3,488.2033441,1464.610032,20/01/2023,367343ed-6f08-445c-88a5-b4d6d05a18fd,PayPal,Cancelled
1a035a7d-c8dc-406f-8e56-73fe725edc9b,5f350171-1c2c-4282-bf19-28b6d8f56e4a,Books,2,338.0023073,676.0046146,15/07/2023,7d4951f0-e568-44a7-bbe0-fbae35b18da5,Gift Card,Pending
6e94576a-3994-413c-b829-0fb7ce092ea5,ba058077-36d0-486f-bd25-fd8ce27bc8c8,Sports & Outdoors,4,108.5153291,434.0613163,03/03/2023,f5ec0e9f-c2af-4be8-9dd9-db9fb68babf8,Credit Card,Refunded
7b16ddcb-e572-4cda-8454-3bd4df02da49,2f0ad09f-cc53-4798-b853-b06f2a36f59d,Clothing,4,314.5981383,1258.392553,19/01/2023,e75e4f8e-cc1c-4ce4-a77d-8e3ea05facc6,Credit Card,Completed
672ae50a-dade-4ea4-8e87-333ffe6e6188,830e02d0-9892-46c9-8bd6-6471ec1d2ea4,Books,3,396.7016364,1190.104909,25/12/2023,0a1383bf-a95c-49f9-87c2-b5423c7e0c01,Credit Card,Completed
895641b6-c67d-4d4c-bcdf-11c68cc159ca,ff8972d9-1f2a-495d-80e5-0bdb368b30b8,Beauty & Health,5,91.95179922,459.7589961,13/11/2023,0f648ac9-6db1-4771-842b-cd682c704eaf,Gift Card,Cancelled
dacf8514-011e-483c-b266-e26b01e157fc,ca5bdf6a-0394-4684-8fbf-ff7685353708,Beauty & Health,2,490.5613688,981.1227376,11/12/2023,0db938ae-5e63-45c3-99a9-2f79037b16bb,Gift Card,Refunded
9778c7f6-7ddd-4517-91c4-61222a760dd5,6767fc84-0bee-44e8-b3c1-bf392e4cd0a4,Electronics,5,77.67796792,388.3898396,06/01/2023,2e9f0601-95ee-4286-b1d8-296d09cd6c6c,Debit Card,Pending
cc7c52e5-abe0-4ac6-96c6-cd07ae83a092,df060b4e-40f0-4f68-a679-a68e4255db75,Clothing,3,246.8371747,740.5115241,29/08/2023,72b934bd-11fb-49e6-90c5-c00bb05c6631,Credit Card,Refunded
063271d1-9286-4a40-85da-19da446fd585,a13a51b0-de66-4184-a37a-7272474ddf14,Books,4,394.4774073,1577.909629,31/05/2023,571a3eda-2e9e-4d0b-806f-5d790dc3e716,Gift Card,Pending
9789ef75-7c78-4244-a8c1-26482f5a9263,3a01a8b5-c3fb-4895-9557-0af94a79ea19,Beauty & Health,2,430.47137,860.94274,12/09/2023,8ffab66b-51d9-47a2-8880-d3a213e3f02a,PayPal,Completed
4e148995-00a5-47fd-b8e4-80f35eb3d174,f2691d6e-510e-49c8-a4d9-6af35f5060ac,Electronics,1,88.83488435,88.83488435,13/05/2023,9a9d4bf3-1e5e-47a6-a0ff-9cb8fed3754e,Credit Card,Pending
48986d0a-1e8d-45ff-8ba8-0fb2439f79fa,b5aea8ae-cdad-428a-8eb0-52b46dacd3ec,Sports & Outdoors,2,24.24198587,48.48397174,07/12/2023,2c63b50c-6787-4c75-90ac-9026e3ecc0a9,Debit Card,Refunded
57a536cd-8346-439e-b65d-0aa49b855923,60b37081-79b8-47eb-8576-5c990db3213c,Beauty & Health,5,494.8557756,2474.278878,28/12/2023,d9e5c32d-bc98-46f6-9eaa-662b8c51db7c,PayPal,Refunded
c9a5ed38-f706-4521-bbf6-f236d163b184,3a8948b7-d5b4-4ea1-83b0-43f99dde69b5,Sports & Outdoors,4,178.2460128,712.9840514,05/02/2023,25901d74-68b0-4de5-b084-c2d71959aa7e,Gift Card,Completed
6c285796-c19b-43cc-a6c8-ae36a8ca1778,e812571b-1894-439a-824c-a88cd560fecb,Books,3,377.9652957,1133.895887,23/07/2023,c491d5ff-fb79-46d4-9674-011d418f6679,Credit Card,Pending
c7b91b38-5ef4-4e62-a43b-0ad30c9a2c8a,e02b1aa5-30a2-4211-ad1c-d6bc57b80439,Beauty & Health,5,187.4364344,937.182172,30/03/2023,69db864d-b2ab-4dd1-9b16-d277545a040b,Gift Card,Completed
2f414637-e7ef-490f-a3f8-d0a0bbf6ff66,76065bf6-1566-4c86-8634-aa931e06bfb0,Electronics,2,100.8740816,201.7481632,21/11/2023,cbdd3313-8696-4f5c-b4e8-682d3d58d13c,Gift Card,Pending
fd5d6ec2-be16-47aa-b31b-bb2ceebcfc30,f4f651df-02c7-4153-922e-eaea8c64a267,Books,5,93.35144344,466.7572172,20/07/2023,fd2aa30c-3d75-4a02-9d80-ec9b103da040,Gift Card,Completed
c0a63188-8fd9-492d-9615-405fc5d93938,dfcb8406-c9e5-4ab2-8d99-f3261a19ac6c,Beauty & Health,3,420.0278443,1260.083533,28/12/2023,c19eba3e-4d6a-4e27-b047-51d8705f4bf9,PayPal,Completed
fc39cc3f-3957-4174-a5e0-587664ffe5ba,332c92a5-57f9-4887-aba8-b607c07e5e58,Sports & Outdoors,1,422.0622029,422.0622029,11/07/2023,be796424-8537-4d55-ab40-acefeb6f57f8,PayPal,Pending
94c32b70-c826-4ed5-9c13-8de2079f2bd3,f0a4565a-428d-4160-9db5-71d9783b6eb7,Clothing,4,360.3266589,1441.306636,23/12/2023,69a1f3a8-5774-4531-bb3b-49d616efef24,Gift Card,Cancelled
b0a7e0da-444c-4071-9fd5-ab46eef30302,e0eb75d0-fa96-4975-8bf7-6d7021a06941,Home & Kitchen,5,14.17693055,70.88465273,28/10/2023,18f22ef5-0290-46f5-beff-6f2e470e29df,Gift Card,Pending
fa62e274-c5b7-4322-90bd-ac2ac43c2641,f836cb5c-7c01-4064-b9ad-61b18d3be9f5,Electronics,2,279.0905442,558.1810883,15/01/2023,6c5de615-e5d5-4313-9d17-ec6997ed57d7,Gift Card,Pending
3472032e-d8d2-4480-8ba5-fc78d03948b8,c792673a-a80b-42be-9f64-5ed3a8d1b454,Books,1,47.80020097,47.80020097,27/03/2023,7c42a292-0b78-45d7-b3b3-110415004db9,Debit Card,Completed
0dac5e94-682d-4ea5-ac62-0bc1a7ba9f31,41a2e33f-be97-4866-ad80-de5f1138dace,Sports & Outdoors,4,270.7739399,1083.09576,05/07/2023,3d62087f-bd75-483d-a6df-16f36bd34c96,Debit Card,Pending
4d536e78-5632-4b2b-a209-6f673243a2f6,10be42a6-cf81-426f-a240-661c3db486d3,Beauty & Health,5,203.4855626,1017.427813,31/01/2023,255237f1-cf16-4b68-ab2e-bde7be198954,Credit Card,Completed
54e5ba77-b36c-4971-a860-a5fc2ecd197c,3df234ea-da6a-4ec0-8d59-e35a34a4307e,Clothing,1,280.2299924,280.2299924,26/03/2023,abd443c7-d811-40d5-9e60-f55fcebda6dd,Debit Card,Refunded
75cdb9d6-cd9b-472b-839e-498cf067f4d0,23367458-61dd-44c6-857c-3dd3018f52e4,Electronics,2,91.27167179,182.5433436,23/03/2023,568a65d4-623e-4a03-af38-dbafc480b11c,Gift Card,Pending
0086f42b-6e6f-4e3b-9c06-378ee8d874b5,ff650cfb-644c-4e0a-87e1-9ab8eee15f31,Home & Kitchen,1,64.48928648,64.48928648,05/12/2023,b02285df-dd58-4ac6-b624-d69266ed2c72,Credit Card,Completed
1c918a94-d617-4805-b896-790ee54a21c1,582ba271-a1d4-454d-8951-523314c2a368,Books,2,109.0430137,218.0860275,10/03/2023,37dd78ca-860d-4458-a22b-35b974ae28ef,Credit Card,Completed
d6daeae2-4b17-4d68-88d9-06411a1cd165,e6b611b2-17b4-4945-8e2f-af3f7108c195,Books,2,157.5465042,315.0930083,04/02/2023,c9e2eff6-3d33-401f-884f-1f528a44529d,Credit Card,Pending
ddf46f7b-592e-476d-a739-3b494f4744fe,7f5d3dfd-658f-40c4-9113-8774d81513fe,Sports & Outdoors,3,183.1849639,549.5548917,30/10/2023,7896ecc9-85df-4eef-ba36-728d675f33bf,Gift Card,Refunded
f761aa94-fac3-4b08-924a-af8c4b6c166c,cc90f322-7dcd-47d1-b9e1-7b21408ca9b7,Electronics,2,414.5729602,829.1459203,07/01/2023,e1fc3471-e68f-438f-b06b-6eba4ee92c2b,Gift Card,Completed
325d3b8c-74ed-40b7-93c6-093d817ccb68,da32a54d-ec19-4e65-bc8d-8dfb22cbee5e,Beauty & Health,1,492.7917834,492.7917834,09/03/2023,5f83d830-9944-406e-87ab-f86f96a763a5,Debit Card,Pending
96ef2f56-6c5d-40f8-99b2-c988bc96899a,445bfd93-ea45-4f76-82a6-47c0888cc206,Home & Kitchen,2,332.7327581,665.4655163,17/02/2023,b29b66d3-7109-4f5e-bf17-5c08b80dbe9c,Debit Card,Cancelled
63a2cad0-9b88-41c4-817f-62d0a489bfc3,c829d231-4683-491e-a626-fa72df8216b3,Clothing,3,437.7337643,1313.201293,13/02/2023,2f46d5f3-80df-44b1-9da9-1a1d1943f74f,Credit Card,Refunded
999ce60a-546e-4264-af67-d5f42e91a35e,203912f1-ff0e-4eca-91ba-f2846751b278,Clothing,1,451.3300434,451.3300434,17/05/2023,da5b17bb-cfe4-40d2-9403-2d1f84b6e4de,PayPal,Refunded
f88d123f-e87c-4eb1-bbe2-96708b8ebf08,d7518a58-6ee0-4d3d-b781-f8aae726c7fa,Books,3,434.8254455,1304.476336,21/03/2023,4bb654fc-7578-4d73-a3eb-a41a20b5cc5e,PayPal,Cancelled
ab6c7368-abd8-4097-81e3-5ea19c04aa3d,e11f27f9-007a-4f9e-95b4-e081adc23700,Beauty & Health,1,295.1852927,295.1852927,03/09/2023,2f1df65e-e68c-4df2-b77e-fc3c94b1759e,PayPal,Cancelled
372670a9-cdc9-4ab4-a33d-6c62d296fb8e,145c95ad-cc45-4378-9811-663e76b39c5e,Clothing,1,51.73072082,51.73072082,27/01/2023,0ecda570-1d02-4c4c-b660-9099dda62e79,Debit Card,Pending
8f3d76ff-9ea2-4439-b6ac-d3c90648b58e,9d005194-6b95-4321-a8b1-f8fb55b82e1d,Home & Kitchen,1,352.8801653,352.8801653,10/09/2023,95e81e78-ace8-439d-a364-b3d57579de0d,Gift Card,Cancelled
561364df-8e78-4b5f-9090-806a74b354ca,a8646ade-3da8-4547-8173-23773917b275,Books,1,154.4926153,154.4926153,06/07/2023,80955b51-7da5-4ad9-bd2d-8f0046481fa8,Credit Card,Pending
fc1b4b00-b658-49a8-9985-f0678209943b,cdb8de52-119d-43dc-996a-2a5ee7c22eba,Sports & Outdoors,3,401.8738284,1205.621485,16/04/2023,52991e35-9e08-4006-925a-8df5dc49d27d,Debit Card,Completed
653f86d2-f4b9-4b40-9c8e-6564577656cc,7240947a-6998-46b4-8839-2f3bbbe04d0a,Clothing,3,338.4137776,1015.241333,26/11/2023,617aa898-5dee-4e50-9032-5b5f86f5aaa3,PayPal,Completed
134a95f8-c9e3-4577-9164-a7c9c3efa2e4,58c772f3-03e0-44bc-b5b5-cfcb9b082f69,Electronics,4,222.5436472,890.1745888,18/05/2023,3b260d5f-1627-4137-b71c-2787a363d249,PayPal,Completed
86cb355e-1c77-4f9e-afe2-36228e60ac0d,5204ca3c-ba53-4250-bbd8-d26b2b022beb,Electronics,3,330.9866602,992.9599805,14/03/2023,1885c8e2-f148-4adf-9dfe-bb053bd75f2c,PayPal,Pending
741333ac-8462-40ba-8814-fafdaad9ad00,8a278c79-186d-4413-8a4e-26b6bd5043cd,Clothing,4,50.96506137,203.8602455,12/06/2023,36b82e05-2307-4b9c-96cd-dadee05487b6,Debit Card,Refunded
b99e4a2a-562d-4ceb-a558-12716d97124a,2b09cdbb-5f17-4d36-839e-8cbc656b2024,Beauty & Health,1,210.6628252,210.6628252,19/02/2023,d1640569-b314-43b8-8b3e-cfae18479664,Gift Card,Completed
832fd95a-8360-4000-af63-0d29dd771750,14f4c714-939e-4200-ba39-5a2f232572bd,Clothing,4,259.0120861,1036.048345,04/04/2023,821f1ce0-382e-4cd6-b391-8f049c2beda5,PayPal,Refunded
f7ba2df3-d059-4447-b900-86fcf66161e7,35c261d0-e133-4b02-ad1e-9b30321fe561,Sports & Outdoors,2,263.9917237,527.9834473,09/11/2023,a1a03d37-9b8d-4f8a-a1da-6e11596a786e,Gift Card,Pending
dbbba4cd-2fd7-4445-aa28-aea4f79fbba5,06a8c161-3771-4a56-bc82-672b2180d006,Books,3,419.3067056,1257.920117,30/04/2023,cfe91626-2906-4cb5-806b-ed1f8acd8236,PayPal,Completed
8181088e-b2d4-466d-9b93-50c6aa4cb03d,262638ad-260d-430e-bd1c-495747555e70,Sports & Outdoors,2,419.3933943,838.7867887,28/05/2023,807d7f67-89d4-404a-b36c-3cb8a67cbd80,PayPal,Cancelled
7e61bdc6-8b74-43b1-b630-4065ba2d1bb2,d57fa377-dd0a-4794-9c2f-c0ecc50d4c23,Sports & Outdoors,1,447.9971482,447.9971482,27/07/2023,3cc14edc-0ad2-47fc-95e7-c8f8eab1014b,Debit Card,Completed
c1d3e8b3-d249-4c91-9981-1663548b2f58,6aac5d99-8d06-453f-b0c6-eab2b12d8b00,Electronics,3,244.4767103,733.4301308,17/04/2023,d90d436f-2f54-4152-b4ac-e35641e98d83,Gift Card,Refunded
8cb0ecbe-eed8-4989-91d8-f0130d7f6cf0,ba77dce3-650b-4197-ab33-c934f86ef354,Electronics,2,449.1384489,898.2768978,09/03/2023,69ff6c05-9e65-46d7-ba34-0873dd8064ee,Gift Card,Pending
a63f4032-2b83-44ed-8b70-00236c4ea5b8,50d34081-92fd-4ec0-a2c6-488e6ff8e756,Home & Kitchen,1,33.3768342,33.3768342,16/12/2023,211fc118-4431-4935-a503-7a3c9d36698b,Debit Card,Cancelled
e83acb79-b549-4d36-870c-07c4e92b01fa,3866713a-9adb-4367-9c15-ce42c516f437,Books,2,139.9225018,279.8450037,21/02/2023,aadd6d49-be22-4911-93a7-bf8a2c9bb43e,Debit Card,Cancelled
5ade65ec-935d-483e-a4a1-9bb4b289dccb,cf95d125-4c2a-4203-ae27-5230a762d371,Sports & Outdoors,4,172.5632953,690.2531814,27/06/2023,c5b278aa-18fb-4647-9049-0daeb8fc1795,Gift Card,Cancelled
ff6d6b3b-0f35-42f0-bb1d-ba31009b12e2,6e984530-014a-4706-9666-0a39f666294e,Books,5,193.1017304,965.508652,11/03/2023,ce70dbd0-2d71-42cc-9bf7-b606bdd8dc3a,Credit Card,Completed
300f7fc9-df6f-4e96-aa88-a9e51b9f4417,ed0cd483-57ff-49e5-bcea-8454aca36277,Sports & Outdoors,4,386.0534127,1544.213651,20/05/2023,c641bfb9-25ea-42b1-bc3c-a82d9de587a1,Gift Card,Completed
c0e27aab-7e18-46fa-b116-16fd66594dc7,78c72ef1-9c16-46bd-800e-ec6012f2fe88,Sports & Outdoors,2,305.649044,611.2980879,26/01/2023,342bb829-b908-40f1-86c4-a31ef1c86208,Debit Card,Completed
dfaddd22-4c17-42c1-b42a-db19bbeb5ac0,45743adb-e61a-4fa9-962d-2b8c8eed1420,Clothing,1,145.0139278,145.0139278,01/08/2023,49345379-8976-420d-90d1-3f5ac2c564da,Gift Card,Cancelled
09cbd375-7c84-4cfd-a971-4f911539cda5,5fe5d053-2941-4f40-9a72-310212f31c62,Sports & Outdoors,2,26.21502043,52.43004086,06/01/2023,5fa75438-22bc-4e8a-9745-48a2fb134f5d,Gift Card,Pending
d11a8d27-b382-4e15-8aa8-718b6829067f,10eb9602-bd99-4806-802e-ccffcff99dd4,Clothing,4,322.2123996,1288.849598,15/07/2023,e1c87886-f4b8-44b2-b8f6-a8002be4b6b6,Gift Card,Pending
ef579fd6-8618-4df8-ad0d-e3a72d98d1e5,3dcdba9e-d679-437c-9103-d04f975f5be1,Sports & Outdoors,4,119.6593289,478.6373155,01/02/2023,6df52b25-efd5-4fd5-9612-b3e13c1bc3fc,Debit Card,Cancelled
57cabbc3-ecef-4e7b-b76b-b808423da6d2,74da7c81-bdf9-428d-95b4-7b83830c8565,Sports & Outdoors,5,309.4247225,1547.123612,26/09/2023,0d304446-e474-44be-a27f-686620c885a4,Gift Card,Completed
3c8d1754-cfad-44e8-af97-b69990251dec,2654266d-e5cf-4d45-a110-c5a80b501209,Books,1,216.1543195,216.1543195,31/08/2023,63894639-7478-4a83-92ca-b74a6334efec,PayPal,Completed
76943afa-b18c-4519-996d-6fac40d3d26b,c19b9707-7d00-45fe-8f79-4e65d57ebe8a,Books,1,426.7091342,426.7091342,12/02/2023,65d9bc4d-5c93-4cd7-b610-ce6d474901a2,Debit Card,Refunded
73a28556-5f69-48f4-a21b-5dad0483e833,8dbc3aee-ad93-4c76-9e77-6dfcddf47a4c,Books,1,393.735313,393.735313,23/12/2023,649cb96a-ad77-47f0-a5e7-666539eb2756,Gift Card,Completed
65400940-acbf-41cf-af17-89a2f2e2deaa,3e3d99a4-d4ae-4e58-85f2-de87ad3f1c34,Sports & Outdoors,5,231.6237273,1158.118636,10/12/2023,52e31bb1-c200-4fb6-8fe9-8a613a6237e9,Debit Card,Refunded
9e0385d0-1672-45e2-b556-b620ae62669e,60b25e44-a956-4f8b-9f85-29c909e8b44a,Electronics,3,349.1255787,1047.376736,07/05/2023,54c1df0b-6d0c-4557-af61-c7507efdc978,Debit Card,Refunded
dd669993-c6ce-437c-9bd2-7d01b10eede4,895312ab-b915-4b93-a467-fe7a43674d41,Sports & Outdoors,5,171.3769298,856.8846489,12/08/2023,275c7efe-2f04-4639-bb58-e4db59329512,Gift Card,Cancelled
408c0374-d638-4a69-b7d5-ae98e253fc64,934149a6-02b8-4e65-9308-829dcfa68679,Clothing,3,429.6454379,1288.936314,01/11/2023,0a6e09a2-8cd7-42f9-9aef-754abaa53f58,Debit Card,Completed
69215a9a-22aa-48c8-9b11-09837c7c29e3,cb1fad0e-4877-4b5f-897b-782ab9732322,Sports & Outdoors,2,487.8809738,975.7619476,17/11/2023,2611ed08-a52c-4b15-b196-470a4a684525,PayPal,Refunded
1124c435-7d12-44c6-af0e-e0604d1dd4fa,22462308-e7fb-46ea-a951-9bd0717eb70d,Books,5,269.6098083,1348.049041,20/11/2023,cc589b7d-bf4b-488c-a0b0-aca688a4208a,Debit Card,Pending
08541057-e7c5-431f-8385-b4df34571553,94ba7743-e8d5-4eb0-9061-f8975ef58aff,Electronics,1,164.8535696,164.8535696,12/08/2023,f2998260-45b9-4d98-8e86-1efcf6cc6024,Gift Card,Cancelled
2efcbe56-8fe8-46d7-9fbd-4d9829a34191,bf527086-213e-43ad-b8b1-d4047115b7ea,Clothing,2,431.8708666,863.7417331,10/09/2023,4e51cfe3-6dd2-48e1-8dde-05f799a5c977,Debit Card,Cancelled
5deb2af2-7157-4f23-8d58-29b168286c4e,0817c3e9-6477-448f-91e3-da2b2dfac7d1,Beauty & Health,1,105.4097169,105.4097169,23/11/2023,be07209f-5172-4a02-a7c6-983e28c1a85d,Gift Card,Cancelled
d6ae179f-6f1e-4e2a-b691-3ebc8d3c63b3,d7df0316-249d-4be5-a824-eebe43e8afdb,Sports & Outdoors,3,446.559856,1339.679568,03/12/2023,83f08089-3bfd-48cf-81d6-1496f1c23eb8,PayPal,Pending
13c45646-099a-46ae-a3f3-8fafab135409,12a517cd-9b7c-485c-baee-f51b93142aa9,Home & Kitchen,1,402.5306115,402.5306115,15/04/2023,1cf55486-cfbb-4376-a019-73badbe7296f,Debit Card,Completed
5a3a4658-c11e-400b-8488-b23660c0c7a4,6b045147-3d11-409a-b010-dde726f79a1a,Books,2,193.144028,386.288056,09/06/2023,e47af97c-9875-434b-be53-0045faa50c8a,Credit Card,Pending
b1a1a6d3-b295-477a-b305-a9dd916def8a,8e6aeca8-c89b-4638-96b5-322138938049,Electronics,5,387.5062269,1937.531135,22/01/2023,f4f0e771-ac4c-4f1c-9ff6-1ff5c58e9649,Credit Card,Cancelled
22bd48e7-95c8-46b9-9f1d-7eed9899dafc,9e407790-e86f-49ec-bf61-4eec51ae33c5,Home & Kitchen,1,104.7865174,104.7865174,26/06/2023,6af20268-896d-48a1-8dd7-498036d4b021,Debit Card,Refunded
0b31b2c7-03fe-497f-9556-8838ccf06b5b,1e364643-24b4-401c-aeca-b50a1f2e665c,Sports & Outdoors,4,20.41711165,81.66844661,14/10/2023,5a717a13-eba0-4f8f-a623-fb2de70c54ef,PayPal,Refunded
59558a39-29cc-4bad-ac22-709420a985f7,6c924d3a-c2e3-408c-a7ca-e59960408812,Beauty & Health,3,218.3810243,655.1430729,21/08/2023,846bd5ed-6e8d-4b2e-b237-70714cead293,Gift Card,Pending
4fbcc944-5fff-40c5-b047-399df9583185,78f64b1a-35c5-4b29-872c-d2c5f7d5d83c,Clothing,1,188.8320225,188.8320225,14/10/2023,c255ac55-a7ce-44c0-b8b7-976f0e1bd8b5,PayPal,Completed
f68e3a6d-f040-4779-b8d1-a37914374a08,c90aefbd-782d-4e68-8fcc-6f37ec3dd009,Sports & Outdoors,2,16.48101182,32.96202364,15/03/2023,88c71812-a71b-4487-9702-c2bd0f2a0885,PayPal,Completed
6e7ee78e-51cf-48d1-bacc-db8ee4ca01d7,5ca7a34a-4c5b-4303-9c2d-11c68db05430,Sports & Outdoors,5,479.5879717,2397.939859,28/08/2023,71f41692-f3c5-4b2d-a8c1-0d5e826c8cfc,Gift Card,Pending
4a134c60-4b38-4ee1-b275-90020390a19c,51e51331-4cd1-40e9-bd26-a9b7d27875d9,Books,5,434.1710022,2170.855011,03/04/2023,eef8b5c4-c65f-4748-89ba-fc0d693f2a1b,Credit Card,Pending
e09dddce-11d5-4062-ba0d-252afeaa35d2,0d54de22-5b9e-4b00-a290-7231153d9942,Electronics,1,93.80272407,93.80272407,05/10/2023,20b4175d-1801-4e3a-8aa9-25e8c999f5d7,Gift Card,Completed
4e085c22-38ae-40f8-a89f-40d12d95c3bc,eb99e828-4c2b-41aa-a82d-fd54dc2b16d6,Electronics,3,190.2605882,570.7817645,03/09/2023,78f2d599-e153-40b8-bbf1-f02525a8361f,Debit Card,Refunded
76bcc10f-1112-44ea-bd20-6085a67221e7,ce6fbfab-9d3b-4ee5-b282-fa1f285438d7,Sports & Outdoors,4,63.21606829,252.8642732,02/08/2023,1eeabb01-b0d7-41e4-8e52-5b978872aa64,Credit Card,Cancelled
f2f950b9-5bab-40a0-8747-843bc2a28517,1cb8c5f8-7f2d-4b21-91b6-68cdf776b302,Sports & Outdoors,3,64.40407566,193.212227,22/11/2023,58a70ce7-11a7-4de4-b41b-3acb750f52aa,Gift Card,Refunded
d9c49a72-f17e-4507-a534-a6efc027b00d,b9ce274d-159a-4a15-a904-d903b0384cdf,Clothing,3,410.8508168,1232.55245,22/04/2023,685fd44d-c49a-4cbe-942a-41c502c9a194,Credit Card,Refunded
2843193e-ee80-4261-971b-4dfe943e5bb2,fd81e980-32ce-4009-886f-41834f57d858,Electronics,1,117.7210296,117.7210296,16/07/2023,25940754-b02c-460d-942b-667766ced5d6,Gift Card,Cancelled
9889c0f4-157b-4f70-befd-6825bca4b0f4,e9b8557f-b2bf-4a41-82a4-71a297ba241c,Sports & Outdoors,5,244.8052405,1224.026203,08/07/2023,df22ad43-7a3d-4b1b-9c78-ad9712014169,PayPal,Pending
6a8b4f51-9d39-4f9a-b04f-1d22a2f60792,64e6425c-759c-4e6a-9b09-8d3b10efcff2,Beauty & Health,5,436.6831426,2183.415713,06/11/2023,2d034936-aafe-44a3-a233-c4442add5311,Debit Card,Cancelled
872633f4-9a7a-47dc-abef-03979901827c,6e0230ad-875d-4061-8a98-124fc9dfb5ce,Clothing,2,485.8064924,971.6129848,05/03/2023,582ac69c-b977-4cc0-b6c7-4ccedecf41ed,Credit Card,Pending
538a2882-737f-413c-b963-72c16cf7dc12,47871966-c328-48d6-abcd-a03d4050c8e6,Sports & Outdoors,4,144.6777985,578.7111941,17/08/2023,75d02fb7-fac1-441e-8a3a-93b1fec337b3,Gift Card,Pending
608d4abb-6ee3-4d41-b0b5-e598dbe814f4,e933fd15-fb3b-4ffd-a6d3-329af4299e04,Home & Kitchen,4,93.89689232,375.5875693,14/01/2023,e3474246-0d53-42e7-b6f0-da1461662178,PayPal,Cancelled
8189db7c-243f-4e75-b019-53b5f08ffb4e,31df9283-c230-46ea-98bd-d882c59194f8,Home & Kitchen,3,499.322499,1497.967497,21/05/2023,97719fb0-f72c-4075-a8de-fa1646b9651f,Credit Card,Completed
a86280c5-6462-4157-bfc8-7051b1822414,95fea2f1-659c-427e-bf37-541d388cc7a5,Clothing,1,313.0416094,313.0416094,17/08/2023,7cdf94f1-ede0-498a-a599-2f6859f3667a,PayPal,Cancelled
2802cb6d-9a83-4233-861c-e696012bf6b0,53fc7d98-d23a-45e5-9c7c-156bec49816f,Home & Kitchen,1,48.04034731,48.04034731,07/05/2023,c8430e53-9cb8-4c4f-8619-57d21d2abf64,PayPal,Refunded
b5d953e6-8fee-4260-8d0f-06b8f133f441,cda19d0e-9600-420c-b879-0f65ca50e1f7,Sports & Outdoors,2,282.7704215,565.540843,12/05/2023,32cd20f5-6d4b-4c19-aa2a-66d878d17239,Gift Card,Pending
9ddef147-9d76-4c10-88c3-71f5b7fab38f,f4b7f764-fe76-4ce7-a51a-9fbc20e24105,Beauty & Health,3,185.6015527,556.8046581,09/07/2023,00231bf9-671c-4cf1-a398-3a3868de3df5,PayPal,Completed
ac4cb639-89bc-4802-a891-90c5e2def072,87d0b807-8b08-4024-b663-734492e0f6b4,Home & Kitchen,1,102.5469404,102.5469404,28/04/2023,1b86c013-9e50-4e21-bcd2-06f6b87b8b1d,PayPal,Completed
e0fb8d4c-8f68-4c82-afc6-b38cf0018a4f,b5521c3d-7dfe-4aea-87de-0d8192af7ad3,Electronics,1,336.828869,336.828869,23/03/2023,3a7df872-bb48-46c9-a811-a1b65b39ea16,Debit Card,Refunded
0111c21e-0c2c-4138-9a42-7cf9ae3776e4,af470d66-55a6-4072-ba5f-e8fc82888383,Electronics,4,461.1823868,1844.729547,29/12/2023,3389f742-c398-4ff3-b241-4a130ea61174,Credit Card,Completed
4a42b0a4-1af2-4367-abc7-ea9d6a4dceb0,4fe59a8d-8732-4ea3-9ad8-10b05cf1d8ca,Electronics,4,193.3136015,773.2544061,10/06/2023,1d6edabf-8fb7-42e2-80ac-1f1dc1888a51,PayPal,Completed
d3006008-05a3-43a5-be22-576fd14577a0,ec33a565-b7c4-4b16-a729-5ee7aa1ff80d,Clothing,4,372.5235609,1490.094243,21/04/2023,00196556-73c8-4234-b4b2-b1bcc17dca11,Gift Card,Completed
a415d125-562a-4b5a-9a32-d6b5c36c4da4,c93047db-7a44-486a-998c-b42b479c45c1,Books,4,224.2955794,897.1823176,13/01/2023,7e5ee219-39e9-47e7-afd6-13a5ddfa6689,Debit Card,Pending
dfe8684a-b481-4d0b-b710-93218eed437b,79e1b5fd-c834-473b-8f3c-ada837287d5d,Home & Kitchen,4,286.8950717,1147.580287,13/08/2023,f90f202f-9322-441b-a990-96ccc76d1d07,PayPal,Cancelled
76fe0d74-2a43-471a-92c2-011f0409a7fc,b273be07-4615-40db-95ba-73883de982c9,Electronics,1,362.7918928,362.7918928,09/01/2023,ba8033c9-a62d-40c9-abd7-01bd6f9ef2f6,Debit Card,Cancelled
d8d2f7fd-7e10-4cc7-9bb5-bb87437dea67,4fe44d69-8ddf-449d-aab5-1989a722c493,Electronics,3,459.1524451,1377.457335,16/10/2023,04fdb71e-f013-4faf-83b4-638aac009c4a,PayPal,Cancelled
acab467e-fc8d-40b6-ab93-416d29eb6b0f,023cb9ea-b402-4944-b294-f98ac860055c,Sports & Outdoors,2,320.8249905,641.6499809,12/05/2023,dbf5aaa8-9b45-49f2-90c5-0ebec50b84fb,Credit Card,Completed
2f711f80-a5bc-486c-965d-e979bd8c9acb,16cbe6ba-43a8-4bda-9d48-87ef9599f5e5,Clothing,1,182.5042483,182.5042483,20/12/2023,340011f4-87ca-4efe-b2a5-bb7b2afd8829,Gift Card,Cancelled
8eaf1689-6975-4aa1-b996-01d1536ae8c4,ca0c9e20-a87a-47cc-aa39-48c9c16f163c,Home & Kitchen,1,212.9828849,212.9828849,27/08/2023,754be15a-8443-48e3-a92a-8f8e0fe8d5be,Credit Card,Cancelled
4218266e-5946-4420-8e3f-81854c0ae1f2,356ff35a-f988-4eb7-ac82-51054a7ca6a6,Clothing,5,247.8374102,1239.187051,11/09/2023,dd4e05a6-8610-4042-a691-5d1b7b26c683,PayPal,Cancelled
06336ae5-b29c-4fc4-8cea-b3cb7a4e81d1,d74bca6a-61b0-4180-a6a6-2a48fa58224e,Beauty & Health,5,15.991236,79.95618,28/04/2023,df0b2440-626a-4ce9-baed-84cf3809f456,Credit Card,Cancelled
c3a185de-e609-41ba-bf38-7dc0c2d8963e,03863521-cb3d-4282-bad7-880ce17f2cef,Sports & Outdoors,3,419.6434926,1258.930478,15/02/2023,482d8a36-1ee9-438b-9e1c-464954cefca6,PayPal,Completed
08ef542c-236c-4359-a7ad-2fb3e792615b,398da3f3-199d-4820-9db1-0b7c6219336f,Electronics,4,238.52768,954.1107199,10/09/2023,8c317536-723f-4366-a0c8-45d6b6fdf13f,Debit Card,Pending
209d806e-f039-4422-9846-7ff24ef1c117,cd1a3ed9-b00d-43f8-94bb-453c6053395d,Clothing,2,261.6461805,523.292361,07/07/2023,87d18efa-af37-4503-aa48-7ea125a3ff31,PayPal,Completed
ac1f7a35-f874-45a5-bf9d-f68af984d629,64615aff-e268-4dc8-ae76-237ee02e6b2d,Clothing,4,139.3802964,557.5211858,16/05/2023,8aac95c9-e654-4947-ad55-fb5d5b07599e,Debit Card,Pending
0a685422-4c20-4794-925f-4a3450953f5a,2baa3907-4d6c-49e4-a116-611df0c111bb,Clothing,5,89.4369534,447.184767,18/12/2023,0b7b1463-798d-4646-9bb0-0126208093f1,PayPal,Completed
f6300401-9dc0-4378-b54c-6c44814a3245,5a0d6738-2f27-4901-beb1-5fa6ea05dffb,Clothing,4,319.2406035,1276.962414,17/12/2023,ca02a2b1-d7b0-4f8b-aeba-6bfd3e861692,Credit Card,Pending
76d998f1-2490-4df6-8ecd-b45aa91d7c59,71e753f7-93c0-4f74-bf37-167986fcadf3,Sports & Outdoors,5,91.73058067,458.6529033,17/11/2023,eeacc85c-1eeb-4758-bb83-5a540f19f403,Debit Card,Cancelled
0ed1a1bc-d1be-4b0b-9f67-40abd780b7d1,1d941c29-95ca-4249-93f4-e36c0ce66c90,Books,3,84.45692368,253.370771,11/06/2023,6aa55329-fb40-4ccc-857f-252cabd6e3fa,Debit Card,Cancelled
49e943ad-ebbf-4433-86c4-05d48a680d69,4899c31e-e0a6-4462-86c6-409522bbf92f,Electronics,5,498.8899643,2494.449821,14/09/2023,d7b55ae9-b171-4f5b-ba34-047980787cc6,Gift Card,Completed
9349bf06-58e9-450f-a17e-29446fbbdbf2,4c4f8e1b-1e44-42d1-91a1-b7feddd45005,Books,4,338.4893485,1353.957394,14/02/2023,e7616e85-16c1-4652-9513-2a4131ed83ab,Gift Card,Completed
85b21add-5ccd-449e-a1f3-2fde11fde8f5,5ea3ae29-5925-4f61-8e06-ba7a22048469,Beauty & Health,5,313.5929258,1567.964629,24/01/2023,b8c186c7-f805-44c9-95a7-865b6863de26,Debit Card,Pending
d771a7d2-3f3a-4c64-a597-6af8cd5c703e,32341135-6f39-4632-ab85-8b7ff07bd5e2,Beauty & Health,1,121.5411727,121.5411727,23/03/2023,e9a4e7f8-acca-4824-bd77-1ddf160c7ed3,Debit Card,Pending
01ff46b3-92f6-45a4-9bb9-7c49dbcf8c35,9805f012-9620-47a1-9ff1-d923ead084cb,Sports & Outdoors,5,413.1942738,2065.971369,22/12/2023,bc8d0a18-3c19-423b-acf3-9b7b3dfcfce9,Debit Card,Pending
af0f93c2-81bd-4904-9236-7ee8ffdc9e17,e29deb75-5e0d-4d50-a128-adcffced242e,Books,5,16.63189173,83.15945866,06/11/2023,594bc68f-00af-4bf2-bfd3-363d3b3b8e01,Credit Card,Completed
1a9acf94-1eaa-462a-ba2f-4c78d034f80a,8f2c8d67-a6f7-4bc1-8bb2-0927b568c7fa,Sports & Outdoors,1,41.75100934,41.75100934,27/07/2023,378672a4-9131-4136-9d12-23a00cbc05a4,Gift Card,Completed
bb285157-a43f-4d77-be87-aace3a1ecb35,271f65d2-256c-471a-aacd-28f110728c72,Beauty & Health,5,292.9426303,1464.713152,13/05/2023,06c63d15-7659-4d41-b0bd-779706f91656,Gift Card,Cancelled
630d4baf-bed8-4718-b48f-3c569811eb0f,7bea6261-9361-4c55-840e-4c09a95de605,Beauty & Health,2,201.7757297,403.5514594,12/08/2023,dace82a4-c400-4a8f-ad75-4c9490aa59fc,PayPal,Pending
d2a31d59-3799-4c38-b9e5-b967d689d766,56543002-96fb-4530-b2eb-c43c671ad05f,Clothing,5,60.17103335,300.8551667,25/11/2023,eb8cf688-f531-4d4b-b367-cc191625ca48,Credit Card,Completed
4b3579f8-5828-4dbf-8900-bb775c70642b,4eea68b7-0af9-4e55-91c1-37f999410db6,Sports & Outdoors,5,345.5450229,1727.725114,07/07/2023,38406e5a-0eac-4b00-adf4-c01eb6cbdeae,Credit Card,Refunded
d38d4119-3c80-4d38-9484-bda46dfc2bde,f988a390-314b-4fe4-92f4-b148738d4071,Sports & Outdoors,4,444.9124323,1779.649729,17/04/2023,d6546818-6e03-4325-a8f6-c0ec1aafacd2,PayPal,Cancelled
11d44132-0be9-4bec-afde-a3ed52ee053d,dd275173-e8b9-4006-ad25-b8446d8e8555,Beauty & Health,4,102.5512974,410.2051896,06/11/2023,aa15f492-7ba8-4467-b1d8-9571b1766ec7,Debit Card,Cancelled
632e68e1-4837-4c36-93d6-6b0ee63393e0,16b97edd-a37f-43ad-95ef-13674262e33c,Books,2,441.78273,883.56546,19/01/2023,32c8288f-eac3-4e03-a052-2d3cfd773c9f,Debit Card,Refunded
af8b9782-3c41-4496-bffb-438d872ee87b,99dfc6b0-f633-4859-85db-1e5ee29ef507,Clothing,2,219.1447302,438.2894605,30/09/2023,b7d623ef-8a67-430a-9285-61a7a449323b,PayPal,Cancelled
15f61851-0c46-4a79-a23e-faf3a6f7d7e5,574becf9-e9b0-442f-936e-8a7dbdf21d02,Sports & Outdoors,4,104.5774,418.3095998,24/07/2023,343af2ad-4091-4a0b-bf08-17d85a56fa73,Credit Card,Completed
f95ff2cc-8f64-4c04-b00f-84951f78fd26,e211798b-af94-4046-afc7-70654a2d3c1e,Electronics,3,95.83962342,287.5188703,03/01/2023,f7817ce1-09b9-40c2-a77d-991072ce8d68,Credit Card,Pending
f680e343-7e71-4851-8ea5-14de01be25f3,a6bbf496-0969-4c76-9ea1-3390bd4e18b7,Electronics,4,467.1253904,1868.501562,19/05/2023,b6326ebf-990c-4953-9324-9ce4d027aa1b,PayPal,Completed
10ce4fb2-00d6-41b5-82b7-87651da7474a,284c8f46-72bc-4efc-a4e9-45781a0ec033,Electronics,5,481.5178311,2407.589155,25/02/2023,b757e571-1374-4ef0-af93-4334aa9b2572,Credit Card,Pending
f08b6925-9296-402c-976a-9aef2d404260,412bc6a9-00c6-4730-8a88-d97df255a87d,Sports & Outdoors,3,154.7068334,464.1205001,14/02/2023,b2712367-0561-4504-8983-a0ad1b3b3d8d,Credit Card,Pending
1262cad8-65df-4101-9eaf-68098e64e5cf,17dd7093-819d-4ea7-bf45-cd2f5c242993,Books,3,121.7229144,365.1687431,16/04/2023,c1ca77e6-24a5-46b8-aa5d-13f6b3256ec8,Debit Card,Pending
d5e90c36-5c03-4a88-9756-27122240e3ea,b1f1f858-fec4-478b-af7d-b7788313e5ca,Clothing,3,358.924705,1076.774115,07/01/2023,c8f9ae49-f69d-49eb-b2dd-9c71003c7559,Credit Card,Pending
0c87b008-a8e8-4923-b078-a2dc01e39e53,c52131fe-afa6-4a87-8fca-4355dbe1bf52,Books,5,184.8323101,924.1615505,14/07/2023,0b553244-39e3-4b6b-8c63-6149e4d1fec9,Debit Card,Refunded
2b293105-152f-40fe-9b9b-59ceb5bec5c4,a9d0a86a-d1ba-42b7-9714-fbabf7dbc287,Sports & Outdoors,5,238.4387061,1192.19353,17/12/2023,37f669d3-7a9a-4775-bd95-6bc63a847ef0,Credit Card,Completed
2d908076-67f2-49f8-85df-326914e4038f,0d8d2235-573f-44b8-bfdb-0c35208a51b0,Sports & Outdoors,2,114.5172053,229.0344105,07/11/2023,ee4db82b-f41f-4551-8c65-319055a33f75,Debit Card,Pending
56229daf-5eb6-43d9-be41-c12d3dca6bd1,23dcb864-e5c3-40ef-8d86-cbaed460058c,Electronics,2,77.52583852,155.051677,07/08/2023,95c72cb0-2815-4176-83c0-46d568d55681,Gift Card,Refunded
aa7fa7b2-ad96-44d6-be6a-134c7019c678,da464db3-8b39-4c9c-b09c-2baaf7f8ee54,Clothing,3,241.1381244,723.4143732,09/07/2023,23dfd748-e8e5-47b7-82fd-85914b38f3f1,Credit Card,Completed
b5d1d411-f232-435f-a15d-d6707432cef8,6a4be79a-88c8-4693-a333-857de9a29611,Books,4,63.69133869,254.7653547,18/11/2023,feb3182e-57aa-4a55-a76e-4fa4786cc7f8,PayPal,Refunded
ee52e37c-a9fe-4d8f-a415-419fa38669c2,d8d9bbf8-8978-4c33-925d-4396b78b2119,Electronics,4,131.690004,526.7600161,14/02/2023,24acdc2d-20a1-43e0-b844-dd738133376c,Gift Card,Pending
5320a3b9-faf1-47d8-81a7-2a736f4fb70f,a15cb82a-e91b-442f-a389-2c7d8a07bbbc,Sports & Outdoors,1,310.5105412,310.5105412,19/11/2023,86006403-3d68-4be1-8a77-752dfbda1433,PayPal,Pending
c75bd00b-76c1-4e5f-ab7d-6cb1eb519228,78620620-5526-4882-9809-400e8df5c1af,Clothing,2,180.203657,360.4073141,07/09/2023,93080aea-accc-4c0e-943c-c430adfa7087,Credit Card,Cancelled
03d0f8b7-ebd2-4cc3-ae63-e922f71d09ea,9aecae4d-3216-4a4b-8d5c-6bbc3805b6b7,Electronics,3,368.9550238,1106.865071,09/12/2023,4caa6fb2-9bad-4f83-92d5-83bc988e367d,PayPal,Cancelled
55810a5d-78d2-4bb3-a9f2-f4d7e0e297fe,6689064e-b260-4c39-8ff7-938b4420fce1,Home & Kitchen,2,260.5989113,521.1978227,17/08/2023,b568263b-c00e-41ee-ac10-957dbd9d7487,Gift Card,Cancelled
0f36815f-a890-4f17-aa4b-7a70d63e6583,c9f3588c-820a-49ff-8d61-e0fa6269c878,Electronics,4,411.2833516,1645.133406,08/06/2023,49fec4d6-b975-42fc-83ca-556f800bc256,Credit Card,Cancelled
16aa2b58-8dc9-4173-933e-9d818e4b0114,bf9b2fa7-2de0-4527-9394-b55c2b6c9be2,Books,4,78.34728709,313.3891484,03/07/2023,2516658b-842a-4801-8eb1-82299ecf7de1,Gift Card,Completed
feb232aa-49f8-4fbc-add7-67c0d8252f8a,da59073f-aef4-45b9-a065-394e4d2929fa,Home & Kitchen,3,465.9084453,1397.725336,16/02/2023,d5e09084-4bfa-49f1-a352-53f6ca108263,Credit Card,Refunded
e8af3044-16cd-4dc1-83e6-a2a8d0b18820,cc39db3b-7340-456a-9806-e736b74c6f18,Books,1,295.3442481,295.3442481,31/01/2023,b261570d-ffa9-4fa6-8679-6a2739f6c804,Gift Card,Pending
a7b46544-d9ce-401e-8bb2-706096a83c3c,a5fa3662-8e26-4e18-b3db-db8ad64a8e6a,Clothing,3,199.5725992,598.7177977,25/02/2023,6f6756fc-820d-4ed3-9897-fd60edfa9e0a,Debit Card,Refunded
5722834d-dfed-4711-b759-cd776745fd98,ae531bf2-cc60-4bfa-b4c9-0946d4d30679,Beauty & Health,4,448.1644381,1792.657752,17/04/2023,fc1c34ab-6f37-4766-9290-89ed098f1d94,PayPal,Cancelled
b0828d51-0b3f-4a6c-8d31-9cf9d5437a3f,a824fe94-70f8-4ca8-8f2d-ae29e8f11edc,Home & Kitchen,3,384.6189176,1153.856753,14/07/2023,7c0913e5-ca90-4b13-bdd2-fafda754a433,Gift Card,Cancelled
898f0fec-e1cb-4b59-8902-62c0f7a43590,14179498-2bb3-4a05-9299-b04d504330e0,Sports & Outdoors,1,108.5300882,108.5300882,05/04/2023,62a9fd0e-8dce-4c7e-91e3-4eb2604cd2f5,Gift Card,Completed
6a8739f8-a418-483e-885f-ac70720ce09b,d5835df6-06f2-4ad2-b6e2-e3f6f608388f,Books,3,414.0927788,1242.278336,05/10/2023,ada853f0-394a-40c7-9604-f8ab1cf083c6,Gift Card,Refunded
8ad1ab99-a38a-4510-a230-c841346c9bb6,e272e121-4152-4843-bd73-ccaf50defe0b,Sports & Outdoors,2,56.71040283,113.4208057,23/06/2023,d5292cdd-e663-4cc5-ad64-5ea029a8f956,Debit Card,Cancelled
a9079cf6-5c0b-41e4-b543-316c93b9ae81,240f1e7d-2039-4fcd-87c4-f570f1284e39,Clothing,5,118.4121891,592.0609454,17/12/2023,53b6030a-0faf-4c5b-9df6-49d26134fafe,Gift Card,Completed
a16bbe96-999f-495b-8533-c86d528cea99,7a2d63b5-6f30-44f6-a8eb-978a2ef6d927,Electronics,4,214.9112228,859.6448913,01/05/2023,3bb02044-30ee-44a4-b57d-0874f230e687,Credit Card,Refunded
cc49f845-6dcd-4895-a0e5-f78265b89294,fed3c582-3e9e-464d-8fa4-c35843d57039,Electronics,1,142.954217,142.954217,01/05/2023,3c85e809-b293-4486-98c7-694295253adc,Gift Card,Cancelled
6c1b579b-aead-46aa-b2ba-e322bf8c9df5,c586f2a7-46be-4ae1-8727-e31cb9ba1756,Home & Kitchen,1,67.84332506,67.84332506,14/11/2023,34e1fd76-0138-41cb-9dca-6e2ad0064ca7,Gift Card,Pending
f44551f9-0981-4e91-844d-9276e6f8ccd2,9777e092-aa0f-4a37-bcbf-fa22a5844ad1,Home & Kitchen,4,369.7215433,1478.886173,02/11/2023,a6526d37-429a-4691-92f7-539c7049da3d,Debit Card,Pending
1e0548b9-0330-40e1-ad53-1037727ab115,2803ec24-4728-4101-8ee2-fd4ebe0b8ef8,Beauty & Health,1,217.5509742,217.5509742,15/09/2023,b921aa7f-788f-48f7-91a5-dd802640f00c,PayPal,Cancelled
cc8b7fcd-38ff-472d-99b6-aacf329e1782,d46f0ebb-bd10-4361-ba82-ff465009da8b,Books,4,75.75995761,303.0398304,15/10/2023,b5ceb7d1-4e2a-4cb3-925f-f759e13a28d1,Credit Card,Pending
a058c786-c2cd-4b93-8349-bd45b9929a23,3b13b438-a963-41a0-ba42-a1d54a70a3ad,Electronics,4,86.61083889,346.4433556,09/06/2023,f1812bb7-5aa9-4e09-8210-191db726f8d3,PayPal,Pending
7de98d07-315e-4727-8831-4470fd0adb99,b30aa72c-39df-4874-9549-42aea18642d6,Books,4,477.9539347,1911.815739,20/12/2023,b06c372e-6410-46a5-8424-51a37d7b2fde,Debit Card,Refunded
5fa47f8b-2b28-403a-9ce0-8065fe30741c,a4860450-9c83-494c-ab9b-457eb5044a38,Beauty & Health,4,22.21935813,88.87743253,19/03/2023,2c2bcc82-24a8-4c48-9b94-32078aef6f5c,Debit Card,Refunded
1e0d2c4b-ca8e-41f2-9788-7b39f75dd0d4,94b019df-e81e-44c2-bd6d-c6edfb86ce5a,Sports & Outdoors,3,88.50967502,265.5290251,12/08/2023,b10e364c-fbab-4cca-b922-ce32c3a34faf,PayPal,Pending
4339540a-f95a-4781-af18-93db7dd69091,c14bba63-7015-4465-91fb-3ba7c437cd2e,Electronics,5,267.2504072,1336.252036,02/07/2023,9a1fc37f-4ccf-4f74-b6f2-53d7666de7a0,PayPal,Refunded
43610ea4-2ee1-4c19-962f-e1e595904bbb,7a716404-a61d-436e-a0d3-f270850eb072,Books,5,489.9776376,2449.888188,28/09/2023,8503017c-d832-4258-bd86-a66f3d3ae536,PayPal,Completed
cbca3ebc-79e2-40b7-be11-bd2599822d36,0849bb2d-8203-451c-aca1-7aa4827c054c,Home & Kitchen,5,300.8913924,1504.456962,16/04/2023,fdb3f3d5-61ea-4e4b-b616-680b541f07a1,PayPal,Pending
e6253747-4c17-49c0-b261-70076ec1ef63,8bdbeca6-8ec6-4bf7-839f-64e5705403e3,Books,1,162.6420226,162.6420226,13/10/2023,ed3a33e2-31b3-4fa7-aa51-fada89db5b9b,Gift Card,Cancelled
51d8b88f-34ae-410a-9255-51bfb9da347a,376283bb-76a1-4763-83b1-510dae810e2e,Sports & Outdoors,3,398.6181307,1195.854392,24/02/2023,b7f0fe95-1149-4657-a944-b5dbd7751e6f,Credit Card,Refunded
469968e1-84bb-4366-b578-80496c2f2db5,0c003a12-5f17-4512-9b88-5c22c420f90b,Books,1,271.9673606,271.9673606,14/08/2023,8e6659c4-93e6-4346-9a28-9165a4938232,Debit Card,Refunded
2ed8fc12-2510-4aab-8390-8142811aae92,b342e341-7288-4eb9-8769-0fb2f5a0606a,Sports & Outdoors,2,153.8989723,307.7979446,05/03/2023,e7beba69-db32-419d-81a6-6fb2e819d9c1,Credit Card,Cancelled
f95a21af-68b9-4ef2-a79c-84333438b685,f037add8-98aa-4dd5-9bee-672b235ac3af,Books,2,211.8174288,423.6348577,17/06/2023,13ccdac7-fd8d-4801-a23d-f958c75f8c4e,Debit Card,Completed
e06c7352-f092-4249-af97-a8d0b0bc3948,2f7b80aa-1566-4ba8-a30f-a9b5789bce6a,Electronics,5,284.7668116,1423.834058,15/04/2023,91c51f12-b059-4e1d-a904-642ddff1a16b,PayPal,Pending
115e5c04-5256-416d-86db-23866bed4b91,bcd11c43-bfb7-40aa-8350-9bb55e0350c3,Home & Kitchen,1,315.531399,315.531399,03/08/2023,ed3ed9f6-e7a1-48c6-b4e3-d5fcb39858e5,Credit Card,Cancelled
0f62f4c6-a9ea-424e-8b4e-b83ee2e4b78f,5b720c84-cc9c-468c-b67f-f428cd98ae58,Books,1,455.5259563,455.5259563,13/06/2023,b0a18741-bde0-429b-b3e3-8595e1cf970a,Credit Card,Pending
200a21e8-075c-4ddf-8d60-8d846cafb79a,03458916-7f9c-4d58-adcf-b904edc2b2e2,Sports & Outdoors,4,414.1518559,1656.607424,06/12/2023,83e9dd4e-f298-43b6-9412-8751eefcc53a,PayPal,Completed
30496172-9eb5-483c-9675-706626e1d56d,aae8dc08-32de-4d12-ab93-0dfa6ad0202d,Home & Kitchen,2,455.3303647,910.6607294,07/03/2023,a0bf6e88-6a77-4db3-94da-ea4166e48d9b,Gift Card,Pending
09a872e6-e17d-40f1-bc99-cbbf82f947e3,a73f4ae9-d3db-43ce-b4a2-c202f9196b2a,Electronics,3,343.3319308,1029.995792,01/03/2023,57bb9afe-3679-4bf1-9094-862698f80a13,Credit Card,Completed
57af9c21-a1f2-461e-8a7a-3122376e58b2,4c0ecaf8-2ab1-4502-a807-067cc959e633,Home & Kitchen,4,137.391703,549.5668119,22/06/2023,bf673919-8491-4e0f-b160-9e7e5937d16d,Debit Card,Cancelled
f766ee1a-2cd5-465d-be7b-135199d998d3,654cd289-2667-44b0-adec-5e95ba1e37de,Sports & Outdoors,3,105.6479769,316.9439306,21/12/2023,9a8e9fe0-60cb-47f5-98ae-f849c2b16c63,Debit Card,Refunded
d592c5c2-8334-4730-9085-4f910f6d330a,5181d60a-de19-4b82-a15a-46f54467d044,Sports & Outdoors,2,231.6345621,463.2691243,02/11/2023,8d860069-c3d3-43da-8a0e-4c3d544bd5d0,Gift Card,Refunded
c03ea502-69b7-4c05-a6db-b142547d45d1,e6a8992c-cac3-4c70-bb48-fb7e541f8ff9,Clothing,2,210.6721429,421.3442858,02/04/2023,c58d7f82-1975-4ae8-9792-b2e164d4f5f1,Debit Card,Cancelled
48e2d94e-9e8e-4b4b-a28e-a24996358c07,b1ae0725-82d8-4abe-a6da-4013d4820869,Electronics,3,323.5368709,970.6106127,21/12/2023,888884fb-2546-4594-b170-e8bd4a81eb63,Gift Card,Pending
b0477335-99c6-4f13-b3d1-33e731c55986,51268559-271d-45ad-9039-4cf3aa0ecac9,Sports & Outdoors,4,225.8246359,903.2985435,03/02/2023,7b0c4280-5d83-442a-bf80-c8816ec5bc39,PayPal,Refunded
f03bd423-5305-4e20-9399-468bbbd65833,8cd0a2bb-7203-4e8a-831f-f319ef50054a,Clothing,2,201.0484096,402.0968192,10/01/2023,f4189f8c-f31a-45bb-a607-7b9cfd33132a,Debit Card,Cancelled
a6a05aca-50a2-4108-86f0-78e9ddd19f08,26c6c236-7153-44ad-b752-6f64eec7c1c3,Books,2,469.5069089,939.0138179,17/07/2023,25ced37b-5606-47e6-81ee-ab2a49a4f576,Gift Card,Pending
c7ff6640-6914-40cb-8dc8-cdfc5edc4a6e,a995e3c6-6858-416d-b233-24f8400d4069,Clothing,5,466.1904035,2330.952018,30/08/2023,0158f582-3800-4b70-a5f4-7e54fed48bb6,Credit Card,Completed
0c8c1be7-fd3a-4e64-9a50-058f7f6a88ee,0da776c8-1357-4376-a687-3265f63ecc80,Electronics,3,68.74003229,206.2200969,04/11/2023,72cb0ffa-55b1-42a5-a735-eab1aaad9f73,Debit Card,Completed
4c94da73-d882-45f8-9209-109a5b25457c,04fd623f-09f1-4e7f-bd4a-5b655fe717bf,Home & Kitchen,5,34.69701361,173.4850681,06/09/2023,2b1145a3-aa5e-42d5-ae68-162b33a0cd59,Debit Card,Cancelled
c1c7070f-6b84-4dfe-9f50-0a5bafc2a9cc,ea7ded69-2ad5-4ba0-9463-e85a3fe14641,Electronics,2,202.8730293,405.7460585,04/03/2023,e8a41cba-de88-422c-acaf-e32c72d46591,Debit Card,Cancelled
18ee82b6-2c66-45dd-8bea-c9de7af013a5,e34646d8-4c97-40de-b092-a4e4fdc0ad60,Electronics,5,482.6551878,2413.275939,11/07/2023,7c1b3c46-34e3-480f-85ff-b3f961f82dd1,Gift Card,Refunded
9a2f5719-555f-4caf-a0d9-e3e9741df2f6,21b79ad8-e3e0-46f2-a159-69d3c1ae1e92,Clothing,2,192.5579536,385.1159071,03/03/2023,a0c5456c-f2b5-45cf-8b0e-3b1cdf938e50,Credit Card,Completed
4fbd9145-7df9-47ca-a2d8-9830c7ab4424,5ddb12c9-126e-47f0-9271-98b7144d3c74,Home & Kitchen,1,356.050301,356.050301,15/03/2023,adecc252-5627-4d6d-95e2-628810071cd3,Debit Card,Completed
4bcd7e16-3377-426b-8ad6-8c5a27bb76de,e3458a07-e2cc-4e59-b7f9-affbada3ce6a,Home & Kitchen,2,352.7498127,705.4996254,15/09/2023,479a4e7d-dc5a-4633-bf93-7bfa0eb12905,Debit Card,Completed
975f57b8-6cdd-4003-a563-b31a8d4bea1b,da181df3-8e32-4cbd-901b-c3e02946b0d4,Clothing,5,33.97523293,169.8761646,25/10/2023,dd6fc288-1ad8-43bb-a416-e7a3c824d320,Credit Card,Pending
c5a4db01-9a91-4b44-9e3e-eb0e33b0f1e6,765c6d9f-e528-43c9-835c-908cfd6b8915,Clothing,2,447.0681338,894.1362676,28/01/2023,0f25d457-2c47-4beb-a4d7-800b761d6037,PayPal,Cancelled
5c936694-9503-4e35-a3b1-f902807204eb,dd49a2d6-48fd-4430-a5e3-49e60f64f86f,Home & Kitchen,3,279.7026033,839.1078098,06/03/2023,d38178c1-c0d3-48c3-94be-2f05c5cd1af2,PayPal,Pending
f2f35981-f7a2-4668-8cdb-4e7c002eb8ad,68769c8e-3495-4103-a3c8-195e0d60c24e,Sports & Outdoors,1,306.2495712,306.2495712,22/01/2023,453da5a5-b482-441e-ad08-45676f13e4f3,Debit Card,Cancelled
855fdce2-cee2-4c8c-aded-ceaaa03471aa,92ee2708-dc7f-459f-913e-4472269db45b,Books,4,414.8149607,1659.259843,13/03/2023,374e5449-fa81-4f69-9016-0ae4eda43c97,Gift Card,Refunded
b14319b8-7be5-4502-b76a-8051a0629ea7,6e840190-f5f3-4598-9313-5701ab9517b1,Home & Kitchen,5,289.8818076,1449.409038,20/11/2023,27f79b57-6629-4019-ba64-03d6d6eedfe7,PayPal,Cancelled
09e77061-bd26-4046-8019-a69bf9f093d1,666bf22c-9fd7-4389-991e-313f27b68e32,Home & Kitchen,3,278.6612683,835.9838048,24/08/2023,e8c89886-0eb0-419b-9da3-2801dce08ed9,Debit Card,Pending
26c29e89-4e80-4167-ab5c-67e74386c5d8,0de71080-e1a1-4c28-acc9-0cf11516f291,Books,2,87.11450897,174.2290179,05/09/2023,87014c4b-1578-497d-97ee-d56c009e330b,PayPal,Refunded
829b6e94-f1fc-4115-86eb-598d8d6ff941,783f303d-6ba8-4674-a344-648fe4358b45,Beauty & Health,5,71.09306635,355.4653317,30/12/2023,6779c05d-1cce-45eb-9e48-3757ff04900c,PayPal,Completed
cddabb67-1973-4ed4-ba1d-18fa3dda76a1,3a175c1e-adfe-4b3b-8f99-3ddb7e9d92de,Beauty & Health,3,383.4363291,1150.308987,13/05/2023,3f7130ff-e8a2-406f-ba20-05ff22e8b9fb,Credit Card,Cancelled
8917a029-6b6c-4126-aaa9-35f396f11dcf,a04dfb92-e168-4243-b892-b25fafa01128,Books,4,461.9315792,1847.726317,03/06/2023,1f7ba6f0-02aa-46e0-948a-88abdbff1e5b,Credit Card,Cancelled
964aa548-0cb1-4208-b567-886d8dee7eeb,c312f95e-5757-4a49-9a3c-ced5585eb12a,Electronics,5,472.7737461,2363.86873,16/12/2023,b1cd1d93-1562-42bf-8349-267a1efc7601,Gift Card,Refunded
f18180a2-d5a8-47c8-aeed-fd46cd6ba491,01d7f868-3379-4f29-be1e-a670e9f36629,Clothing,5,65.18596895,325.9298448,10/08/2023,57af7f23-7129-4056-9419-6340ebdb3bdf,PayPal,Refunded
2a2c8bab-7d40-4324-871d-ea6c93258bcc,f782e392-b46b-4e81-bf74-5fab118c144c,Books,2,129.8513984,259.7027967,19/03/2023,bb69f06d-8f63-472b-9452-bc8ef4522e95,Gift Card,Refunded
3125c025-cde2-4241-9ec0-466f648e026a,163c6978-5fe8-4526-80ce-d048d86d3f73,Electronics,4,282.1524472,1128.609789,22/11/2023,1022ffee-cf3a-49b3-a61d-a58ba4dcb99c,Credit Card,Completed
38b114ad-0b71-4d6c-8517-d8f090f547eb,5cbde857-8414-4c6b-bc92-d4cc68f3fc73,Electronics,4,361.2742831,1445.097132,20/01/2023,e3e2c10c-435d-4c4f-bbd4-585007044897,Debit Card,Pending
bd4f8d97-1eac-48ec-a769-343db13dd7a8,0e2376bb-af07-4366-8924-84e6ed70d56b,Home & Kitchen,3,279.4991464,838.4974391,30/10/2023,7c7f0e03-06b7-4662-afd8-19b73a517eb6,Gift Card,Pending
00cc0b19-5b9c-4eb3-8958-faebd6d1f3e3,337f1982-23c9-4dd4-93cd-78ca196e4e4a,Electronics,2,121.4137546,242.8275092,28/04/2023,471cd05d-cf4e-4a62-918c-2f5b6004c796,Debit Card,Refunded
36a7dc73-5870-4c78-b20b-bfa40a353f69,e5d63dd1-6853-48bc-a274-eac2edfc7ad1,Clothing,5,129.1448077,645.7240383,03/10/2023,f2129360-473f-407f-88eb-e2c79a22f753,PayPal,Completed
cfe564ae-3096-4a34-88f4-b8b15e6e0be7,7e2146e1-7b46-49d3-8725-b5392d92027c,Sports & Outdoors,1,136.161937,136.161937,22/08/2023,eb868623-cfd9-43b6-b55d-b2833afb1d84,Credit Card,Pending
ed7217a6-86b3-423c-9c13-a39cc57bc331,0f998165-0489-4bd2-8b4d-a32f3e3f6c18,Sports & Outdoors,2,303.9646106,607.9292213,10/07/2023,6f217c37-802f-4118-8c63-e1d346fa4f38,Gift Card,Completed
38738137-e4a7-4d7d-b35f-c70350942b2f,d3dfd115-bae0-4ccc-98e6-835d5d8513ed,Books,1,364.2992194,364.2992194,01/04/2023,2ac959af-8ad5-4253-b7a6-740e37db7361,Debit Card,Refunded
33911b23-e3d1-4be2-a2c8-3219d960225c,abd4d356-21f2-42fe-a21a-85d98d93d964,Clothing,5,166.0353302,830.1766511,24/12/2023,121caac6-1029-4b55-aab1-4138a6249d10,Credit Card,Completed
7b3152a1-7ae8-4131-8325-6924980b2064,9f189c4d-cd67-4cef-ace4-31c468e4be26,Home & Kitchen,1,37.06193881,37.06193881,18/11/2023,39f33da1-3842-4a94-9c3d-11ecd9a9e8c5,Credit Card,Pending
7158b262-8e65-41d6-99cf-532fbc626383,55878aa7-6848-4435-bdd8-b515baf559f7,Home & Kitchen,4,16.03476349,64.13905395,09/08/2023,64538f59-e727-4436-9850-20dfbb11a585,Credit Card,Cancelled
cf7c1332-e386-4c1e-a109-b6266b5e2fc5,eeb667fa-ea30-4212-9e67-de46cb01a739,Sports & Outdoors,1,267.2122607,267.2122607,25/10/2023,4be0cbc7-cae6-4d5b-a781-daf2b16d2fdc,Credit Card,Completed
45b8c0b4-c820-4f0d-865d-2500b4b17740,7dc5004d-733b-458f-b42c-69a78529d639,Sports & Outdoors,4,428.8498384,1715.399353,14/10/2023,dd1a8eca-35d1-410b-9fdd-5b96d6812f3b,PayPal,Pending
d34fc25a-d09c-4776-bc09-934cfdb78958,7c3df580-edee-4809-9bce-aec6a3aa49d4,Home & Kitchen,1,130.0367641,130.0367641,20/07/2023,a0c8238f-5b5a-4272-8b47-bb5fa81518f7,Debit Card,Pending
09883453-20b7-42ee-a2a2-c017d51bc721,f4bd2c4d-d428-4419-b969-e69af627b480,Electronics,4,44.67064438,178.6825775,18/08/2023,0a30f2b3-45e0-4b51-9530-2daac1928577,Debit Card,Refunded
6a34ecf8-991c-4797-bab2-1f7627783d6d,13deb6df-e1d3-465f-bb55-51baccc1fba3,Home & Kitchen,4,400.2004685,1600.801874,25/05/2023,007efbb5-96a2-469c-8534-1c3648c92a90,Credit Card,Cancelled
39aa5071-73e9-4c8d-a67b-b6cc578ee144,4fd67989-6b08-4be2-976a-597e285e6f76,Sports & Outdoors,4,74.69952142,298.7980857,11/06/2023,e85a88a1-77ea-4c22-8626-77ab5c47f2c6,Credit Card,Cancelled
c4ad6b56-c977-433f-941f-c95927938f48,14c8cb93-e9e2-461e-9461-908cda1b47c8,Books,4,332.8205164,1331.282066,01/10/2023,1238a190-efac-4c3f-b1a0-d963cd744530,PayPal,Cancelled
e9b8fc17-faf7-44db-bc12-d26aa3399f53,0d9c6e53-82bd-47f1-b25d-f5199494d448,Home & Kitchen,3,92.49346658,277.4803998,17/10/2023,b6c839aa-c10b-4301-b6f9-b77c498fc346,PayPal,Cancelled
f3cdc09b-d5da-456f-835e-4feae4f8cfc6,4bb9fc47-3fdd-4623-b643-13d343d43475,Electronics,1,242.5662629,242.5662629,14/11/2023,5a928e58-124e-49e6-bddf-f3cbfa362ba2,Gift Card,Refunded
95b5da2e-858f-4552-9282-c5d1c2ceca72,df81e96e-5585-4dc0-9c75-3ea8249e0cc0,Beauty & Health,5,461.7707098,2308.853549,01/02/2023,15443858-3244-4ff6-ae20-d84e82c98125,PayPal,Completed
aeed363a-ce25-4d42-95f6-32a47039f7e5,d4a1af15-a46d-443b-87d1-1386f51059b7,Electronics,5,213.2194576,1066.097288,23/07/2023,63e68c5a-0c9b-44fb-9cca-ea0a507d82d6,PayPal,Refunded
37eb9699-54c1-4a7f-9c8f-b0c60bd0b697,7f276bce-0639-41a7-8ce2-e8498251e7d3,Beauty & Health,1,45.89131756,45.89131756,11/05/2023,09d2e982-d31f-4e3d-ab74-ec39c5c2a792,Gift Card,Completed
db650f9b-8c5b-4ea4-a500-7d90cbd53674,8b9699d0-10a1-44a8-a65d-00a2c6e3a090,Clothing,2,288.5375714,577.0751429,30/11/2023,64635c05-dfaf-446e-9c99-30b50ad978b3,Credit Card,Refunded
610c84b5-1772-4611-9319-9469ca9079f0,8e16e05e-4991-42b8-a3f6-15b4e07a8b7f,Clothing,3,170.1235106,510.3705317,14/03/2023,37246641-45cd-4c35-a766-64c77fb5aae6,PayPal,Pending
0def9013-9743-47a5-a6f0-89185e7e8f34,9e04eb2c-d803-4009-80f5-00e407e08bd2,Home & Kitchen,1,354.5237082,354.5237082,22/10/2023,a2d4a3fa-3b4a-4354-8ab2-20a55b8c3ba3,PayPal,Completed
11566e3d-35fd-4a6f-a04a-8a3259c2b851,4f56142a-125c-401b-a98e-4d139c38c7f8,Books,3,59.79315444,179.3794633,06/05/2023,4468276c-fb89-4ad3-86cd-5e778b91d47a,Debit Card,Completed
ce64a93c-8f21-429d-95d8-2a5112e93811,f95e390a-22e3-4d93-8f89-9a9c96a6f481,Books,3,219.3231852,657.9695557,14/10/2023,d6093907-33d0-4c54-8310-7ebe5bc6abdc,Credit Card,Refunded
29a441f0-5b8f-47d8-adcf-0481ad771f8f,da64b2cc-82ae-4f6e-b5a6-f35a97396e15,Beauty & Health,3,411.1061244,1233.318373,21/06/2023,46a5940c-e630-4edd-b348-b1a8432c572f,Debit Card,Pending
cb68a429-9258-4b93-86bc-41704d27eab6,1b394e89-b637-4648-9047-d20a10d5bb0e,Beauty & Health,3,68.93001692,206.7900508,24/12/2023,3b0e417d-b706-4688-b162-7c1d388ec449,PayPal,Refunded
b15f091b-22e9-4b01-944f-8d2b8f311e26,d57f4c19-22b9-4da1-9ad5-b21f52668935,Books,1,217.1425088,217.1425088,31/01/2023,413699f2-7941-4885-b6c2-8cea117ba498,Credit Card,Cancelled
b848156f-9bcd-4a4b-834d-f5c3de296e50,0b5463eb-12a6-4905-a3e7-bfe073dcacb9,Books,1,424.1774449,424.1774449,02/02/2023,f3186e69-2368-4dbb-a221-9753b87aeec1,Gift Card,Cancelled
ef071e15-f1e5-4e92-b9fe-1d8b10010e42,11d91a1c-ebcc-44b5-96c3-c54a2ba69d07,Sports & Outdoors,3,322.1425116,966.4275348,23/05/2023,adc04040-4a03-474e-8687-69a4bd5de441,PayPal,Cancelled
1de166ed-6539-4c09-8597-68a06b61bd60,d0ebf4bb-3cc6-4828-a84f-86caf0a25ac9,Sports & Outdoors,3,69.11713181,207.3513954,10/04/2023,d681b696-a50e-4ef5-ab62-36fffb8cfbc6,Debit Card,Refunded
189a56f4-5e5d-47ad-bf23-453378f41b75,a9cb948e-1368-4cff-a144-f347b28607ae,Electronics,3,339.1575761,1017.472728,17/11/2023,31018616-9cfb-4d34-a636-4de2c61ae43e,Debit Card,Refunded
a5b8927a-e1c6-4f6a-8647-64532c403c6d,cc116709-4888-4c44-9082-2a8565607937,Sports & Outdoors,2,428.8347751,857.6695503,28/10/2023,db38ae4c-61a8-4c7a-8c75-33bd20d9fa72,Debit Card,Refunded
9cf9664a-89b4-448c-822b-2dfb0922a7d5,1d81c9e4-2357-4c22-9205-5992d1b48a65,Books,1,275.3560528,275.3560528,30/12/2023,b3edbdb7-937b-485d-960c-bf2547f58b0e,Debit Card,Refunded
beb56cc1-5865-4f52-853c-34bb5cb29cf5,2a6293e0-796b-4f85-b583-89cb7398152a,Home & Kitchen,3,25.27234953,75.81704859,01/05/2023,b2609bcd-8964-4805-919f-66f67ced0a76,Debit Card,Completed
5dfc6ffd-7aa3-4237-818b-08e12005b29d,5e9bcf14-01aa-4639-8342-8adc2c185a7f,Sports & Outdoors,2,247.6280792,495.2561585,03/06/2023,1bf31771-bd66-4cc5-ba2b-d839ad1f8928,Credit Card,Refunded
8fdaccf6-5ac2-418e-a5c5-5bb0c7907bdc,d1e14737-d628-4649-86c4-09d84fa776b1,Home & Kitchen,5,261.0328687,1305.164344,10/12/2023,0e723285-0c04-450e-b2ab-ab30c5ac4bb2,Debit Card,Pending
3672ac7d-909f-4837-bb23-90f9f1f0479b,18b14565-de1c-4678-964a-1a75c2cd970e,Clothing,5,292.0307342,1460.153671,21/08/2023,5114d5f5-192c-4cb8-a53d-9729a9c82f96,Credit Card,Completed
d8030105-631f-4c7a-98aa-d4a51e304e4c,89ac26d2-b64f-4b54-b29f-fe54f637972a,Electronics,2,307.6060094,615.2120189,14/02/2023,812b9491-478b-4da8-9d0e-f9ef06f3e10a,Gift Card,Completed
64ba2bf8-215d-428f-82bd-77879a7509ac,bae1ff8b-5f9a-4483-bb26-4709e0d8e114,Clothing,4,242.1245903,968.4983614,25/03/2023,abfbe27c-b2b5-44b4-8bdf-71d656a7c043,Credit Card,Pending
eb289748-581d-4805-83ee-3a0b6a6ebc31,9175f178-7f42-4d53-8664-b97eeac6c75a,Clothing,5,414.1844835,2070.922417,11/12/2023,4885951c-2407-435c-b320-ecce9b98d1d6,PayPal,Completed
2efe97ba-7b1f-45ea-be3b-d3bcd1f14ad6,54fe3ccf-e861-4ba7-afc2-1f8e6cfe4c5a,Books,1,177.5121881,177.5121881,05/08/2023,743a60ba-1ca5-403c-8ed8-d7a284f1c4c1,PayPal,Completed
c9a9093f-b583-40d4-84dc-ae843df2ffc4,a15f8e5f-1d9e-406d-be94-f9092b1d4bdf,Books,3,351.41655,1054.24965,29/12/2023,97a8f0cc-9105-417b-86c0-be192c78fc18,PayPal,Pending
e29c20ab-e668-4def-9c85-90412dfd60ca,6fd07536-7110-45c9-8540-ffb43b7c8c0e,Electronics,3,41.38827533,124.164826,23/09/2023,846d7ce2-14e7-45bd-b30b-b10e54829f31,Gift Card,Completed
8741d0f7-2068-4682-bb23-86fe20437cd5,a668469e-8393-493c-b74f-ae7d767d71f2,Books,5,153.302446,766.5122302,17/07/2023,2b9e86a8-ded8-400b-919a-cfd4c30fc5c2,Gift Card,Pending
9037b656-c54a-4f97-88c9-a589dff6a4ce,675dbba6-c498-45a8-b432-22ccc6f0b55a,Books,3,355.2613059,1065.783918,25/12/2023,41ffb214-37cd-4e13-a9ab-928637328e44,Gift Card,Refunded
c4fc924d-b3ae-4d4a-8290-aa8d63c6c21a,6268ed03-9630-4c87-9632-2f0438220f46,Books,1,447.6995858,447.6995858,23/06/2023,2fcb1c44-3ae0-47f7-abae-0344145e2719,Debit Card,Refunded
3035f260-13d2-4168-87ce-71d372b1cacb,f807160a-bc87-4218-8df0-ffa25eb874c5,Electronics,4,375.538838,1502.155352,15/06/2023,f5a081e8-df6d-4010-ad64-c87f9c7c2267,PayPal,Refunded
5ba67599-5f31-4a88-966a-6c4b8bbd6147,df4b600d-4b79-4a44-acaa-ad2838bb1e26,Clothing,5,22.3415275,111.7076375,23/07/2023,b4bcf773-612b-41e1-a1f1-ee425ae783b8,Credit Card,Completed
e59e8332-e4d7-42df-a64c-40088b1dfb64,513544b4-e31d-46b4-9807-ad7602c4f095,Electronics,1,492.3051584,492.3051584,07/08/2023,c7ebf0d9-bb5b-4993-8a0c-d54b2bd82c9e,Debit Card,Completed
4716f82d-ed7f-43c4-967c-033447a817c2,0158718c-8c3c-4b06-988e-b478d38fca01,Beauty & Health,4,233.4988016,933.9952064,31/03/2023,281a4c01-49e8-4c9f-90c4-213e3a72b5a8,PayPal,Pending
a020c7f5-f886-4557-94d3-144cfe989d57,0b369551-8f53-44c9-af67-cd65065965a4,Electronics,2,53.9221051,107.8442102,23/09/2023,ac27587f-6d1d-4b02-8c0a-4d358b812b20,Credit Card,Pending
e71a52cf-add5-4714-8eda-d134569869c9,a9374ffc-3aa3-4fc2-b465-d7b40a7a3098,Beauty & Health,1,217.90045,217.90045,14/02/2023,e99b564d-8eb0-43e4-806a-3c01c35316a7,Gift Card,Completed
f50f7dd8-33b5-46a5-a77e-0ca69cd08ad3,58283f6a-db30-44e6-98e2-36b3ccdccb73,Books,2,343.9807036,687.9614071,08/04/2023,12b5ad0f-f8fa-4799-a7f0-da3134e867dc,Gift Card,Refunded
22c8cc0e-9743-4339-9bc3-f86e7c7dae93,7b31acf7-dd89-4b24-b15e-144c255b806b,Home & Kitchen,2,279.9868671,559.9737341,18/09/2023,e6ccb37c-fcea-4056-aa05-ac745a059791,Credit Card,Refunded
fd4dae00-4702-4174-97b8-4a516cc752f5,49a5b33a-0065-42d7-895a-a0eded77aeca,Books,2,296.1616111,592.3232223,16/07/2023,886fd3b0-9897-4903-9778-12d1b5d59603,Gift Card,Cancelled
02a9d118-a626-4274-af61-c8e2c69cc235,edd2841b-809e-491f-b5e6-d5f5df07d6dd,Books,2,354.8255425,709.651085,18/11/2023,9e16b00e-6775-44a3-8f27-80c92882343c,Debit Card,Completed
d1dbb698-7fa2-42ce-9225-7176e9a4e573,09e5bcc3-6414-49ad-93fb-6ab1836dc147,Books,3,455.9958751,1367.987625,27/09/2023,1ab1b32e-ca1f-413c-bbf8-50db277127ba,Gift Card,Refunded
8ed78d58-c721-4c68-a653-e449388379f7,82b7c699-f7b8-4491-b751-31a362736162,Beauty & Health,5,340.9123019,1704.561509,18/01/2023,22a18c8f-2c30-4a69-be15-94de9ea9c73a,Gift Card,Pending
2b73c95b-c8a3-45b0-8b7e-cc3ad70b05d5,2b2a481a-456d-4a1d-baba-0fb7756d2504,Sports & Outdoors,3,157.375075,472.1252249,28/12/2023,a105ddab-e515-441e-9ccc-e31844ff27d5,Debit Card,Cancelled
767adc47-f7f6-4d87-8609-9510b503ea09,c1b1c0db-7f6a-4dc1-8906-8a3199268b18,Home & Kitchen,2,429.0144237,858.0288475,08/08/2023,052e908c-cd32-4aee-ad9b-064b436c41c6,PayPal,Refunded
677a0af6-3aae-4cda-a2b0-6ada5208e1f3,2dc1a0b2-acb2-4fba-81b1-bb863c341fbe,Beauty & Health,3,443.0136487,1329.040946,21/12/2023,220c4025-c5b6-498d-b335-5f4153b3d07c,Debit Card,Pending
d17ccb91-e93c-4c0e-9985-02b5d675b013,a963d0f9-600a-470e-8e9c-925ae0875ad6,Home & Kitchen,3,399.5878613,1198.763584,05/06/2023,e6b858d1-722e-49ec-bdfb-94a889ecdfb9,PayPal,Cancelled
28d4c29c-b506-4e77-9466-e3695c3233ec,31a51268-b77e-42ea-ad5c-ab8fce6e911c,Clothing,1,288.5788354,288.5788354,03/07/2023,7eb14f4f-cb74-4e04-8095-2f852671c7dd,Debit Card,Refunded
b3c6489e-cc97-424d-9c57-80717cf339a3,e2bbdabe-ce8d-458f-882c-7c19584c22ed,Sports & Outdoors,3,18.81043812,56.43131435,19/04/2023,43d0b98c-009d-4250-8829-0d708867c888,Gift Card,Pending
498559df-8aef-4a04-9007-d85b4c431a10,333f5ca3-8414-4ca2-95a4-0cf256b3d53f,Books,3,487.6148918,1462.844675,14/06/2023,cc76da65-e9bc-4c0b-a8a1-178bf16d0665,Gift Card,Completed
826caad7-cf64-4dca-a82e-faef08a14cee,fac739bf-6379-4fc5-95b5-7fe785d54a61,Clothing,1,234.8219294,234.8219294,20/11/2023,212cd56d-51d9-4ff9-a911-462c9e4b03b8,PayPal,Cancelled
3c47cba6-4ec9-4af7-a099-a9d1ac0f88ac,f716fc5f-190d-4f4f-b252-22217258c29a,Home & Kitchen,5,299.8962681,1499.48134,14/09/2023,686584c6-024b-418b-8bf9-877d0540dfc6,PayPal,Completed
6a16d8e1-db42-4ab1-9786-3a4750f3fa30,8c85b357-8664-4b3d-b06b-6eca2663d847,Electronics,3,450.5488174,1351.646452,26/04/2023,725d779f-7435-4d50-b854-6fe351f3cda3,PayPal,Pending
7c21bad9-bfa6-4960-8c83-18aa730efbd9,edccc005-e8d3-4529-826b-d1ca169b4e67,Electronics,5,160.1224617,800.6123084,21/12/2023,1841dc9d-633d-4545-b983-00f6b90ade67,PayPal,Refunded
b8ad64a0-937c-45a2-a079-2184841bba9b,952822e7-e751-4e16-a947-c3dc265497d9,Beauty & Health,5,480.6159949,2403.079974,26/12/2023,43000e5e-e683-4d0e-82e5-565246d96d1d,Debit Card,Refunded
e33398a9-3982-4551-8f51-749b911c7c77,ed626eda-77f2-46c7-9800-2277472d0fd7,Books,2,154.0721192,308.1442384,25/04/2023,0285fa0f-6222-4991-a2d1-e90164d1575d,Gift Card,Cancelled
249aa4bf-6af7-4607-a2f9-05e68745cf89,c618126b-b35c-456d-a9ff-bd5c07443dc9,Sports & Outdoors,3,392.2851771,1176.855531,30/05/2023,dcb52342-c709-4fae-a0a4-010c9bd83a32,Gift Card,Cancelled
a7d68138-0e19-44c1-99fc-7d79eb0e2dca,b538c352-16ee-42ad-90c3-085121a8bbdc,Electronics,4,161.3384525,645.35381,03/07/2023,40321d5d-107c-4b14-b87f-f650b861c3e2,Credit Card,Pending
78e5c63b-fb8d-4b4d-8206-e44facd125d9,408638be-3f23-44c4-9f63-e31b1b9bcd38,Sports & Outdoors,2,101.6905061,203.3810121,10/02/2023,4b504b5f-1ee1-473d-9856-6b39ad26c84b,Credit Card,Cancelled
edc942dc-cd98-4fe0-bd6b-be66117b5b3d,1e98323c-5c03-4319-9199-c6181abda19b,Electronics,5,74.32632598,371.6316299,11/08/2023,aab26323-12f0-40c5-a032-56630af59a16,Credit Card,Refunded
f886ff29-f6e2-4b44-b280-99257905f8a4,89beee96-89d7-4a21-988d-84de2cc71908,Sports & Outdoors,4,184.0578047,736.2312187,31/03/2023,2bccd3cd-5c01-40c9-9fef-a4109ab19e7d,Gift Card,Pending
7f0e4259-03ac-4ac3-b48d-c197c2d5eb58,e881550b-34b0-4c72-aac3-a024196471f7,Books,5,118.9017116,594.5085578,08/07/2023,68d05e55-f6f2-4209-898b-09a67ddf9e11,Gift Card,Refunded
38e65072-bc14-4e72-9833-021f485de95d,7fd581e3-3df5-484e-9662-2735fa75c049,Beauty & Health,3,123.6848208,371.0544623,13/12/2023,c2e91186-9b65-496c-8d3c-43f0cefcfef6,PayPal,Refunded
2f195408-66c3-4e86-bd71-6f72df807b6e,4d00a3be-8fdd-4e63-bff0-1be9cc3c69aa,Beauty & Health,3,180.4861367,541.45841,01/04/2023,d37219c0-eaed-472a-9318-8607b781f1a9,Gift Card,Refunded
af2ca796-71d6-4aea-92d9-d9d236bd2418,acc44f47-faa1-4d3c-8a6a-59da8afe3e99,Books,4,297.8042906,1191.217162,15/10/2023,69a0df0e-58f9-4e0f-a23a-e29e8efc3657,Credit Card,Pending
731a990f-6fdd-469a-a731-7b7106cf699d,37355004-7bc5-43e5-9b97-1f4a7639488e,Books,3,495.8819706,1487.645912,07/04/2023,449e8a1b-9d46-4fb6-8279-7bd7c4332798,PayPal,Pending
b087a596-628e-40c9-9f5c-22cbae89e539,100114da-31df-473f-9fa1-af1138f56cc9,Books,5,224.6828729,1123.414364,16/11/2023,061ea0f5-759c-419f-88a9-f5e1d468e020,Debit Card,Completed
acdc6b8e-8bf8-4f31-9372-4c609fa7d479,f079051a-cc56-4632-b2ad-fa9cd6f96ba7,Sports & Outdoors,2,309.3940386,618.7880771,27/07/2023,6d7e74a1-6ea0-4732-962a-ca785964ff9d,Gift Card,Pending
e34af1b6-0ee1-45c5-9ac8-c14000cc2608,9faf20be-bca9-4149-9fa4-41b438d1dcf4,Electronics,4,121.1307977,484.5231908,29/10/2023,b3b575a5-34b0-4895-9144-c43d01a3a59b,Debit Card,Refunded
98b2c775-dc92-459b-8c86-4602e4ad2b37,77ffe86c-b504-4c0d-9390-510d20f1a8ff,Sports & Outdoors,1,44.50599633,44.50599633,10/01/2023,c64756db-be6c-4e52-839e-3de9b84426aa,PayPal,Completed
71a7b783-1904-4a40-b92e-c6224bad29af,072f24bb-d889-4704-b2ea-95d0f75be9f6,Sports & Outdoors,1,139.5950456,139.5950456,24/02/2023,d9ee2039-c560-416d-91de-7540868a1129,Debit Card,Completed
b7f47d97-e215-4369-907b-36b97a3670e3,fd12db25-a206-482e-b0d2-d430ad691d8c,Clothing,1,92.12627484,92.12627484,18/06/2023,3e4f14dc-269a-4e61-9403-b193a99dac08,Credit Card,Pending
c7dc9c9a-947e-474e-8d8d-cebc95c65a92,267505dd-227d-4b8e-b7a7-fbd56884224c,Books,4,459.9125,1839.65,17/04/2023,4d90ecca-22ec-4efa-83e1-0afc499d66f5,Credit Card,Cancelled
53a0c173-3b8b-4990-a722-67f4f65ee755,7a0419d8-1ee7-44b9-bc32-0df167898e5c,Electronics,3,72.16963121,216.5088936,29/04/2023,732e101b-b411-4a0b-88e4-226764876c30,PayPal,Completed
1c6a10dc-df34-4823-8ab0-a68306dd1e7f,bf6dbc69-3b98-4578-8593-2db56a93d36a,Sports & Outdoors,3,277.3428572,832.0285716,30/01/2023,0cfec3f6-15d4-4176-a38a-821767d58e16,PayPal,Pending
505a0c1f-baad-4a90-8dd8-8be9b7b7eb21,a2dc734f-3d0c-48f7-8297-84a414c6e6f2,Books,4,168.2285922,672.9143688,09/10/2023,52e17864-641d-4ce0-8f75-a5fd0ac3ca45,Gift Card,Cancelled
a111bdc7-a918-44ca-84da-dcb9082aa53d,8d99f904-9cab-4ae4-8b08-111cfdb25ebe,Home & Kitchen,2,449.2981409,898.5962817,11/03/2023,e2dc74c6-fada-4870-89c8-3d17fd9e96ab,PayPal,Pending
866db8b7-c5b6-4364-bda1-4e10b67ade80,64d480c0-72d0-499a-90c1-576a69d00c41,Books,1,452.1212579,452.1212579,19/04/2023,900e2f3c-98ea-4c6b-9301-7fc60d98cc09,PayPal,Refunded
bb2f6d73-6a02-4bc4-b2fe-2be337438ff5,8e2f546a-ea08-4955-b00c-7b1f124d49f2,Home & Kitchen,5,439.8878712,2199.439356,21/04/2023,d5cc2b0c-5717-4f59-b83e-bc6b8750582f,Gift Card,Completed
46ea83e2-365c-44d0-83fb-997873e232cd,3346d548-51ab-4a3b-affb-436579b93fa8,Electronics,1,350.3609245,350.3609245,16/12/2023,fad29b32-90c4-4fb3-9feb-017158f10231,Gift Card,Refunded
19c62be0-54cf-49fa-b309-88ef1664c5ff,1f6fc934-54a6-4c80-83cf-7141d9b524ae,Books,3,381.5154385,1144.546316,28/09/2023,145adb05-36ec-4e3d-8c0c-e7614c8839bf,PayPal,Cancelled
575c90f0-4296-464a-8502-6615a38c5ea4,5a622f5c-9f4f-44bd-b857-07a85fc14abd,Home & Kitchen,2,249.0637543,498.1275085,25/05/2023,f7b904d5-72e6-4470-a9bb-5c2be172b595,Credit Card,Cancelled
f9ec35f9-8094-479b-9cac-a08d1c03327a,5df80ef9-fdb7-4456-be8f-5e72025339c5,Clothing,5,266.4983422,1332.491711,27/04/2023,6d133549-e062-435f-a941-c7ef0dbb19f1,PayPal,Refunded
ae7dab85-a21d-42ac-8db2-ba3d063911b3,8051be09-191d-46f4-996c-ef130842fff6,Home & Kitchen,3,116.9522815,350.8568445,27/07/2023,19a672da-c86a-493c-b188-3a3f836e0f91,Gift Card,Pending
efece6ff-2b55-42a4-9bd1-c97215b20779,1af0bae8-9df2-41d3-aeb8-4b3ea92a5864,Sports & Outdoors,5,158.3841505,791.9207527,17/11/2023,f3c28333-7b60-4883-a38e-6958216b78c5,PayPal,Cancelled
8a39e421-84ff-40e2-9598-e530f5046850,2a1b01c1-76af-494d-840f-99b2d1550cd7,Beauty & Health,4,101.7123397,406.8493588,05/06/2023,b973d6d8-410b-4961-9688-7bb81f300eaa,Gift Card,Cancelled
3dfc9697-a8dd-467a-bca1-326a48b3bc4c,bbf2d7a2-83b9-4587-996a-b73968895cb1,Electronics,5,309.2771595,1546.385798,22/05/2023,ed845062-5525-4d3d-9567-9ff1a611a531,Debit Card,Pending
cb368bdd-2dda-4de5-b2e2-1fb7b3b2c2eb,f9596f45-5436-49df-9e8d-e70e1c928f27,Electronics,5,387.7384176,1938.692088,28/09/2023,19aa1381-927b-49ed-b798-bc74e286fa16,Debit Card,Cancelled
479a7cef-d5bd-41f2-aef5-f23b5f231b2a,4939b50c-0ed8-48bd-8995-231c5cb196d3,Electronics,5,302.5015506,1512.507753,04/03/2023,628e2cd4-ea48-430d-a42c-a8e609e2e8f2,Gift Card,Pending
510ead41-cfdc-4c90-b74b-61be58058094,f702d4f1-b4ae-41a2-bc71-9fafe1ec54dd,Sports & Outdoors,4,134.6203676,538.4814702,29/06/2023,e819edae-6eee-41a8-9ede-929103a8ac32,Debit Card,Refunded
73ec56ba-7195-4351-94a3-20b991ca0153,27bb0b09-f569-49af-b916-1c00453c34cf,Home & Kitchen,2,408.9997317,817.9994634,21/03/2023,6591662c-0262-4f70-be74-3eecd80c4caa,Credit Card,Cancelled
016d6274-c20e-4187-9bd5-54b770b166a5,a110dced-db44-4bb1-a41e-e2f10e516d7c,Clothing,4,314.507703,1258.030812,09/09/2023,c4c323f2-09e8-4888-a4c3-cc2b790c5e00,Gift Card,Pending
f2b71e9d-4c2f-4780-bd90-7de16f791db6,46deabe1-0289-44c5-9381-fa354bd5b807,Beauty & Health,1,112.5764249,112.5764249,11/01/2023,3deeeef7-8ee5-446c-bee4-038908dfabe9,Gift Card,Pending
132858ca-3d5e-4066-a189-7dd68fd778e5,e72e209b-8e5e-46b1-ab3d-844c783a4171,Home & Kitchen,5,144.7976408,723.9882042,23/06/2023,0f032b27-8161-4f99-9007-951f03ea4914,PayPal,Pending
6d87ec94-50ba-4211-a627-c362ca6631a8,7704d435-be3a-4a6c-aa87-cc6af0f7ee8e,Books,1,320.3363065,320.3363065,22/05/2023,13edcb4e-3f5f-4d91-b4bb-cc72f909210f,PayPal,Cancelled
aacc37c7-bee6-4f70-9a52-d29d7bfeb542,d9193c7f-6a37-40ce-9c46-9efc4556930e,Beauty & Health,3,198.5870989,595.7612968,09/06/2023,6bccaf40-a881-416d-b91e-a2eca1ce45c3,Gift Card,Refunded
07fd3522-3a53-465d-8c0e-98fef0664ee1,0e2b812b-ce59-4ff8-96b9-ad4d6e7bc5b5,Sports & Outdoors,5,249.2160758,1246.080379,16/07/2023,90f475a9-eb58-48ca-85a1-3768435fac07,Gift Card,Refunded
5f3b5e36-458d-4606-9866-376c7bfb1519,d29a5e5c-4702-4609-882b-c35f6286c2c8,Sports & Outdoors,4,229.3737028,917.4948112,23/10/2023,f889b350-80a9-4386-b74e-1b3f1b1a912d,Gift Card,Refunded
080f8f7e-e580-4016-bd4d-e83daa9bc103,56d2da91-ba6d-4212-adaa-b6f494b04809,Electronics,3,435.1646182,1305.493855,01/04/2023,d45a0a49-0054-4da5-bc9d-829ff25e4f3e,Debit Card,Pending
8bdcb5fe-5eb6-4628-ad81-93b2e4191f5a,ac0d03b7-85af-40c4-8d31-cd7611751183,Beauty & Health,5,63.62253483,318.1126741,07/04/2023,ec870ea0-e37a-467c-9870-27b6507c27ad,PayPal,Completed
73926656-0c7e-4dcf-8e55-8dce4a1f2a29,3fdf7336-3383-402c-b008-e57afa88e1df,Home & Kitchen,2,76.36387447,152.7277489,30/10/2023,8fa8d210-227f-4918-9b72-97a7717e446e,PayPal,Cancelled
6bdec72f-3849-4dcf-8e24-5da8ddceb731,ec4ab112-9af6-4e0c-a171-b13d9fa4fb7c,Home & Kitchen,3,410.6678008,1232.003402,14/07/2023,4f02951e-ee96-4d14-9f95-be9036e4c35e,PayPal,Pending
a0b72541-f468-4926-b57e-91f4c6b304c6,ef145b53-7364-458a-89e5-1587d8dc72ba,Electronics,4,298.6426011,1194.570405,31/07/2023,7b7484df-c1d4-469c-8ec5-3c90af8d5ec3,Gift Card,Pending
543d0927-de85-4077-9585-8dbbf5d87fcb,8c1bcc1b-bd28-421a-92d0-3ad432364607,Books,2,31.72673132,63.45346264,08/05/2023,51ceb764-8abf-47c3-8bd1-d0635cad09d8,Gift Card,Pending
852671ad-6083-46bd-9e43-157422a09ead,0b16b28c-a33c-4633-9721-5035cc963efc,Sports & Outdoors,1,99.68999756,99.68999756,29/06/2023,cdc0aa1d-6b47-47d1-81b3-1168d9c71d10,Credit Card,Cancelled
b6e14bc2-f5e8-423a-bbbe-61a6ea12f283,5aaa1e04-6d63-423d-b5f0-37926a74ea1f,Sports & Outdoors,3,425.0843555,1275.253066,22/02/2023,7dafacab-37bf-4aea-8bf9-3ccfde590ff5,PayPal,Cancelled
d093e201-2a85-437d-9279-4ff334370b06,9b9852c4-c6ec-4a3e-95f6-32ced9bd5b44,Home & Kitchen,5,305.5235408,1527.617704,14/01/2023,f924c7fa-ac55-4431-946c-a6f69c05f06f,Debit Card,Cancelled
06bfdf17-0e2d-42b9-a8e2-c77d0a140164,4f17b372-0d68-4e59-b768-8ac55957e59e,Sports & Outdoors,4,79.55419563,318.2167825,21/03/2023,5c91629d-6e87-4b01-8c72-0306bbcef7cd,Debit Card,Refunded
bb40587a-8152-4e93-81e6-008a1639bb4e,39e0488b-e52f-48cc-b6e1-3425717e27bd,Beauty & Health,2,136.1915173,272.3830346,05/11/2023,be42b43c-3485-4c37-a7e6-d8954a9fc253,Debit Card,Refunded
132ac058-a584-4606-ac7f-7b015a0e6711,cee51624-9f87-4241-b16c-0becfa7a5fe2,Books,3,266.3944744,799.1834231,02/11/2023,6cf2ff83-2e1e-4627-91a1-818c153f1c90,Debit Card,Pending
ab5bd451-7b65-4077-a316-6fdf2888eece,d66744db-2023-4867-9cc9-539dabe0dee6,Electronics,2,341.6844283,683.3688567,17/04/2023,b29928f6-5711-4b03-ba2e-e832c7739b51,Gift Card,Refunded
adae1f03-80a7-4207-a3a8-d3a2ac1f0955,ccef5e70-8c79-424c-9b83-b982a23022e6,Beauty & Health,3,174.255665,522.7669951,14/10/2023,b0449d33-72db-4d74-8a99-3b0fbe3e3548,Gift Card,Pending
bcc5d512-9fdb-4b72-9baa-b7a5c2c04e86,65234dc7-52f0-4299-840a-750e757e6fe2,Clothing,4,96.64651163,386.5860465,14/06/2023,961f9200-3f92-461c-8e79-1ffb85afec09,Credit Card,Completed
c424b1ed-f1e6-41c1-a8f9-0c5cd8661fa8,00985311-fd0e-49e2-890f-ba8e0ee6f071,Home & Kitchen,2,407.6309192,815.2618385,18/05/2023,3eaa0932-a985-4fa4-a181-10bc61c535cf,Debit Card,Cancelled
56f488c5-43ea-4722-a736-4136a6089e0b,570dbbde-729c-4c15-93a9-a9f000414ca2,Home & Kitchen,1,30.64015623,30.64015623,13/08/2023,1fc572ce-8b22-4fac-8b3c-8b1893fdadcb,PayPal,Completed
34c92242-f812-44be-9150-2fcf0d78fc7d,06b56319-4161-424f-9517-67a8dd5cb0fe,Books,4,197.0956202,788.382481,17/12/2023,e05d3fa2-83c2-42ea-ae18-db12d22553a9,PayPal,Pending
313ad1b4-c592-4bf2-8d34-47ee3239aa49,365ce888-3f32-4fc4-b2f8-1af4ac84b7d4,Sports & Outdoors,5,27.00664654,135.0332327,12/07/2023,602f4e39-b620-4bc9-9d4c-49ee497280f1,Credit Card,Completed
dbb4b148-ce0a-4c5b-85d2-32bd25e05a08,fa6d3631-9ce5-43f1-ad90-d467231da507,Books,1,312.766709,312.766709,23/08/2023,0d9c13ff-292d-40c3-861c-39846b349fd8,Credit Card,Completed
dc2aaeae-5dc7-4c2a-8094-d85c60bd123a,61abd88c-07e6-40e9-aac2-aebb8270dbd3,Beauty & Health,4,142.7133709,570.8534836,16/01/2023,92d7549a-8864-4ba1-94b2-39f29774b752,Credit Card,Cancelled
2d658a21-cd5f-40b0-afc1-a207a1dc4a3b,57589d4c-bee8-4ef9-b049-f38d68a4f8c3,Clothing,2,272.5476874,545.0953749,04/11/2023,47fcae60-f06f-42d7-8b79-519491a1b66a,Credit Card,Pending
d9cc3386-b3c0-4c9a-a604-042271044d19,46f15162-3097-4586-89f0-153c0e3969c8,Sports & Outdoors,5,378.5258139,1892.62907,30/10/2023,72e8a5de-5755-4ae6-81ca-185fa3991dec,Debit Card,Refunded
72734df9-e1d5-44bc-83e4-a85abe623c2b,f6c9400f-91a0-4fbe-95df-8d82431d6d8d,Clothing,5,158.4962336,792.4811679,25/03/2023,4e9248f2-0210-4cea-8c7d-681bd456807a,PayPal,Cancelled
31bc71bc-df3c-4692-981d-df917ab0e202,020806f4-2800-4ba5-a315-d486bd4f3506,Electronics,3,165.212915,495.6387451,17/04/2023,f2ff5144-de66-4a66-b23a-1cb804fb9ef2,Credit Card,Pending
9c578427-ec1b-4e1e-aeba-49c522086fbc,3fef0b24-9da0-4818-b2c6-f3da88f32ac3,Sports & Outdoors,4,387.9144858,1551.657943,24/04/2023,d40b9a34-91ab-4429-9cfb-701d3576cad0,Gift Card,Cancelled
9b2df33f-9ea3-4b6d-a463-6b30ccb02203,8b64513a-159a-4be8-8349-147fb09ec0d7,Electronics,1,476.3448495,476.3448495,01/08/2023,a94da4f0-372c-485c-b5f1-f919170abff1,Credit Card,Pending
a5b33751-dc1f-4f2f-9ba4-680cc5e88d40,6d55c7ba-3219-4a01-8280-1fec3c423c9d,Clothing,2,376.6419882,753.2839763,09/06/2023,9edf0efb-5805-4dda-bda3-774238cc6d38,Gift Card,Cancelled
c4dd579b-a473-4dc7-9aec-59fe185c75cc,1ffb98b8-f1fd-4991-b6cb-a8fe7698f5d8,Beauty & Health,3,168.4728128,505.4184383,06/04/2023,fffc8610-7ee9-4f6e-bb3d-e4ae5aaf83c2,Debit Card,Cancelled
705ad39c-f960-41ff-b2df-31e44b4d73af,96610c56-2f37-498b-ba23-549cc48d1fb7,Clothing,2,445.1171193,890.2342386,14/08/2023,0a79981e-bb8a-4369-bfe2-65ddc1e3ef4d,Debit Card,Pending
d8d8c66a-f5ea-43e9-a11b-49679ac969ab,186b3a23-69cc-4f16-b339-7e09df0a9153,Beauty & Health,3,180.9545116,542.8635349,21/02/2023,22d7051f-a905-41cf-8792-16a7bac100ef,Gift Card,Completed
c91de003-db46-4dc0-bfa1-454bc0d28b92,bddc9b8d-0a0a-427a-96b5-f39c25624d93,Clothing,2,312.6453839,625.2907677,20/02/2023,6507d341-d941-4a5f-bc65-85ff7e6ae069,Debit Card,Completed
79831fb3-2c02-47fd-9b0f-2d4f96cd651c,0be87800-6848-44e9-8f18-7ebffd90de88,Clothing,1,426.3203383,426.3203383,02/01/2023,1839972b-3d6a-49ce-96f7-e431bb276f52,Credit Card,Refunded
414456c6-3e8b-4de4-8639-c5202713c881,fac65895-4d16-4f46-b1b3-0121ed01c7c1,Sports & Outdoors,3,403.7278394,1211.183518,09/08/2023,62b29de7-87a7-452d-a11d-91b75efb4517,Credit Card,Pending
795c743e-e269-4af6-841b-7a9a68db2a4b,6531f1b5-12fc-493f-9c68-b066710c70d7,Sports & Outdoors,5,115.9978179,579.9890894,31/05/2023,d8105e27-c9f6-4a65-9f82-9a66beff4dd2,PayPal,Cancelled
3f3d49d2-8c23-4523-a250-edfbcbadc1b3,8fcebc63-2710-4f72-a575-ec91c4257d8d,Home & Kitchen,3,368.4145267,1105.24358,31/03/2023,20bd3131-8847-4773-abc3-f3b05bf7d801,PayPal,Completed
1774bfd5-94da-4a4e-b692-1c087ec8f333,7c8025c6-cd22-4cff-8c74-d05783e486bc,Clothing,5,41.33385909,206.6692955,11/09/2023,ceafe57b-1a47-4762-a08f-cb13acef78b0,PayPal,Pending
e3f97631-4cff-4f01-85d6-b636c853465f,fb0feb4b-98d4-4c2d-b6e8-692bb77c2731,Clothing,5,434.6555616,2173.277808,03/05/2023,d33b96bd-6300-486b-adfe-892d920a9918,PayPal,Refunded
68518743-4879-4a39-a119-baaee5ee61b8,9ae3cb6b-263a-4a0e-b57a-3e4800770e1f,Clothing,3,336.1749182,1008.524755,20/05/2023,15ac94ff-97b7-4a54-81c9-d51775275957,PayPal,Pending
1a3f9448-1c67-442a-91b2-8fd01a259b5b,493808bb-db7d-425a-93f7-5b5764dca06d,Home & Kitchen,4,345.5620892,1382.248357,06/10/2023,7cb8671b-6b72-42f8-853b-c4a7dd37ed57,PayPal,Cancelled
d89c7344-a21e-4842-aca5-cae1ce4ca90c,ad31a71d-ae56-4a20-b6ab-ab544604ee6f,Electronics,2,122.3844707,244.7689414,17/09/2023,31360bd6-0974-4883-a64d-432c3ec77ce6,Debit Card,Cancelled
c1823ee7-6a6e-42af-955e-3ffd22a4454d,53074d50-5819-4a91-9a42-f5da02a7feff,Electronics,5,77.34433731,386.7216866,17/06/2023,4a09bfc0-05d5-4a24-9501-dd4338c5e71c,Gift Card,Cancelled
9000c475-eb34-4d6c-950e-36847a4ac63b,f6fa085d-703d-4293-9a09-9d58479e80a7,Electronics,4,31.5097069,126.0388276,07/02/2023,03bf324b-849f-48c3-8963-87396a62582a,Debit Card,Refunded
6b4dca1c-4f46-474a-ba16-34e2212b76ea,5531e8ec-002f-4ea5-9142-8eb8a7fefc6c,Sports & Outdoors,5,284.5614358,1422.807179,24/10/2023,56750873-db6c-4dbd-8b70-dba3bc2bf966,PayPal,Refunded
ebca9584-d134-4756-8849-a0d9344f81f0,acd50ce5-f4db-415a-8796-04e69f433590,Books,2,367.856815,735.71363,23/11/2023,044d7871-ee46-4e4a-94a7-1fd7f8dd2dec,Gift Card,Cancelled
1f0bb10f-13da-49d5-9a2d-d3cc36461b51,ca534d0f-16f4-444a-9c22-ff36dd8103b6,Sports & Outdoors,3,334.9906189,1004.971857,23/12/2023,55cbe735-41dc-4735-8019-3121627c72b7,Gift Card,Cancelled
276906e7-d164-477c-acc0-019d0f556532,e3eb2fd7-d8dd-4273-9ba3-c6d530c03c1f,Beauty & Health,1,235.0185675,235.0185675,01/08/2023,3f21959b-bea9-4720-8ac5-da8910df6e05,Credit Card,Completed
b6429791-62cc-4556-aae5-60f33a926b72,592e0b1c-b87d-4cb8-b3a4-cf5de18097e4,Books,3,172.3601232,517.0803697,31/08/2023,5fe21b5c-d101-4555-9b5b-61a2d3db6398,Debit Card,Completed
91bd3a2b-e104-4171-be47-33a09c89328d,917c058c-81e4-404d-be6d-32e581b891df,Home & Kitchen,4,368.5648579,1474.259432,21/12/2023,08b955a9-b190-4c7e-9363-94b91c0ad889,Debit Card,Pending
635dcbab-71b9-4f88-809e-ebd92b9a2183,6e17ba4b-36f9-48db-920d-bc07369172d5,Sports & Outdoors,1,167.0770005,167.0770005,10/05/2023,2e4db549-c0e2-4ec2-9756-c2bdde48b30d,Debit Card,Pending
6a2a4cdd-f251-44b7-90dd-e30298b6a179,23ccc821-ae49-4678-a97d-e5103634f244,Beauty & Health,1,481.6569749,481.6569749,02/08/2023,42db8c2a-dc58-40dc-8577-a415f4bd3cc9,Credit Card,Refunded
957991c6-3cb0-4603-8b7a-59980aa944dc,496a40f4-644b-4a15-b661-e0c727370c17,Books,5,184.530995,922.6549751,12/04/2023,255aa1c8-358c-4336-b090-7f2fe9e9d180,Gift Card,Cancelled
9c5a8445-eaf4-47d4-8b83-ccd486798a4e,e7fbcf8a-0c93-4e9b-9f02-fdc7bbb110ee,Home & Kitchen,4,158.0605438,632.2421754,07/09/2023,1bdab0a5-04d7-4b58-932c-079e4845113d,Debit Card,Completed
51c3878b-488a-438f-ac83-a8cea98d9116,fbbd29db-ed08-4ae1-b8da-4aa19e11862c,Clothing,4,107.6826961,430.7307845,13/02/2023,71595ad9-91f3-46df-9b36-744db8cafbe1,PayPal,Completed
05465f2b-0d12-4480-b815-1e0f8893e1ef,5d510cb9-4493-4094-b652-dc44f1d0344d,Books,5,387.9219639,1939.60982,04/12/2023,3150653d-38ba-4604-8a0e-ababd98ecb5e,Debit Card,Refunded
f6be25a9-2382-4d4d-8f7c-cd4065820f9c,6dc63649-dd0f-48a5-8cd7-449a716996a9,Beauty & Health,1,122.7288008,122.7288008,14/09/2023,0acab4cc-4864-476f-bca0-91c341726296,Debit Card,Refunded
77b4e14c-e2b6-4c9d-8d69-5d337ea3e67e,bad461bf-797f-4b55-a18f-075b1c6f85f5,Clothing,5,211.8697553,1059.348777,11/08/2023,b6a08c3c-38eb-41c8-b775-e30b4e199b4d,Credit Card,Completed
5c861ce6-7fd2-41fe-bee9-f4bf9e8d4da6,3d880d8c-6049-470f-b727-e9a8e1102c62,Beauty & Health,5,382.3174227,1911.587113,20/11/2023,77d33f2d-04b6-44f2-a671-cd93eae3c61f,PayPal,Completed
87a61f56-eb9a-4c1a-8e36-6ff93c221cc6,fdd1ddd7-b09c-4bff-87e4-77025d5a8742,Clothing,5,144.3426158,721.713079,30/10/2023,2aa6d5f5-58fc-4eb5-aa5b-9432236b04b1,Credit Card,Cancelled
ac7e8c30-3827-419e-a1e8-271fe0f0b610,38260ce6-1497-44a3-8bd3-e3fa1eb750ed,Beauty & Health,4,310.9165913,1243.666365,26/01/2023,82f01bd4-44e6-4a0b-8f8d-aeb666300d22,Debit Card,Completed
933304cf-c7f5-4861-9023-4dd2acf60028,4ab649b7-049b-4a26-9b4c-c6c6c1c2516a,Electronics,5,80.49068938,402.4534469,07/02/2023,c468b003-a652-4186-aff4-263e67a91416,PayPal,Pending
2372e5f0-16d9-469f-9d7e-e4e7f043f57c,d2725731-48b4-4a55-a77c-344b38c083a5,Beauty & Health,4,466.875307,1867.501228,03/11/2023,3f259e09-c6c3-4588-86cb-b54f04014da5,Credit Card,Cancelled
872c4460-2b85-49fb-9c14-bd3de796f272,ae7efdc0-6f2a-4c9a-8971-8df188154963,Home & Kitchen,1,207.7735878,207.7735878,23/04/2023,c83b37ed-1350-48a5-ac4b-bd7f4aa53f29,Gift Card,Pending
ff7c9568-9c0c-4bf5-a9ad-3703c83cf002,333a1373-9b15-43d2-be1f-dc72a4d2bf65,Electronics,1,255.4960762,255.4960762,23/10/2023,dd94bf9a-1576-46e9-8dfb-f8753af952fb,PayPal,Pending
bb93b0f4-537d-4c91-97ac-7356fd7a8d14,cd468d7f-3c2f-4df8-bdab-4a23d1a8a28a,Sports & Outdoors,2,25.21325863,50.42651727,09/06/2023,d896d56b-0483-454f-93b0-48445f9279df,PayPal,Refunded
1505fd92-7736-40c4-9bf6-3d4fbbb1fcac,2dbca8b7-5cc9-4333-9e3a-9aaa011f8202,Beauty & Health,2,261.0244912,522.0489824,02/01/2023,d4ad6266-e0f4-4736-bf24-df22473cc82a,Debit Card,Refunded
7d1d5194-5add-4c2e-8a1d-f569385e9873,536928cc-a84e-4cc3-8934-72b88638c13c,Sports & Outdoors,1,321.8202682,321.8202682,22/09/2023,581c5b30-292c-4cec-b27e-a576dfe30ab7,Credit Card,Refunded
b4439545-9621-47f7-8cf6-8d9888ec70f2,bb08df5f-dbe2-4639-a8c3-191495f6006c,Sports & Outdoors,4,222.8666887,891.466755,23/03/2023,01963084-78cf-4bb1-8a4b-a92a5b940fea,Credit Card,Cancelled
194826b3-3309-4d02-abc8-96f8ac642d13,a1912561-8cae-40ab-b26c-006ee728de0a,Beauty & Health,3,312.6378032,937.9134097,08/07/2023,8bff67b3-cbea-4b7f-9e4f-1b929418360c,Debit Card,Cancelled
46053095-c348-4d3d-8296-d15bfe1ba9be,e2b7c2db-9724-4c08-96a4-d4888b4f5daa,Beauty & Health,1,123.5065196,123.5065196,18/05/2023,c5f4b5a8-eb47-4d9e-b0ea-5b34e2e905f1,Credit Card,Refunded
d1e5b7d0-e52a-4faf-8786-f005289043f3,724e6236-fe21-4a69-b872-251f00c20383,Clothing,3,103.1040313,309.3120939,19/11/2023,00020b21-4491-4e23-963b-45f24f0952d7,Credit Card,Pending
d825aeeb-4289-4963-8de8-10f63e5d554e,207df9b0-e128-47a2-92e9-4b61faa8dbec,Books,3,25.93434267,77.80302801,28/10/2023,19c41d4e-b1b7-433b-9f43-f8f93a78190a,Gift Card,Completed
03d57873-4c4d-453a-b710-084d3be7fd6b,4fa65bf4-793e-45c1-b7f0-fd9eb4430b42,Electronics,1,340.6043471,340.6043471,25/04/2023,e4f30f98-f0f3-4b64-8060-072e0190790b,Debit Card,Refunded
39559ad0-9147-43de-b8eb-348442b2999d,d7360171-483c-4c66-ad97-2ab47a297d55,Clothing,2,408.8866854,817.7733707,17/01/2023,25146315-f9e1-4d1e-adb1-a069be7d82db,Gift Card,Cancelled
9bb9ddf7-0fe2-410d-8785-c9b07e836267,3dfea7b0-15db-4da1-8519-07f8c8b0cb6a,Beauty & Health,3,185.960979,557.8829371,02/12/2023,f9e157fe-4495-42e9-a127-332f36414b64,Gift Card,Completed
f624840b-e20c-45d0-8d46-b9454ed1214c,90cb8f8e-7987-42f5-8ed0-46d58be7dcfb,Clothing,2,434.6536975,869.307395,30/10/2023,6f9e2635-96a9-495c-8517-644997502f80,Credit Card,Completed
1fbf7eea-58b1-428b-88ee-149694a85764,fe9aa8ae-f6c1-41e5-8e68-15151ecf2533,Electronics,3,297.667127,893.0013809,14/12/2023,d673584d-f952-46b0-9a72-c87c7ba9ef7e,Debit Card,Cancelled
15c40cda-cefe-4550-b233-e4fcba3c9e47,77d6e651-105c-4452-a1dd-015e05fab5b9,Beauty & Health,2,50.72420618,101.4484124,29/03/2023,d9660c6b-15d3-457a-aa4e-afb1ece65ecc,Credit Card,Pending
00761d25-b27a-4902-966a-006646de428f,204b6d65-7273-4a0b-8e89-ece319c9a923,Clothing,4,470.249802,1880.999208,03/12/2023,126c7d13-5214-407c-a235-44b4f35c6af0,Gift Card,Cancelled
0ed5ef60-0375-4280-8cdf-0bf60f55b974,118758d8-614f-44fe-99ce-b7f0289049de,Books,3,408.6611206,1225.983362,09/05/2023,348e7c2b-388c-4a9c-9b99-3a9031685845,Gift Card,Cancelled
ef6c0ab8-193d-4135-b9bb-0ea32c947b36,7d793446-a064-4597-9833-0503f1275732,Clothing,4,281.4572128,1125.828851,05/02/2023,1abaf5ce-2398-4c11-a3b2-31bea57758d0,PayPal,Cancelled
f26ce5b7-7354-4b72-b076-c114ef3a96d6,376c77c8-7ba2-4899-a548-cea11960fcb6,Sports & Outdoors,4,240.8071043,963.2284172,17/12/2023,5fc1c378-b68a-4048-96d8-0a8b02a66fdf,Credit Card,Refunded
13dbc5af-aeba-497e-b70f-32bcff372f3c,0b512937-9d06-4fe9-92e2-7a5dc5fa6228,Beauty & Health,3,395.8356093,1187.506828,20/06/2023,0e5f50c7-9192-4787-b88f-09d07c7d423c,Gift Card,Refunded
60766911-4224-46bb-accf-fffc35910301,d579785c-13fc-4c2c-8419-aac0754a620a,Books,1,103.6495575,103.6495575,09/04/2023,1e39a910-c430-420b-9af7-105c1b4e6bc1,PayPal,Completed
26495768-d728-4930-8f07-c0bf0fcae486,385b33fe-06b9-46c2-a2a3-671461b8d7b6,Sports & Outdoors,3,467.5932544,1402.779763,04/11/2023,2de1d9b7-c017-43d3-ace4-4a7804de601a,PayPal,Refunded
c535fab6-b455-4004-9541-376a90d7e545,5db15e7e-9f04-448c-940f-8d12fd76a84e,Clothing,2,329.1722535,658.3445071,23/03/2023,a91cddf0-7e22-4593-8df9-83f2f4ee0c2a,Gift Card,Refunded
a55f1f0c-7370-4cb4-92bb-83ae0e5c4dfc,846ab063-3319-402e-8219-43ce434de800,Sports & Outdoors,3,456.3076469,1368.922941,24/08/2023,3f86a447-72d4-4085-899a-dfe8d8598aed,Credit Card,Completed
811140c6-2844-49f7-827f-d7c33b81b19d,1efb1b83-be7f-4c1b-b7c4-8de332df8ba4,Clothing,1,481.0126824,481.0126824,15/03/2023,da65d6a1-ca71-4b96-8ab6-34500614a924,Debit Card,Pending
1b841bfa-929d-48b7-b18b-b23152f971df,faf93fb9-0d84-4de4-b6c5-3b228c711e51,Home & Kitchen,2,264.3926115,528.785223,12/09/2023,4b79d1ec-d7b0-4b18-bb37-d8f2d311ce52,PayPal,Cancelled
ac90c129-7a6a-4b94-84a2-5c523695c720,fcd2446c-51de-455f-b37d-1032a7adf9a9,Home & Kitchen,4,92.2886692,369.1546768,25/09/2023,d458536e-d1f4-47ec-be61-080aefbfcb73,Debit Card,Cancelled
ae594951-6bed-4c3b-8559-900d5aeb090b,96369596-dada-4530-aa0a-01e36606f718,Sports & Outdoors,5,153.5475827,767.7379136,22/04/2023,4aab5b51-1a98-451a-b35d-6554178e7138,Credit Card,Cancelled
b543032f-9303-44e5-adb2-581c61562d02,406a55b1-0c82-4e4e-a736-5c08797efc21,Electronics,2,418.6979078,837.3958156,18/08/2023,26d3c80a-07a0-4616-88d1-e07e6f6db659,Debit Card,Completed
b8684bb2-16cc-4e0e-83f1-2651782e4118,04db6019-4a98-4472-8805-64bb7d883d05,Home & Kitchen,5,203.9184681,1019.59234,27/08/2023,81f20249-4f6b-4e87-948b-c3e203e80b60,PayPal,Completed
2383ce44-d004-4cd2-b86a-c5f51e47275c,7f97118e-8e54-469b-9607-8b943757cf07,Electronics,3,392.8470555,1178.541167,13/12/2023,25665fb5-0118-4aa8-9ece-d0def8c5e996,Credit Card,Pending
8188c6c0-d096-4594-a0b6-4eee5c20fd3f,b6852a2c-b7c1-4134-8a96-747f7582d16c,Clothing,3,87.1859333,261.5577999,09/10/2023,8f9fc6f9-4b67-4a10-a475-8819191ec1bb,Gift Card,Cancelled
0073d9dc-88d7-47de-8949-3d3119360413,be052c23-3908-4f9a-a125-b2cbfacca001,Beauty & Health,2,429.1527483,858.3054965,04/08/2023,ecd9554f-eead-4444-a2af-b47ca932289a,Debit Card,Pending
ee4cc33d-57ce-4663-a6b7-ff460bc8de6e,047b6c8f-8688-4dee-b492-4a57f959b077,Books,4,80.03350019,320.1340007,15/05/2023,92454cc9-b912-4047-b0ab-574037e20825,Gift Card,Completed
ddebe289-5a72-4182-a0c2-46b4dc8a4cf4,4b7079ef-b994-401f-aef3-155960f073ab,Electronics,2,103.9095764,207.8191527,28/08/2023,6519dc1d-7c68-4e71-b92d-74dad8ff661c,PayPal,Completed
a9a15845-15e1-463a-98fe-9cb0729c3070,f3d1d172-13eb-4a95-ae9f-9961bb25b75d,Clothing,5,395.7872011,1978.936005,24/07/2023,a9afc85a-e660-4179-bbaa-d690fbcdfa99,PayPal,Pending
bcf47284-5160-4d32-8250-405c2d939e0c,59d44086-ff31-4fbf-81a4-983d9e7bed02,Books,5,134.0561014,670.280507,30/09/2023,d61f5b88-c867-4b62-8fa2-d79c1c1d3da6,PayPal,Cancelled
61b8f618-482e-404c-8557-2b234754abcd,d2e6a183-a421-427b-9ec2-21924f313700,Books,3,134.7940547,404.3821642,02/11/2023,0b697ed9-3fe4-4172-a70e-08a429d1fd39,Gift Card,Completed
a9bcbac1-b0d7-4c9b-98a0-59c2b68732a1,6883d5c5-361c-424a-b84b-d548c3ff9358,Beauty & Health,4,473.8252944,1895.301178,28/02/2023,926f3c54-e0b8-45da-93b2-39bbc50bf04c,Debit Card,Refunded
f3ddb942-b539-47e0-92e9-4b10a1846a74,62f65995-59d3-4f9f-882d-f9e40553d9bc,Books,5,348.0073019,1740.03651,02/11/2023,94cb7cfd-875c-414e-8544-e13334737410,Debit Card,Pending
3640e16c-a7e9-494c-bd13-26e989619505,b8f31325-0b0f-4ffc-985d-a9388f633242,Beauty & Health,2,438.0162817,876.0325635,01/05/2023,cc6286c9-8904-4408-80f6-5981977bf093,Debit Card,Cancelled
117bd985-3be4-406b-9a92-680859a03301,dc521bda-906e-4e7a-9d1d-b25c2265f44b,Beauty & Health,3,261.4909713,784.4729138,22/05/2023,bea5c138-3205-44df-9745-eef55fed16d4,Debit Card,Completed
4dca863c-9ced-4114-b284-155fabbcc8d1,44774686-58b9-41cd-a3ed-a4021216ad0f,Clothing,2,198.0595385,396.119077,21/12/2023,d6183bde-eec4-47d9-8c7a-3bf639363fca,Gift Card,Cancelled
a4be5329-886c-4124-bef3-f3f1983d49d6,977c9ea0-dc70-4f97-9815-e410b2619862,Clothing,5,109.1175193,545.5875963,05/09/2023,45129712-5a50-4f11-b049-ccc49484da01,Debit Card,Pending
bb83ca14-1e8f-4272-aaed-253d4d6ae786,6448ea61-f194-47fe-81e0-388e92c0057d,Electronics,5,407.5546906,2037.773453,24/07/2023,a80b69ec-e566-499d-ae40-37160bb2462f,Debit Card,Cancelled
a14300e5-61cf-4127-9ea5-2cbf3e8310e7,e86ecb6b-84e2-4d65-a336-16a954ab3f12,Books,5,474.1767846,2370.883923,24/02/2023,0fa6881a-4f8a-4519-80d0-7d958d0b0372,PayPal,Cancelled
12cfe9b9-066e-4236-94f6-b478c999fab6,3b2c8d83-ab14-4760-be66-53983aa602f1,Sports & Outdoors,3,55.99601562,167.9880469,25/03/2023,be29b7f3-cc79-4a80-ae06-df120f048185,Credit Card,Cancelled
fbe144c5-17e8-4c53-91f4-776f66a98ca9,5895d01b-de4d-4ee0-9a47-695aaa2785b8,Clothing,2,254.7386053,509.4772106,14/11/2023,1e751698-f0a8-4273-9013-ba76ecf0fa6d,Credit Card,Completed
8d4bfa95-12ae-4b54-88af-06d4fa89bbb4,1b16fbc1-4629-4812-8395-923b5e8a1556,Beauty & Health,2,130.1843296,260.3686593,16/12/2023,cc34b643-3480-4aa1-83c6-6cb51d725a76,Credit Card,Cancelled
46f5722b-9c55-4439-ac5e-0f43389d2da5,312e2012-d185-464e-8d1c-9680de8cdcfc,Books,1,475.2633872,475.2633872,29/01/2023,4eba442f-326e-4ebb-95ef-0f1c8b5e8b9b,Gift Card,Pending
0ae5cd3f-ba82-4794-a2ea-c0df148d7e3c,a2ba9509-de92-4df6-b832-9fbd4988da3b,Home & Kitchen,2,107.725996,215.451992,20/05/2023,72b5ebb1-d182-4cd7-9325-67553a02b5f3,Debit Card,Pending
f60a9a4a-6b95-4930-ab69-ea3cbafa8588,f052c802-e7d7-44b8-a011-7674439e24f3,Electronics,1,91.1128054,91.1128054,25/03/2023,0360494b-f424-4941-98b4-d6f3453b77ef,Debit Card,Cancelled
f78cccaa-dfbd-47da-89bf-220463f4edeb,1d0a48b4-d7d6-4fb3-9ac0-08fe4e00c049,Sports & Outdoors,2,99.97337216,199.9467443,17/12/2023,c940d56a-db57-427b-842c-fbd2202b1b6c,Credit Card,Pending
68a3d786-bf13-4476-b89f-7c9e63215052,2bf84100-b038-41aa-ac7f-38dc5b313784,Books,3,182.681212,548.0436361,31/03/2023,b574f8aa-3da3-4a14-9777-ea0836d76970,Debit Card,Refunded
0a84be1e-1dea-48b7-8fe8-967c0d641dc6,08d726a4-6f8c-46c0-ab97-26ca7cbe6f32,Home & Kitchen,1,276.0476653,276.0476653,18/08/2023,54820733-056f-4cc5-8bcf-301e02609057,Credit Card,Pending
adbc6863-b093-477d-b700-6da6d3801316,ffa03f67-eb2f-47b3-ac82-043b240b8c6c,Home & Kitchen,4,75.23527506,300.9411003,11/07/2023,e18d6e16-8c56-4641-8fb8-78065d17d785,Gift Card,Cancelled
7a5e4c93-d4b1-4779-bedc-8c4641a7440d,634082da-a47f-41ab-b5cf-7b69c8bd11d6,Clothing,2,33.39347698,66.78695396,13/03/2023,ce62fa54-9e0a-4bb1-a85b-96dc3a2a5378,Credit Card,Completed
6cf46e33-5baf-4b3c-bdc4-ca76d52e0424,ee47b39a-5d50-4f73-af7c-c89baf5afbb6,Sports & Outdoors,3,457.6553639,1372.966092,24/03/2023,1f2582c0-079e-4fc7-bef6-07cb32904afa,Debit Card,Pending
1fe5c9a4-ffda-4fc9-bed6-a22c03f09f60,cfc271d0-7fcd-4b29-94d4-dd37eec02dc6,Clothing,3,247.7645512,743.2936536,10/03/2023,88c9310d-47ab-4a46-8e06-017f467f4eb3,Gift Card,Completed
d571bc96-c22d-40aa-81f5-faf907cef4e5,7e6dda55-9b67-4dd2-9a2f-d10461291f6d,Sports & Outdoors,5,285.7554913,1428.777457,14/11/2023,9db8bb2b-2ff9-43ff-8e17-a38f187ed29d,Gift Card,Cancelled
ad48f4a3-2533-4066-9335-bbb6b55f3b3d,e0e457dc-88aa-4aba-9ce8-52afc21f4eb1,Electronics,2,311.2152383,622.4304767,25/02/2023,8b8b5d95-ff8f-4464-ae9e-b49be8d9ab8f,PayPal,Pending
e064c373-ecd4-46f1-a0fb-8d455c245c73,c9bd469f-f42b-4bdf-91dd-3fd364f2083d,Clothing,3,72.56043287,217.6812986,26/07/2023,dcd27035-2cd0-473e-819e-a6eaa498929c,PayPal,Pending
ae087b57-018a-442f-98b1-7a5dd8e6bfe2,7d9967e4-18c5-4f59-b95c-b9a853721a61,Sports & Outdoors,3,38.10073503,114.3022051,20/04/2023,eb4ff465-ff19-4df1-b866-52e629a2567c,Debit Card,Refunded
fb74e77a-4c71-4e24-a96c-5ef93701d22e,8cb7f994-7d74-4989-bcbe-ad1f048e7a43,Home & Kitchen,4,487.2244948,1948.897979,18/01/2023,ded78d8e-d70f-4627-8faa-1e81e88f07df,Gift Card,Refunded
dba2e351-600b-4cf6-b49f-361ac0a97336,d9ac0671-740b-41e5-a4b6-ee3ac2564401,Beauty & Health,4,374.9593339,1499.837336,22/07/2023,569cf5d0-ce9f-423d-9fa1-1ae898c2b017,Debit Card,Refunded
7a71a384-e59b-49ae-b67f-2da1a4b77f37,e64af355-e5c1-41bc-b7f4-0e7b2cac90e4,Electronics,4,109.1741653,436.696661,23/08/2023,55383d60-62a6-4278-91c4-95d4c6225f22,PayPal,Completed
9684147a-d269-42b2-9cf1-396babcc6490,95a15eca-656a-4eff-855a-0947ab24749f,Books,1,438.5847868,438.5847868,17/07/2023,03e5353a-ac08-4b9e-933f-3658864b70b8,Credit Card,Completed
1dc77324-faf6-45e6-b21e-54b6422f638a,e795661c-e9f6-4802-8d42-510afff30ac2,Beauty & Health,2,341.0442672,682.0885345,17/09/2023,f735cb5f-82bf-4c6c-9b96-07588fd2e5ec,Debit Card,Cancelled
1d3f6424-9380-445c-83d2-77b6ca9baad2,d4a793aa-84c4-4a3d-a8a1-7711bcac4fa4,Home & Kitchen,4,10.72163909,42.88655635,04/04/2023,a1149ada-ac65-441c-a85d-47a845f355e9,Gift Card,Refunded
80dd2113-ce03-4c77-8240-3e990b9653a6,ec97ac99-e000-442b-8b7c-62838d659fe6,Books,4,493.5827219,1974.330888,16/04/2023,df565b26-4950-44f8-9803-d90c95adcb97,Gift Card,Refunded
21faadd4-ac07-495f-81e1-74f7ec671872,8a28fb59-db35-4e5b-b03d-fb73ba7e8a9f,Electronics,5,256.1221927,1280.610964,17/10/2023,03cb61dc-7f80-4c37-999b-c45b3d50681d,Gift Card,Pending
f8bf4484-d7c5-4054-a8cb-42267fefcdef,46c011ce-bfc8-4d35-90f7-fa2f8a0a2afe,Clothing,3,242.3288339,726.9865018,30/08/2023,72f2ea54-5f64-4802-a756-fc4aab8f3f03,Credit Card,Refunded
47025b24-c89e-4346-8755-d5fe6abe5ef8,d7a62325-a216-457a-a798-4cebf328a36a,Sports & Outdoors,4,68.42948605,273.7179442,04/01/2023,96a3c0c4-2237-4fb5-9745-2da70333b160,Gift Card,Refunded
e4645ae8-bb51-44df-a408-7c325296151c,2c86c238-c8df-451b-9bc9-c967b869f0eb,Books,5,82.00885569,410.0442784,26/05/2023,ccc07d37-23bc-4712-ac06-f7bd96bd6fa2,Debit Card,Refunded
2b44a0f6-1ce7-4841-ac10-7fdc507b04ac,dcfc8b37-5cb9-42e1-a413-19d32a33c5df,Beauty & Health,4,18.6730752,74.69230081,14/11/2023,b154b28d-d85e-4679-b9b9-7af7205dbab9,PayPal,Completed
7f4dd483-7a2d-4362-9486-1a09372125b9,d248abdd-dcc1-49c6-b1f1-4abcedd3b4ca,Electronics,4,427.8513964,1711.405585,15/06/2023,2ed19825-6f7a-4e41-bb6e-48f0e65da21a,Gift Card,Cancelled
07c176d9-de8b-4724-beec-221f06d99756,150fca44-0b3a-4cd2-bfee-9f1e156d47df,Electronics,5,251.7387952,1258.693976,18/08/2023,4a8c47cf-00bc-4c73-86fc-fb9a4b08048a,Credit Card,Cancelled
247425c4-3779-49ce-9615-3afb0fe55d89,66b89e49-c0ef-4358-858b-fef3d245be53,Books,2,278.9688709,557.9377417,20/12/2023,e200fcdd-b19e-4708-b56c-8c8d7bef2f93,Credit Card,Refunded
eb8fc565-5f1a-4a4a-bc4e-217ce1e57d89,5bbbca6b-e492-4546-b197-bab3e2b27015,Electronics,3,425.7988345,1277.396503,22/05/2023,7984cb93-8a17-44b5-90b8-74eed95b5915,Debit Card,Refunded
8415f976-5282-4ebb-85c5-f33b0ce5082f,61e2a76c-1d94-4104-9526-059a467f21fa,Beauty & Health,1,403.0692011,403.0692011,06/06/2023,d95a1247-3ebf-4dac-a751-8bc4e34a6bef,Credit Card,Refunded
a02780fe-9485-41fd-9173-c583e6b6d16e,43ebc848-26e7-4215-a616-a52e2dff4b79,Books,1,258.5880818,258.5880818,27/09/2023,923fe61d-7a7e-44c1-a0e2-1f04fa19bce7,Credit Card,Cancelled
5778e6d9-0b1c-48c6-afcb-2f21caf73993,32bfe4bf-1635-4458-8b1b-c88d0badef80,Home & Kitchen,5,140.2626125,701.3130624,27/08/2023,461c9a06-f323-4e24-96a4-5139ce3c6959,Debit Card,Completed
00e9aeb3-12a3-4214-8c82-8bf8278a6977,5f2b5d6c-7cae-4a67-b2a0-7432b90a4e38,Clothing,3,239.8119844,719.4359532,23/12/2023,73d60732-14cd-4d7e-85f0-766fc4641684,Debit Card,Cancelled
d6b3f377-adb1-404d-b1e4-6415613410d1,c45f6c87-32cf-4e2f-9247-f25d398e3bd0,Clothing,3,313.7260308,941.1780924,25/09/2023,e6e17b0d-69ae-4d13-b09e-61998e2d5a40,Credit Card,Completed
eb0b179d-3b55-4a64-a397-1f517f1e1dc1,76d992be-b0af-4af4-bee6-36d0b934e00a,Clothing,4,291.1036458,1164.414583,10/07/2023,86b0f1c8-5fc5-41ea-8614-402ac2cba7f5,Debit Card,Completed
bc2d4b44-0476-4058-983a-75ee4f7aee3c,4c80c0ed-ee22-42a2-94b2-d8e6f340a6f1,Books,1,467.0492538,467.0492538,03/07/2023,4f85288b-c9d9-4799-a76b-76874b2f0020,Gift Card,Completed
74f45808-f579-4a7b-8ca5-633427438aea,60655ed0-d5fc-4696-84cd-85b8db98c28e,Beauty & Health,3,395.4869316,1186.460795,26/12/2023,992568df-c24a-4524-8ffb-1f48d1a95196,Credit Card,Completed
9521ec0d-6a71-4ce8-899f-eeb3e06e3bde,cefa58d7-ae9b-4f2f-a55d-71e576a84539,Clothing,1,212.9987216,212.9987216,18/04/2023,30ffcfc8-d4f8-4fb0-9057-6720dfe1dfb3,Gift Card,Pending
ec4892aa-6991-49dc-9ad1-9d76d2400afd,3b1ea062-e596-4c29-bf4b-02491716f1fa,Home & Kitchen,2,39.54344966,79.08689933,02/05/2023,12eb7edd-ef92-41d0-ae22-f010056fa96d,PayPal,Pending
f248eebd-b8ce-446b-bb7e-312b3d8dfb57,4a91ff0b-af20-414f-b843-9fffdb0b3f66,Electronics,1,499.3885053,499.3885053,26/12/2023,78b9d6f3-b1a2-46ce-ab18-869411526a53,Debit Card,Refunded
fca37a0e-80af-4e1e-8177-bc2fa2f12fdd,fef38b5b-6385-4364-b76a-04f2802c7f34,Books,3,443.8188311,1331.456493,27/02/2023,17ee90af-b226-47c6-8c1f-87260f508d20,Credit Card,Cancelled
d79cab7a-2376-48ea-8851-97a226d4ef82,339140ce-7eda-44a7-a615-604f54423963,Sports & Outdoors,3,378.0658784,1134.197635,27/09/2023,2313a793-e435-4146-9902-b83dec08be8c,PayPal,Cancelled
9a241435-91d4-49b3-a6f8-3e6ebeb54242,b4a1fcc3-b2fe-4a23-a48f-dd505003808b,Clothing,1,392.1469817,392.1469817,11/12/2023,212ca744-70e2-49de-8ba1-e3382d45537a,Gift Card,Completed
d5d8e585-5d27-4743-a1c4-8189eff27172,3bfa5507-ccb9-4d88-ac93-fed2367e764c,Books,5,451.6439616,2258.219808,26/05/2023,788a4acc-1e87-4f38-b2a4-6021b628dd81,PayPal,Pending
9d029cbb-1ad6-438b-be1a-70b8d4bb6379,812fe2c5-7a18-4b8d-9eed-5a7ce301843c,Books,3,221.5118802,664.5356406,27/02/2023,1166a45c-b744-4825-952a-86e1a77eb6c9,Gift Card,Refunded
4b01b6b9-b7da-4315-bef8-7b675da900e1,03e7f468-9151-4e65-b158-96cfbc5686f3,Sports & Outdoors,2,112.194751,224.3895019,18/05/2023,bed53eab-a6e8-4a7d-96af-c4754a9d0d69,PayPal,Completed
40930e09-87a7-4703-91aa-26d25b8f1a97,b2ce2f7a-30f0-4ea2-a7c4-06d6b0930707,Home & Kitchen,2,266.3710648,532.7421295,08/03/2023,d17f8fcc-617b-413d-9c84-452cd3a87fb6,PayPal,Cancelled
b8fe2ad3-b289-4a3e-876a-2dfccdcc105e,1152f70f-70af-415f-80e3-727d5a104329,Books,3,305.9512291,917.8536874,22/05/2023,212fd335-fc06-4683-b61e-340a0fea2daa,PayPal,Pending
2a35fd8d-2280-46d6-93bb-532a340fd6ab,e9e13967-925c-4a27-92ba-70143600d65a,Books,5,339.6770105,1698.385052,16/08/2023,4f0d8408-4e70-47f1-806b-6e1f9f86c378,Credit Card,Pending
905adfc8-6d4f-46b3-a763-b190684a4b8d,a645bf18-3fdc-49da-9510-c3d83cc77cbf,Sports & Outdoors,1,362.5980133,362.5980133,19/12/2023,13de88d2-ee14-40d5-8234-d9bf9d9226a8,PayPal,Completed
04ca056a-680e-4427-912b-893d977996b2,a05f14d4-bb18-4c1d-9f0f-5eda861bca6b,Home & Kitchen,1,486.7017994,486.7017994,17/09/2023,be2b6b17-0c6f-4bbd-8553-90387dd464c7,Gift Card,Cancelled
e72359dd-5cf6-4dff-9c37-8c6edfbf5554,72603ea3-022a-4840-a682-4972056762e0,Beauty & Health,4,223.5120503,894.0482012,29/07/2023,9435f5de-f43b-4d49-b8fd-622bcb4b347b,Credit Card,Completed
456c7484-9d15-4294-bdd8-9084b5ade53c,f0da6484-545e-4add-a0ff-4e439adacce2,Clothing,3,403.8632077,1211.589623,17/12/2023,99843c7c-238e-44d8-aa3f-e1256db64754,Credit Card,Cancelled
d376e590-9909-4db0-b99a-7e7d4462c75f,e8e6166e-789a-4bec-9650-e9e40f6f4cc3,Clothing,3,382.9301464,1148.790439,07/10/2023,6d620cf8-7476-4d70-a7ff-15c03894d72c,PayPal,Cancelled
7b58bd53-c954-4bb7-9e0a-aed4a2a206f4,35fbcfa6-a9ea-43cc-8732-e445ab99e98b,Sports & Outdoors,1,382.2336362,382.2336362,17/08/2023,90bd27d8-78ce-4f0d-beb3-619410fce707,Debit Card,Pending
5300200c-e666-43fb-8f36-adb1fa5ee396,25ec1aec-b161-47a7-b6d3-898feb859a02,Beauty & Health,1,315.2785313,315.2785313,20/10/2023,a7bb20a4-4655-4d71-ad2e-0143f6dfb3ab,Debit Card,Refunded
e8e5aaad-f5b3-42ff-9a3f-765de632ee1b,2f0f6f66-3ba2-46c0-bf0f-bd1b114dcb36,Clothing,5,110.1621224,550.8106119,14/11/2023,b16aa905-64fd-4248-9117-c8cd218e3e29,Debit Card,Refunded
ecfa5436-4887-4b1f-954e-bf079b08a4b3,5cf3ba23-11a7-4b4b-9528-3ff3e1d46ea3,Clothing,1,455.9986941,455.9986941,01/12/2023,84c76637-c1bf-493b-a4a3-51ffe5dc9f1b,PayPal,Pending
c979f646-b469-427e-b424-3e723d8bf867,a5a91514-e953-4a7e-8d17-25d152e7cf92,Electronics,1,485.1609121,485.1609121,05/12/2023,1420b657-1d94-4f17-a369-30a5af789420,PayPal,Pending
27a6f3af-1a1f-4def-bf10-f793b2f4a38c,c9458a0a-62bd-4dc4-a8e9-99253572c19f,Beauty & Health,3,164.4138332,493.2414996,03/04/2023,7da406d9-c2d3-426d-85fc-9869ada3bef2,PayPal,Pending
07f8ee7f-edde-42cd-9d56-22bdfcb4b817,a8a44931-ec77-4b6e-9350-21282a051fca,Sports & Outdoors,2,227.3492993,454.6985985,16/10/2023,6c309ca1-962a-4e82-a56b-95c7746b5ad1,Credit Card,Refunded
be598407-2251-4b04-816d-f884a4962ffe,34b21fc6-35de-4ffb-b400-db90ab496ca6,Sports & Outdoors,4,420.1714302,1680.685721,12/05/2023,150a0930-22cb-48df-9ca3-8bc72e4a22c7,Credit Card,Refunded
f539214f-3e6a-4cd1-9fe3-1eae8f20294d,5ddfb6a9-39bb-4b25-8d42-4dbecc456424,Sports & Outdoors,2,290.5297491,581.0594983,11/06/2023,3d60f57b-0880-44b5-bb2c-9f18f2db97e9,Credit Card,Pending
67e0cdc4-884a-4cdc-a828-f59f559bc425,cd649d12-de4a-462d-8eb0-388d42a76cf5,Clothing,5,253.2476469,1266.238235,24/06/2023,9e142023-1b87-4524-bb46-05a0ad6cf2f6,Credit Card,Refunded
914887aa-1238-4ddd-9e09-7f4ecfa6dd48,3544ecdc-3049-4442-b021-e28dd12475a6,Beauty & Health,3,144.5691708,433.7075125,25/06/2023,ac4cb110-672a-4746-bfb6-4db8b363c6b9,Credit Card,Refunded
bed1b46e-097a-4960-8f81-c79674740574,1250ac36-c99c-45fb-8f57-ff21d8376c32,Books,5,421.0880916,2105.440458,03/12/2023,1c8dc080-5f7d-48d8-9dc2-c3a85b830a98,PayPal,Refunded
22964242-72bb-4ede-a4a6-2d8652bac056,977a695d-73c0-4326-abfe-2571d7c2b4b7,Electronics,3,55.32912336,165.9873701,26/07/2023,32887887-a39b-4b2a-8d12-5bc2a85b1852,Debit Card,Cancelled
238a1a56-6b2b-4746-bb6a-0d814ed614a7,3675f6d1-4117-47f9-9638-ab1102390c77,Sports & Outdoors,5,322.806419,1614.032095,02/01/2023,8b71b9fb-174d-4ac6-810a-084e1717bf1b,Credit Card,Cancelled
0b9d9e8b-6b74-4d2e-a1ec-93c6cad3e55e,03f8346e-c1ff-43a7-975f-bc2138bc2db2,Clothing,2,265.9485372,531.8970744,18/12/2023,3579b2bb-8fd3-40b9-93ba-efb9504661a8,Gift Card,Refunded
3cb0e697-8fac-48d9-9214-9685fea29a87,071ec830-463c-4bb9-9d36-0169a2eda946,Clothing,2,162.6076722,325.2153444,09/04/2023,c9c254b8-7662-4385-a945-c11ff835f2ff,Gift Card,Cancelled
9148766c-a7eb-45d3-babc-ec7a4999376d,c590458e-45f3-40c6-a35b-3c9aead4a0bb,Clothing,5,62.05770806,310.2885403,24/12/2023,75315833-1cf2-4b60-a485-4aedf9a49162,Gift Card,Pending
972f1c00-0e94-4aa1-b14c-d6f01c7d42e0,606f8e5c-8e93-4881-be1c-be985bcb80e9,Electronics,5,78.00754471,390.0377235,13/02/2023,c0810f12-62d1-4810-962f-bbe6ee128be1,Credit Card,Pending
776fd58a-aa5b-418e-85ef-2e26ba8c3876,c33caa22-bc3b-4e39-8d7f-9f5e107b46d0,Clothing,4,36.35631968,145.4252787,13/04/2023,a47f3e00-3bc1-450e-b1f3-a83a2408242a,Credit Card,Completed
da8439bb-766a-4ec3-a710-befdcbf80aa2,4014d484-f141-467e-86d0-0de825b71f6d,Electronics,5,197.7077077,988.5385384,15/10/2023,285315b7-3c4c-4f90-a822-e81b4d5abf28,Debit Card,Cancelled
e10bbf71-ff22-4776-8d3e-649484fc6d96,b040c693-aa19-463e-af3a-0e47ac811994,Home & Kitchen,2,182.4760545,364.9521089,09/12/2023,ffd5a4fe-9f5b-452a-bbc2-4d8814cb9e81,Credit Card,Pending
d4670944-117c-4c3a-9ce6-7026522f3ac1,3ddbbd7a-caea-46d3-97db-2a0169f4222f,Home & Kitchen,1,409.6117052,409.6117052,26/06/2023,33c92a5a-28de-4ce2-be9b-b326449baef0,Debit Card,Refunded
4f2bd675-59b4-40ff-b37a-1e5cb0fd6d4e,7bab4851-efaf-48f0-8a9a-66a3bdc4a063,Books,5,281.4477408,1407.238704,04/07/2023,a70d76be-abec-43d8-97de-d05d7b4bd809,Debit Card,Refunded
3a46aaac-5ee9-420a-90f2-48a54b728b7a,b95d1d2f-ce61-44c8-bcfb-80a6e7c79405,Clothing,5,336.6285466,1683.142733,04/07/2023,ff8843a3-59d3-4dea-ab6b-d8eeb2160f2f,Credit Card,Refunded
a8ed66ba-4d46-4ac3-9334-832f3ac25c7c,c52fbff5-3529-4352-8308-0aee0e0014e4,Sports & Outdoors,3,447.1073536,1341.322061,21/02/2023,f5500956-a6f3-43ba-bd35-6bf33a3e3682,Debit Card,Cancelled
31ea3999-96ec-4816-94d1-9fcf8f84217f,c58b6354-27b9-40c5-bdf0-067eee946898,Clothing,2,347.6773245,695.354649,20/05/2023,6d48c371-7c8a-4aa8-bb2e-39b4de808e56,PayPal,Refunded
6031a32d-a75d-4c05-ad5f-470196060ee0,9bb21d91-a66b-413b-beea-e6ce2989ff50,Electronics,3,195.6578797,586.9736392,21/01/2023,3b15c44b-7c13-4046-be54-40e0a2486954,Credit Card,Pending
3cebf97d-a955-46ad-99dd-84f1c3ee1d41,62f3f73d-d481-4e74-96c6-aec3d83d6c48,Sports & Outdoors,3,460.9140402,1382.742121,09/02/2023,dc85578a-4951-4e3f-b888-f43f2637901f,PayPal,Refunded
e91e32d1-99a3-4ea6-a68a-a54b4bd3a507,e2c7cd25-43c8-4b29-842d-f92bd6eebd46,Sports & Outdoors,4,463.5055023,1854.022009,19/02/2023,191624f3-6c50-4c32-af4f-a8b9002590af,Gift Card,Completed
e590f6fe-9695-4e1e-91ac-8878b79736c9,9a12d40e-8a32-4640-885e-ffedcd4e2033,Home & Kitchen,3,467.7762228,1403.328668,24/10/2023,af0c06a0-c7df-4b3d-a5a5-02daad5fba03,Credit Card,Refunded
5766635b-74af-41f5-bb39-0ee7df5693cf,ed0ba4fd-fc2e-4b7a-8552-456eb861d221,Sports & Outdoors,5,329.2815415,1646.407708,07/08/2023,f117c9f3-8f85-4861-b8b7-b105d17ea7ce,PayPal,Pending
f6e9eae4-c21b-4dcc-9569-f2fa374f344a,f4a83602-3d6c-4c59-b02a-1f925254f97d,Beauty & Health,5,138.30314,691.5156998,06/04/2023,f2983b37-ef52-46a2-abd8-0e8694b23ef5,Debit Card,Pending
42c84aa8-72d8-4d6d-9302-6a1de78b192a,4a8b121f-3b33-4204-9b9d-aff4644e2e31,Sports & Outdoors,5,124.4255564,622.1277821,30/03/2023,a4332dde-d010-4e11-b0e3-cce0c6717887,Gift Card,Cancelled
2ab9992a-bd5d-4595-9efe-99aeb9ce0177,2b31eec0-8ea9-4f9c-aa93-802015c4bae2,Home & Kitchen,3,319.9439029,959.8317087,01/12/2023,2278f5e5-0d6e-4cc2-bae9-db89761fc177,PayPal,Refunded
dc11d4cd-63cf-4e92-8709-5822f0dcde30,495bc413-5583-4afa-a84d-d4d8898f0b8b,Books,4,368.7228208,1474.891283,16/07/2023,e8909ac4-c737-45ce-bb9a-77a0fbd88b2a,Debit Card,Pending
ac614cd6-26f3-4e60-bc41-084a7efc1e00,a8a9948d-78f0-426b-9d2e-24f5710c559f,Sports & Outdoors,4,199.0591584,796.2366335,16/01/2023,5bd9a036-a804-460c-844a-34c0672b9edc,Credit Card,Pending
f03a2883-3182-483e-a9e7-4be821e9baf1,b24a456c-9ffc-4ae3-8ec1-43334d5f4045,Electronics,5,235.3599478,1176.799739,21/06/2023,fd7fde90-b4a0-43a0-b038-99f929b0adcd,Credit Card,Completed
884d8d0f-092a-4acc-a9b2-f8582470b9f2,5bfdf85d-f6b8-4d1d-845f-01eace08fbfd,Clothing,3,55.49539318,166.4861795,22/08/2023,a098eb8a-eaab-49d2-bceb-1817f58616c7,PayPal,Cancelled
14ee5164-560c-418a-a492-2027bd456ad1,3d7a0c13-c533-4337-9227-2f6c61ef48b3,Electronics,4,256.530619,1026.122476,30/10/2023,5ef305ce-e29e-4de7-9494-21c1d102e94a,Credit Card,Pending
69e1d77c-e35d-40a3-bd44-1234af43db50,ef09567f-014d-410c-9655-1dacff5ae63a,Home & Kitchen,4,291.8096612,1167.238645,01/09/2023,14991112-89ab-4b0a-a613-279d71fc0d79,Gift Card,Pending
563de758-79df-433d-9142-c61f83a6101e,e9ecd431-4adb-408f-8f10-11e3c8ef167c,Home & Kitchen,4,427.5044601,1710.01784,27/10/2023,a970baa3-0c2c-43e4-bc7e-4ab967d0e4d5,Debit Card,Pending
9405c33a-c30c-448c-b1ef-626cfc19c031,47a05abf-5ee8-40bd-8898-4fee22813697,Sports & Outdoors,5,127.5303808,637.6519039,30/05/2023,4175c259-ea3e-434c-83b6-e48b03aed305,Debit Card,Pending
00584e9c-7c9e-4f6e-9dd8-d890efb7c822,97460c70-059c-4791-a682-39fc8bfe4244,Clothing,2,243.3642178,486.7284355,29/10/2023,a576b094-ae82-46a3-bd54-9331143eee2e,PayPal,Refunded
cc6fdc45-36c6-4a05-9969-4879a5eb55fd,a603efea-e7df-4c08-9c08-7d0bddaa544a,Home & Kitchen,2,302.0713629,604.1427258,02/09/2023,565b597b-24e8-457e-a171-e73002303c14,PayPal,Pending
1907a82d-9138-47fb-bb58-b5c757277f27,75dc0166-0cd3-45ef-b89c-23c300deaa2f,Sports & Outdoors,4,230.8103563,923.2414253,09/12/2023,48f1418b-ef39-4ae4-9f42-4b62b5fae70e,PayPal,Cancelled
e1b0aec8-f4f7-4d6a-8dab-45bf77295e0f,74335fe2-72f7-4aad-8624-07dbd61a7c90,Home & Kitchen,5,370.1292407,1850.646203,11/12/2023,7e6bb7f4-acea-44c2-b0e2-9f3ba66fce21,Gift Card,Completed
6f7358f6-52c9-4975-97d5-16ffa436bc20,e368d744-a15e-4399-a92e-0f0e6ce063de,Sports & Outdoors,5,494.0289433,2470.144716,12/08/2023,f69c3212-c343-4b5e-a740-a6cd89a9ab7c,Credit Card,Pending
b2647c23-6963-4fe8-a519-8a312399782b,8dc21779-0d72-4885-823f-a902153f5668,Beauty & Health,3,70.84962134,212.548864,27/04/2023,759553b6-fed5-4718-83cb-933588b45c17,Gift Card,Cancelled
944f4f8c-40e6-4cc6-8896-62c57ec608d9,17441095-8ad7-4e9e-8ad2-d3d5785f2b21,Electronics,1,356.2906044,356.2906044,10/05/2023,ba7d3718-b5a4-4704-bda4-6539c63a66c2,Debit Card,Pending
fcf1ebd0-44e5-47b8-b2a1-88de1bd09bac,8fecee37-0967-403b-bfd1-0f60a668bc00,Home & Kitchen,4,343.4970802,1373.988321,20/05/2023,f5fed50d-b259-4589-9fce-d0d964de1515,Gift Card,Completed
de86ba63-5ebd-4297-b595-3e8736441401,b5ef34fe-a7b4-4755-840e-982d9c576ffa,Clothing,4,272.2889867,1089.155947,06/02/2023,4b5368ff-7f4d-400c-a37b-47759b059fe4,Credit Card,Pending
826ff435-c1d2-4388-931a-6464ae9cacfe,ad116e9b-52b0-42b3-8e19-f862f78bc6c9,Electronics,4,27.45678061,109.8271224,04/07/2023,108ffc40-b23a-4b8c-ba9a-a5c5845c8759,Credit Card,Cancelled
c3bec2c3-c783-47af-8732-3a3660834a53,aac21e95-e848-4b72-831c-e0e3849a8926,Beauty & Health,3,234.6509578,703.9528734,30/03/2023,93c61d7f-d543-4410-ab6b-65154bb9b988,Credit Card,Pending
6f0dfa9a-dc37-4aeb-9e0e-dc5315aaebfd,d1104396-465f-4e90-b164-2bfc2ed80ba0,Sports & Outdoors,3,262.279146,786.8374379,14/02/2023,6d3034f8-6f18-4a4a-9899-f81e3218ad8d,Gift Card,Cancelled
af1629a2-1906-4cc5-814b-c1ce00256ef3,732c9078-f297-4910-9134-114700a223b3,Home & Kitchen,3,152.9842574,458.9527723,02/01/2023,58c60c8b-be91-4e0b-94ba-3c116343e346,PayPal,Refunded
20d845cf-acdd-483e-9ea1-9fa09be70742,b5e815a4-9c53-48ec-835a-4792eaecae6d,Sports & Outdoors,4,281.9551795,1127.820718,04/08/2023,7c8be047-a05a-4e93-8c6f-7170bf01ced5,Gift Card,Completed
3c0e9760-975a-498f-a615-5fb1a76b7bda,b8f2f2ac-f3f1-44a8-a766-d4b627fe7a01,Books,3,450.0949585,1350.284875,28/04/2023,6e9ea0b6-b16a-46d0-96b0-eb24c39f437c,Gift Card,Cancelled
62843ec8-2f59-4663-9426-a9fd88756af5,0c98a528-f631-4365-a68a-b4e5d32ebb61,Books,4,86.64091014,346.5636406,25/10/2023,7175e3c0-521f-462d-aaf4-ef980a0d176c,Gift Card,Cancelled
7a97e865-150f-4fc7-8ef3-dedc7b576144,caa605c3-854f-4962-a482-4c86fec84875,Sports & Outdoors,1,372.4825658,372.4825658,18/01/2023,8f01049a-5188-4ac0-8ab3-9b017229c99d,Gift Card,Refunded
adc96446-a417-4a5a-98d3-36b64eab184a,3ffd467d-90d2-4ec2-869d-03d8ab8382c6,Home & Kitchen,4,367.5149034,1470.059614,13/03/2023,143d2b73-16ac-4aa4-92e8-e52396734ac4,Debit Card,Cancelled
27aef106-6b83-429b-bfd1-5ade47d986ca,30a3aae0-4d9a-4d5e-9972-2e77ae4d9de5,Home & Kitchen,1,426.9073134,426.9073134,04/09/2023,c7058f26-ac38-4992-ba73-f955c764c196,Credit Card,Completed
01ad1eb7-4a0a-4e5f-8af7-c95a764c05b6,f59bf3d1-9e19-4c8b-b5e3-ebd8c0c065bc,Electronics,2,356.0707171,712.1414341,09/04/2023,b63dfb51-a39a-4e35-82d8-ad1722f61868,PayPal,Cancelled
1b491cc5-e7df-4b55-90a4-7bf4b846c554,a6b40d0c-be27-4d2c-baed-2b6c7f9476a7,Home & Kitchen,5,329.6512009,1648.256005,07/05/2023,8e98a875-ae98-4fc3-85ce-0b711fb029a3,Gift Card,Cancelled
3b022407-14a6-4761-ad42-f8fa64e57d93,ac22a60d-0d39-46c7-acb7-467131270f9e,Clothing,3,302.8336796,908.5010387,09/08/2023,296fcaab-a3e7-405f-8e63-09b84e2f0955,Credit Card,Completed
01027835-c09f-4f79-8b26-3fa609197f04,5c5cadc6-ac7c-4f70-82c7-e18306b794f1,Electronics,4,155.6672473,622.6689891,01/04/2023,8a0625ec-03b9-4e9b-ac19-9151b58883a2,Debit Card,Completed
c94505c2-1494-471c-89ff-887e95bc6b08,13fd6506-db69-45e2-91ef-3c224ce291bb,Electronics,3,201.7570618,605.2711853,14/10/2023,bf38cc76-7cc8-419d-9475-d11057d14aa6,Credit Card,Pending
f5443af8-8216-4240-8502-2680fae0b551,20bcd5c0-c602-4bc1-9121-0a7db1d8d9c9,Sports & Outdoors,2,206.2477499,412.4954999,19/08/2023,94f1dc4a-0822-4a69-8685-31ea91f1bfd0,Debit Card,Completed
fdb342ad-1cd6-40fe-9bc9-d65d6cbc0acf,726e912e-4083-4916-9711-ac3dcbc0f983,Books,1,381.9739131,381.9739131,17/10/2023,2ad3b0e0-cb3c-482c-b68d-40c9a275eeea,Credit Card,Completed
8469f807-8f97-46df-a305-7d5d62e2f8e4,f57e0638-92d3-4ec4-9452-132b6b6a7c21,Electronics,4,492.5925853,1970.370341,14/12/2023,fc900cc2-48bc-406b-a28f-4292393ac4cb,Gift Card,Refunded
6246bfb3-1e64-4337-9973-ebaf5961582b,d22a3994-1821-456e-8b6e-30b165e25050,Electronics,4,346.7091767,1386.836707,26/06/2023,68ff834c-7ec2-43cb-821c-9e0a6bdfa32a,Gift Card,Refunded
e05f53db-0be1-4377-bc41-dd6052e553bc,c4c51ca2-6d1b-4fe6-80d7-8e38628be84f,Clothing,4,268.4057238,1073.622895,16/08/2023,17705e81-f46d-4b37-b732-5ff88c1dbe8e,Gift Card,Refunded
d5c11670-332d-48a3-911a-67e58d19ea29,fff3df25-4fd0-45d1-86ab-ac5dde7bd494,Electronics,1,134.9313187,134.9313187,18/04/2023,c2e6f03a-e605-471e-a682-dd28df09e88d,Debit Card,Completed
5c3a760b-c3e3-4bb1-bf59-3bef566db166,d9b3167e-d06a-4649-9f5d-9a8c775940f7,Beauty & Health,2,490.8366847,981.6733695,16/04/2023,1067380f-5f3f-4077-a728-6438387b60d3,Debit Card,Refunded
201e2335-aa2d-46cb-bb34-6c7209f5b5ae,f6d96c4b-cef7-4241-9662-0a59df36d0fc,Books,4,492.5575978,1970.230391,14/06/2023,a895d766-4c1a-42e8-8bd4-5839706df364,Debit Card,Refunded
42608747-6098-4ac0-b9dc-dffee1e4b1b0,a5e7ea88-09c1-4d33-abf7-4d01e601a8cf,Sports & Outdoors,5,274.5358174,1372.679087,22/05/2023,9996847f-9602-481b-a751-264993405cee,PayPal,Cancelled
8a1d2fca-7998-495b-8402-6b811eda6b8e,1ef3d83b-6acf-46d6-8262-d22d451a92ac,Electronics,4,395.5206406,1582.082562,04/02/2023,0abd5221-0458-4467-9dd3-78f81727d212,Credit Card,Pending
782fc313-a4c0-4959-9d93-5fd1587364d0,9e890f0b-bdd0-43a5-9c34-47a1d592417c,Books,3,250.1913082,750.5739247,21/01/2023,9077aa0a-6b0a-4a97-88bd-f406a09c8f94,PayPal,Pending
0518e716-ba1d-4f3f-a362-edca8add1e6a,6a36eee1-bcb6-4cdc-acd1-c750a93813e9,Electronics,5,289.1240896,1445.620448,30/04/2023,23326edc-0050-46d6-a2aa-9104a36e0a40,Debit Card,Refunded
433b0ef1-b4e3-47dc-90cd-b90520a3a301,f93e0074-d4bb-4c52-8e4d-b575905717d0,Books,5,490.4010842,2452.005421,09/04/2023,334f34fb-0cfc-4984-afc0-0697d3526afe,Credit Card,Pending
5a103c11-bd3a-4d40-98b0-516256669870,e0a1602e-fc48-4e5a-b862-adc3c4ff282d,Electronics,4,262.2695646,1049.078258,09/10/2023,4bfe58aa-a73f-4fbd-bc6d-663b12189301,Debit Card,Refunded
603814bc-61dd-4760-8e18-3abc15a74df3,09222607-bd75-4e20-9db3-954cb958e1af,Clothing,4,485.3562024,1941.42481,29/08/2023,b899d4bc-59dc-493b-9b6c-b752b100c59d,PayPal,Completed
5c2cfab0-cbc7-4bab-a944-bca7720c2997,cc2d55a7-1ee2-4f95-8c28-a7805393ce07,Electronics,5,22.0793866,110.396933,22/04/2023,2b3deda1-f94c-4bf1-a802-aec9ffed21a9,Debit Card,Completed
59a612ab-cb59-43d0-a716-786283518e63,3b83ccff-90f7-4e6e-8a25-7c31375d835f,Clothing,5,42.80314754,214.0157377,19/09/2023,3910ab8a-04b6-43cf-923f-51e9670d693e,Gift Card,Refunded
e6007761-6b9c-49f4-bfef-0bc95d9a81d9,fde81d5f-bc9d-4d2b-a905-d2665bf15f4b,Home & Kitchen,4,117.796367,471.1854678,28/05/2023,0b56399f-836e-403e-89d7-373b776664ff,Debit Card,Pending
fb923a3f-6e7f-4581-a43b-4253b0565173,2c30415a-a11d-44a0-845a-dc4a1a5fa687,Clothing,3,453.5942923,1360.782877,06/09/2023,1c8cda48-4942-4248-8be7-1c1c17803581,Gift Card,Refunded
577cfb69-6a96-4087-b86d-5c76a2549154,22704148-ac1d-45ee-bc8e-6bb037fbdf89,Books,2,127.431907,254.8638141,29/03/2023,dbb377cf-1b3c-488d-a71b-c22b3b9da8f5,Gift Card,Completed
7eb5382a-b6ab-41cf-bc81-439b9d673b06,7c84f6b8-9a6a-414d-9494-5f5ed66573c5,Electronics,5,385.2822083,1926.411041,26/03/2023,c56e4951-f21c-4bea-8bd0-3f9f640cfc03,PayPal,Cancelled
facb09a7-e330-43b6-a363-9b0c70fe7bc7,6e42571e-04fe-4982-9353-880656af9a82,Beauty & Health,1,19.09088911,19.09088911,08/02/2023,be4a6d2d-956c-4ddd-91ad-d1692056344d,PayPal,Pending
1a0677e9-8bfa-4eda-9b58-cdd7eea3df9a,8507830c-c377-41f5-a4d8-91de66e14e1a,Beauty & Health,2,405.4304731,810.8609461,22/12/2023,85840793-de06-4a9c-a8b0-4113224d8125,Gift Card,Cancelled
5be8bfe8-d95e-4f15-98af-b267f22dbae1,c825d3d3-0be6-45f2-9a1b-96bf14c2eb4a,Sports & Outdoors,4,314.3639872,1257.455949,28/11/2023,229b0309-58a2-40ea-a4b4-fabdb8de96d5,Debit Card,Cancelled
322477e7-5573-49b3-bc94-dc4066893e40,3fe52bfa-9ed7-478a-8832-449d038ca4ef,Clothing,2,478.6258542,957.2517085,23/07/2023,5f4c6b6e-49c4-4202-aefa-df81896618ea,PayPal,Cancelled
4ce88ea4-0df1-45fb-ae4a-21e1817faedd,4f53e153-ba97-4060-aab9-a59239fee631,Beauty & Health,2,216.2446632,432.4893263,04/10/2023,9fcb959a-5e2e-4c87-82f7-56fc54b7f393,Credit Card,Completed
6c905ff6-085d-458e-bf30-eda954742f45,d03818e8-0155-460d-b806-02a1e324d292,Books,1,29.53340326,29.53340326,11/01/2023,e68f2231-8dff-4eca-946d-954228023b9f,Gift Card,Pending
781e3d93-2a99-47ed-a9c8-3e3a9f7b81d5,86c99cb2-b978-4dc4-98e4-db39ef9132fc,Books,2,201.5826854,403.1653709,03/09/2023,cbd8f6e9-848a-4e73-a140-eca3f57b4970,Gift Card,Refunded
e08e521d-a6c4-4670-adc0-3160613289f7,e59af36d-7bfa-4de9-85e3-16afd4a6eab2,Sports & Outdoors,3,95.0065446,285.0196338,16/12/2023,d37df990-b78c-41c9-b6c3-ee80135a3c68,Credit Card,Completed
03d70d7d-ffe7-40ce-8406-f7b204f20b11,b9bab391-1670-4680-926d-123cc2324d64,Sports & Outdoors,1,331.1739248,331.1739248,04/03/2023,26a5b983-a7e9-48db-ae7d-2ce8be3e4710,Credit Card,Completed
74f17597-34af-4004-828c-7581b36f1548,722d4728-7c59-447b-9994-bf702eacb03d,Beauty & Health,3,274.7480184,824.2440551,04/01/2023,350e56c8-4fa8-44a8-8694-6f72867a57a0,Gift Card,Refunded
f012bb83-9965-4f7d-956d-3a5434a52e35,3ea9cedd-3659-4e13-8ed3-5089e81ba349,Home & Kitchen,4,27.88677081,111.5470832,01/09/2023,5e5b6ce0-9891-43bb-8280-34ae6b4116f6,Gift Card,Completed
9d7beef6-f4ee-4bf2-af2d-dee6138d4fe1,093cc18a-d3c5-4bf1-b983-ae065bf30b8c,Home & Kitchen,3,79.14565551,237.4369665,02/05/2023,0552e0e8-3c08-4a84-82c2-6fcc816d86fc,Debit Card,Completed
7a91c447-af6e-43b4-a7e0-b0372a7e4297,909b2b2f-545b-4b1d-8d5a-738755b0d783,Home & Kitchen,4,468.6357757,1874.543103,19/04/2023,4b70a135-f6b2-41d6-a3b5-e2b72ad7fe56,Credit Card,Refunded
2ce6d388-0bfc-4fcb-a653-1b719c386cc1,e5615dac-c611-49c3-a8d4-f18465e1ad02,Clothing,1,85.23616777,85.23616777,18/09/2023,f69f89bc-5268-4ef7-acad-82ffb85966be,Gift Card,Cancelled
473db10a-3ed7-4801-9c94-486a142b8316,01a07e04-7de9-4fca-bd3b-e9e5dbf8cd0c,Clothing,3,33.26206569,99.78619707,14/10/2023,5c113c3a-c511-4c33-935a-823227bfa2d5,Gift Card,Pending
0a29f68a-3599-45e6-bade-f33808c21a3a,52d7d841-c7bc-4e48-a841-5b40fe7627e4,Sports & Outdoors,3,163.4589253,490.3767759,30/08/2023,71bb83ad-9ca2-4cfe-9da7-95a3ce98e1fd,Gift Card,Refunded
5b78239b-e86c-4d17-b73b-5f2edfc9b137,fd5898d9-51cd-490a-afbf-5c8e4a5d4339,Sports & Outdoors,3,379.0286578,1137.085973,27/10/2023,b64ed4e2-8629-4810-aa87-d9b8bb583d42,Gift Card,Completed
0483521e-ec12-45a4-a809-1f8e4d0a2052,c1b5cf05-6b88-4064-94ae-ae3bc239150f,Sports & Outdoors,1,371.9012009,371.9012009,23/08/2023,e0fa83a3-873c-48e2-bf82-344b2a5d2f5d,Gift Card,Completed
2bd39c6a-4788-47c0-a443-320699005313,6ce71b35-0eff-4006-a511-4d99f398e146,Beauty & Health,3,280.709956,842.1298681,06/11/2023,f18ad067-cac1-4060-8416-f2e7a9350173,PayPal,Pending
a91af062-980e-4cac-bb28-51f2fc43110a,56af64f1-bb0d-4d9d-8810-e5239381fa37,Clothing,3,43.34658565,130.039757,07/03/2023,712bf12c-af40-4dfb-bd65-7ec87f27ab94,PayPal,Pending
d8c21e79-f054-47c1-b394-410582b5cae1,fd7ff66a-e713-472f-9f7f-a842137303df,Beauty & Health,4,451.1986518,1804.794607,15/05/2023,5b97ecc6-4c6a-431a-a425-6b5f6c47f1db,PayPal,Pending
f7d897f3-8b1d-4f24-b6d2-6bd3beb035fa,f7e57816-3b4d-4008-a331-f6ed52d476b2,Home & Kitchen,5,435.1754906,2175.877453,10/06/2023,c3065e1e-3f6a-4dbd-b272-72d2c5e6bdad,PayPal,Completed
dbc1bda9-bbe9-4ba9-bdc0-b8054c188319,7201f504-76c8-4b36-8b7a-c09c7a8c6751,Sports & Outdoors,3,147.6711615,443.0134846,25/11/2023,446a6410-5ae1-408b-90b4-e0c2d0a1ebc5,PayPal,Completed
08745539-0cbc-4098-8ffd-193a6a81be63,2559b5ea-cac0-4302-9639-4e5a4a862b87,Beauty & Health,2,87.74226771,175.4845354,25/04/2023,0a9bc50e-fb07-4b84-a590-b5b96bb20472,Gift Card,Refunded
8799c367-5d63-4910-960c-e33c31a966ce,c1a5e25a-c333-4d22-be54-f47f4b8a57f4,Sports & Outdoors,4,233.9070931,935.6283723,10/02/2023,f32dc917-5101-40a5-b3e2-2f0ad6927438,Credit Card,Refunded
97453f3b-52c5-475a-839e-055183e73bed,94a018e1-7197-4748-bf9c-32289a103a18,Sports & Outdoors,2,370.309189,740.618378,01/02/2023,f2905d04-8286-4744-ab2c-7c9d7d769543,Credit Card,Pending
c7e7a5a4-bb6f-4e8b-bfc9-7e54b060a23b,7513ed99-e617-4c5c-94c5-2ae0e39adc61,Beauty & Health,3,477.1558479,1431.467544,11/02/2023,c6edea3d-fcb1-49c5-b6ad-4628daa5fb09,Credit Card,Cancelled
b73de14f-e7bb-49e4-99c8-80947dfc6e2b,71bd5217-f5c8-4a9d-96ca-6ebc58e902ff,Sports & Outdoors,4,388.1476253,1552.590501,06/06/2023,5b7db599-6638-4dc4-9c13-801ebe581d60,Gift Card,Pending
49d27dc9-060c-48c2-a64c-a59887e54d8e,3e92c175-c187-4c00-83cd-b11a64cf9ec1,Home & Kitchen,2,232.7821476,465.5642952,18/03/2023,7bec068f-be3d-487c-b80f-49dbbc2fe4cc,Gift Card,Completed
c3e53618-a71c-4f3a-b06a-ba58df2d47b3,a29f43e1-1681-4dff-a42e-717918d30c59,Beauty & Health,1,488.4982894,488.4982894,24/12/2023,051054b5-8b5e-461e-8e42-6c7531fbf89b,PayPal,Cancelled
03d5894d-ea2a-4962-8a07-b45d65f7e459,c7db6c78-0869-482a-a7f2-9e297675c8de,Beauty & Health,4,125.043896,500.175584,05/06/2023,fd046afd-4f5d-4afe-981f-f516a0d1b40e,Debit Card,Refunded
ce96131c-1c8c-431d-a5d4-3938e34627b7,78ab9b56-1101-4937-bec8-24d92ad5c83e,Clothing,3,22.86843691,68.60531072,25/05/2023,2fc9e584-e677-4b4f-ad01-cb4a3e388078,Debit Card,Cancelled
17f87db4-8f12-409c-97c8-beaac67907a5,64068f52-bed9-40d8-a330-94d92dcdbd37,Home & Kitchen,3,193.1982671,579.5948014,07/11/2023,58702067-7651-41a5-9703-ff55d2268e21,Credit Card,Pending
c72630cf-5db1-4b2e-91d8-2ddfdfa44221,822e3afa-f75b-4280-ab06-9b496cc7eb45,Beauty & Health,1,123.3681745,123.3681745,22/01/2023,57a34352-2cbf-452b-b67e-a0cab2931b18,Credit Card,Completed
6a156e68-3e7d-45c7-baf2-35eb4fb94458,5cf04cc9-e592-43d6-bdd5-58e123a1b544,Sports & Outdoors,3,217.6445857,652.9337572,11/10/2023,13b240eb-03ad-4a18-9f92-9b86333d154a,Debit Card,Cancelled
fc818fb8-a66b-4d70-a05a-b35491b056fd,b2c364e9-715c-49d1-9d57-853588f86650,Home & Kitchen,5,368.6039026,1843.019513,22/09/2023,f3ed929c-6f6e-4f0d-9489-4be7278bdee1,Debit Card,Completed
786b5fd7-a8fc-4dc8-a19c-1cf304745d80,f9b285c1-174f-4bde-8861-5accf8abd348,Home & Kitchen,2,159.3813934,318.7627868,25/12/2023,8aac4d8f-2ece-45e6-87fe-f71411d4a0d3,PayPal,Pending
51a1da51-85d8-4363-a654-271a04f39476,67b394f4-cefa-473b-ba16-68d5af5e002e,Sports & Outdoors,4,265.6481917,1062.592767,03/01/2023,a7625da2-257e-4ed1-bf6d-2f9e78e4a7a2,Gift Card,Pending
ff212b8e-e94c-4c27-a79d-b821c8cf7994,9ee9ccd1-ea69-4b37-b0e3-7298ea839a27,Clothing,2,246.4312294,492.8624588,20/11/2023,9b45d839-970b-46c5-8203-5a95333b8c70,Credit Card,Completed
b19d474a-ae20-48a7-bac6-b8df29f59a50,2bb8d1bb-ac8f-4ae7-a616-1d4676217ceb,Electronics,5,480.506607,2402.533035,24/02/2023,3b4b2e98-ddb0-48c2-871a-368277aa8532,Gift Card,Refunded
731e92fc-59c5-4b92-b66b-1beecbf694d3,26a13a51-cf47-483d-bc1e-4be74a024df2,Books,5,282.1120949,1410.560474,27/06/2023,3388149b-78ae-4c7a-8d72-27c37caf7aea,PayPal,Completed
4dd1548a-2eff-4f23-b2b1-d18b6829e12c,7fa3df1c-5ff8-4727-b316-786913d602a8,Clothing,4,359.6228311,1438.491325,29/03/2023,ecc014dd-2031-4a84-936e-2acb9a55fc67,Debit Card,Pending
1beebf87-9ac4-46bd-8501-9b62022fe90e,8c7efd45-40f3-4fb6-af17-bfcfcb6ab63c,Beauty & Health,5,208.6878227,1043.439113,01/03/2023,8f42f4a0-c19e-40c7-b977-10f92c16aa8f,Gift Card,Pending
9e9f7f5a-a2d3-48ea-ac0e-9470c80d6fa7,7be978f3-f0e4-4dd7-b176-3d44322b2593,Clothing,4,165.2277581,660.9110323,14/05/2023,47561475-f500-4c88-8821-3f700bc68339,Gift Card,Cancelled
4ea1c73d-1bfd-4956-8199-9b0a529f6336,8033a011-c934-474e-8c2c-25cb18fee394,Home & Kitchen,2,381.3013279,762.6026558,28/08/2023,7d5d11b9-e577-4dde-9ad5-5ee9b3088e04,Gift Card,Cancelled
4528ce71-608d-46a7-8f49-fc804c14fff7,dead0eec-0ac4-44c2-96a8-258d9ab4c86c,Sports & Outdoors,3,111.0016661,333.0049984,29/08/2023,aff70523-d0ef-4670-a154-a01a2d848d2f,Credit Card,Completed
c26504a4-c8e2-41ec-bb9e-86c0a437e110,dbe89fa5-e515-4822-9a95-0955f511d1c6,Electronics,2,408.9512035,817.9024071,08/07/2023,4f0aa52e-ba9a-47d7-a3de-46ecbf92c2da,Gift Card,Completed
c6ec8444-8266-488c-a57e-9c54543ef817,8b944c1c-0a29-4ddd-bb85-5e20a3f9324b,Beauty & Health,4,422.6612585,1690.645034,23/05/2023,64252fee-a8aa-4470-9929-0d014ec1b75b,Credit Card,Refunded
4454f263-0140-4cc8-8f11-0d398ec6fe23,a29ba950-0072-4308-86ce-39eaa4cf9492,Electronics,3,210.9100237,632.730071,25/07/2023,9907bc56-3779-450a-a9cf-02c102ff6134,Gift Card,Pending
9869f218-a1f0-4769-8ed2-6ad324956f17,d5965c66-b403-456c-a22b-e8406d688f21,Clothing,5,52.0999546,260.499773,25/07/2023,546e06dd-4c20-40c1-86cf-b9df7f4f72f0,PayPal,Cancelled
bdcd3903-81f8-4f55-8f82-8706b7e38dc3,2a9a52d9-ec23-4ad7-a8ba-bd244773143e,Clothing,2,28.42392703,56.84785405,22/08/2023,eb82627d-8a47-41ff-933c-d4f54e88b257,Gift Card,Completed
7675c8be-d5c3-4f39-8be4-06d3ff69cb56,5b189eee-8fcd-4065-b386-c8ed503481e5,Clothing,1,349.2880024,349.2880024,25/06/2023,957f1f6b-b31d-4639-99d1-d5fa902e6da2,Debit Card,Completed
e2226728-c0de-4ffb-b8f0-760a60f4bd7e,b73e105f-5b7b-4e21-bc83-f16857eea3d3,Clothing,5,327.1505458,1635.752729,28/10/2023,a01c8128-65ec-4617-8cd5-15bb8bd025a0,Debit Card,Refunded
20b976d3-5786-41b8-a223-7dc2a2e3f366,badb4b21-e05d-46cd-8a16-0deab13cd2e6,Sports & Outdoors,5,310.7163999,1553.582,22/07/2023,a4c68015-3a9b-4011-9701-fcfd738de8de,Gift Card,Refunded
c26f1f48-281b-4a97-aa3e-1244aca45b4d,43a97651-4e02-4afd-8c77-25de27798aab,Beauty & Health,2,270.5477826,541.0955652,10/07/2023,bddf4dd2-e8d4-4d0c-a578-fb20d940a014,PayPal,Cancelled
7344a2b5-aab5-4a1e-82a6-d0e9d260ddb7,9b8993dd-bf18-46aa-8ed1-1866accc7cef,Books,3,86.9129477,260.7388431,19/01/2023,bc0188c2-7c3d-4335-9350-7678f766b4ed,PayPal,Cancelled
f05a7248-af1d-4bf8-a9ee-3fa45030e633,24edbb36-2454-49c7-b585-da8fddf236fb,Clothing,5,43.29236123,216.4618061,27/04/2023,b3fb6e75-41b8-4069-9d55-b914139e87c2,Debit Card,Refunded
4c77f277-bd9a-4880-a3e1-1c49dcbb1bd3,1ed7da04-e786-4d79-8050-3bdc36525d64,Sports & Outdoors,3,242.6621551,727.9864654,17/11/2023,f9b85d86-9efc-401e-a943-8acd1a09a0fb,Credit Card,Refunded
1d7873f8-0ab8-4800-931e-798d81bd696c,7851e012-15fe-40aa-9367-b850625e1ad4,Books,5,441.8004477,2209.002239,17/05/2023,08a3a01b-dfc2-4075-b443-b9567d7183e8,Gift Card,Cancelled
bb188ff0-a211-4b69-b0b5-7e6e3985011d,0362818f-868e-479f-824f-df34a49d46a5,Sports & Outdoors,5,378.0231059,1890.115529,07/01/2023,865c23ae-0fc2-49a7-88ad-eba62a386ec0,Gift Card,Refunded
d26d7432-5717-41b6-855c-c2d9f766a767,f62a03be-212e-4ec9-8f6a-6ac4c7de2281,Beauty & Health,5,110.1856995,550.9284973,30/08/2023,357e3cd3-73fa-4386-8ddd-912fd10dec28,Debit Card,Completed
a26b9437-3fec-4a12-bb70-b987591fe674,dc617544-e985-4463-b853-e821cbe2af38,Electronics,1,329.8634365,329.8634365,01/11/2023,7852973e-cea8-4c96-9a12-ad0568d5eb73,PayPal,Refunded
6ed58fcb-1657-4f6b-9442-d8dc4b7c9ea2,ed2d3510-a047-462a-ad66-c77cbf9ad221,Beauty & Health,2,335.1057166,670.2114333,15/11/2023,5394533c-c9ac-47f0-941d-fbc0ce280575,Credit Card,Completed
ce8904b1-0e01-4e88-97bd-342b3cb9dadd,4060bd04-2bb4-4a52-92f4-ee3eb00ceb70,Clothing,2,485.9021469,971.8042938,15/08/2023,1ab9ce58-0279-43ae-a1ad-72e2332b3e28,Credit Card,Completed
3b3598bb-4ba5-4d2a-947e-53257afaeccb,13a0b55e-f07a-429d-8aa4-5e563826d74f,Electronics,1,485.8271328,485.8271328,24/02/2023,fac757c2-d1d0-4e57-9fcf-b24cbb6f9a70,PayPal,Cancelled
aa12d5f2-4688-4587-a90b-5a0cfc89da7e,090bb661-f97d-487a-9776-f15996e933d2,Home & Kitchen,3,224.5367044,673.6101131,26/02/2023,db861df7-4426-4c61-b922-ee066f9fcc16,Debit Card,Pending
85dceff2-b273-4841-ae80-256fbc77d471,886fcaa4-65c0-44f6-b6e1-7eb7a0c8b366,Clothing,5,129.4311549,647.1557744,18/12/2023,5865c70e-5cfd-4c8e-b34d-59f2b21565bc,PayPal,Completed
3efd572b-1d70-4e2a-92a6-64718dad2a91,0448e83d-2de8-44bf-b160-a4162e652221,Home & Kitchen,3,470.6113651,1411.834095,06/07/2023,3bef6fa2-268f-49dc-98c7-568ee15b2448,Debit Card,Completed
3e275aa5-41c4-4f91-8d68-7b8043701582,40d611dc-3ee4-41f4-9344-fb089ae3f8cb,Sports & Outdoors,2,277.1379819,554.2759639,11/06/2023,3fe2f24b-9570-432b-bd42-84d495b7d584,Gift Card,Completed
1c47d073-8c51-417b-a263-f0e35c289d63,3dd64ce5-45e5-4bfb-9484-283d56d46e7e,Electronics,3,247.1221304,741.3663913,21/11/2023,bd3240e0-b578-4d4d-b4f2-d384ce8073c6,Gift Card,Refunded
0af29184-2641-427c-a85f-a3cf820ac4a3,d76c7124-837d-4cb8-8a99-41e56e3368ae,Beauty & Health,2,447.868055,895.73611,12/03/2023,041b37c8-7219-41f0-9841-a986268d0615,Gift Card,Refunded
29ee93b1-1b83-481b-b195-5277e3e5e61a,0a693fe9-aabd-4b12-b880-7af01e7d1ecd,Home & Kitchen,1,396.3636252,396.3636252,30/03/2023,0c15e9b4-d7ed-46ae-af34-d774d9cc093c,Debit Card,Pending
48550ffd-26dd-4667-bf04-be3b7fc33c4a,2af3ee2d-5c54-4e11-a1b1-244a4a2e876a,Beauty & Health,2,464.0980697,928.1961395,17/07/2023,4024ad8f-91ef-488e-bc99-24d8f84e6b85,Debit Card,Pending
075a9260-5827-48d1-b958-edbf199e1c5f,8fb3138b-3cb5-47e8-80da-a2e6e6cde020,Electronics,2,260.4073497,520.8146995,15/01/2023,c98e63ca-653c-4c0c-a5b0-9ea69892d2fd,PayPal,Completed
35e41adc-1e0d-4d42-8b3d-7415447bffa4,4db2f9a7-cb82-421d-985d-05393b0381fa,Home & Kitchen,3,27.22570324,81.67710972,19/10/2023,75382dd0-4d73-4bd2-9529-96a9155b0c4d,Credit Card,Refunded
aaedab66-2fe6-427c-9e06-3ba5623ba173,72b8b544-c4c9-4528-ab60-be537db60069,Home & Kitchen,1,281.6096392,281.6096392,11/09/2023,4d4ca3fc-eda1-477e-b125-52e5ed050b67,Credit Card,Cancelled
274a3e29-85a3-4102-8789-312048ba5000,687a2ce0-d3fe-49de-b6ec-0e54d8a7fddd,Sports & Outdoors,1,12.15612869,12.15612869,23/01/2023,70c99dbb-98bc-4f60-b84d-8280364ef877,Credit Card,Pending
ff6116d5-253f-4d55-b505-93935fbbf0b6,1425d932-7ebc-4a44-8e8e-faa083553632,Beauty & Health,2,405.3672585,810.734517,18/03/2023,0c58b6f2-655c-46fd-b310-69f31880a4cd,Gift Card,Refunded
db812ae1-c456-4f4d-8e8d-592f3730b6dc,6168f2c4-3c7e-4366-9111-ccd4aa03268f,Electronics,5,270.584277,1352.921385,30/09/2023,94120759-6ff6-40ce-ba82-9fc38f1eda02,Credit Card,Pending
19145b58-8ff9-4517-bd12-c3b2efe1aa85,8a5cde07-eb7d-4a9e-881c-fbfb66dc24ae,Sports & Outdoors,3,212.5395796,637.6187389,08/09/2023,6035b68c-953e-41a9-91be-c1b2ac300e59,Debit Card,Pending
9259062f-3a3d-48bc-98d8-1f3f81bb34b9,e68ea98f-b629-49b7-99c4-5e032922b980,Sports & Outdoors,3,412.1969543,1236.590863,16/07/2023,b4fe057e-1dab-4f7a-aef2-cbb972269dad,Debit Card,Cancelled
13f79005-fe90-45a3-9fd4-3335aa0079a4,bad32e30-f426-4238-a578-f68a51302d99,Beauty & Health,3,268.432023,805.296069,02/08/2023,a6f14bdd-bf28-4eab-aa04-7077828f98d6,Debit Card,Pending
e45e6405-90ea-4ebc-ac0b-7ab73cb425ce,b12ddc34-e9f1-4d6e-a6b6-480a3d171625,Electronics,5,286.6993075,1433.496537,27/07/2023,379aa9a0-f881-4441-a252-22390e9139ac,Credit Card,Refunded
038bed68-44da-4b5c-97be-c5b3d0854b7d,5f2c991b-8050-4e1c-8d95-669ddb05f202,Home & Kitchen,5,381.7293843,1908.646921,05/05/2023,86e17339-2a5c-495f-ab1f-6d0d983f4335,Gift Card,Refunded
6bb913ed-25bc-4abc-b6b5-7c2498c97fd0,5f1eb562-cc6b-4d99-824a-c88065d9beb8,Electronics,3,391.715636,1175.146908,04/05/2023,0b126605-20e2-44d3-8e97-f9dc27abdce7,Gift Card,Cancelled
2b89a1c5-078e-4e65-b146-6364824e62c8,6a767033-81e6-49be-b79a-224bab6da459,Books,4,356.3882246,1425.552898,26/05/2023,b08336c8-4ac7-4132-b496-3ddf22528b16,Debit Card,Refunded
c7a6af87-cfce-4851-9140-a40a089fdfdd,7279184b-9507-4cd4-98c7-a82d78a760ad,Clothing,3,163.6308932,490.8926795,25/07/2023,039438b3-9c60-40cb-9d90-f3eb0e73c8db,PayPal,Cancelled
6d592bdb-e3e4-44d0-9301-31d5a8a74fd2,cc0d9de2-e9ae-4ea7-bb2b-ebc4f0d8ef96,Books,3,63.65073675,190.9522102,30/10/2023,0f25a2ae-6cf8-4d37-b12a-f5d606aac945,PayPal,Cancelled
a1ec28c8-e554-4ad8-9bcd-57ee570737b9,8d3b18fb-8313-428b-b376-1550bf0c6efc,Books,4,44.68186963,178.7274785,10/02/2023,410cbb0e-bae8-4acd-8017-b735b54a6d16,Credit Card,Refunded
1a3a3c10-f20c-44e7-b2b0-2b0a5c1e8058,77b90a55-b884-4d1b-9a16-44a9c80e5668,Books,4,359.0420195,1436.168078,13/12/2023,f3710e2c-6ae9-4f80-984f-01223ee6094d,PayPal,Completed
f3f5f42c-dc3f-4566-98af-2ba38f9519dd,ad1b2c9f-5fe0-42b7-962f-f0e9a5c417b8,Beauty & Health,4,398.7023114,1594.809246,22/04/2023,bb00ec2c-aa2a-4206-9836-e052ddb26b9f,Gift Card,Completed
39e186a1-ed90-4a5a-b43b-7fc084191702,9d050abb-0000-4c7b-871d-7c68655a1fd1,Home & Kitchen,4,34.09156052,136.3662421,28/03/2023,9c1bb2e0-f4d6-455f-816c-62f97d9d663b,Credit Card,Completed
c6854e42-bd2b-4721-88b7-5ac444779187,c57d2726-6bcf-4f28-920a-15f887ea4413,Beauty & Health,3,106.9770237,320.9310712,30/07/2023,31838380-5854-47c0-a460-647a7c7b5212,Debit Card,Completed
287db34b-2a61-4342-93ff-01706f0eca4a,3ca80281-0479-43e6-9fed-966399e0eb49,Electronics,1,493.7928737,493.7928737,31/08/2023,3720d4fe-617b-4676-a6d4-7536e610b16f,Debit Card,Completed
10da60c1-16bd-45cc-8212-154ec57315a0,fd41ea7a-3f71-4d9b-a8e5-c42f500b520c,Beauty & Health,5,436.4308314,2182.154157,31/07/2023,0e978659-5ec6-45ef-bc71-a613d7ba3859,Gift Card,Completed
a92c1173-1b25-4545-a580-49ecf5700ee7,5f35d2cd-1a8e-4319-9dc5-d32734cb5a11,Home & Kitchen,2,268.5375209,537.0750418,30/09/2023,99403e80-f4d2-466d-b98b-a280a0cc9355,PayPal,Completed
496debe0-5c2c-410c-9bdb-a5780375c7f0,edca2c35-a91e-467b-95f1-f79f69371567,Beauty & Health,2,41.27903432,82.55806864,13/10/2023,9574d4b4-8112-4e1e-a0b8-104c956dc142,Gift Card,Cancelled
59d4a813-097b-4d02-ac0b-9b182e5fea32,d1bd9f0d-6e65-4c64-a448-4a92ac831f2a,Beauty & Health,1,288.9128339,288.9128339,23/06/2023,ae5d7ba4-3e81-4a5b-9959-dc80cdcc32be,Debit Card,Completed
d51ede9f-e233-42cf-8935-c04eac269a2c,3599c665-6d48-43e4-8c39-5f75f1681e5e,Clothing,1,266.6085331,266.6085331,22/05/2023,6885e933-aebe-4211-a7e5-35e737081e9b,Gift Card,Refunded
79f12dae-affd-4b30-972e-77fbb29f3feb,ac99b5fe-58ed-4862-885a-7c40473ed19d,Books,3,268.5455246,805.6365738,06/06/2023,a73aa5ea-9385-4e13-a39f-1613c434246d,PayPal,Refunded
29d5a530-2e3f-4605-9aa9-6ba8d4ec668c,079f9cde-efd4-4343-ae15-8d7707163334,Beauty & Health,4,209.2327679,836.9310716,19/10/2023,f3a2a992-ae8d-4109-953c-580dec8a1444,PayPal,Pending
92df4b2a-d68d-4779-8bba-b7ebbe3ee600,636b29ca-2724-4df7-8dc4-a41cc2f474b6,Electronics,5,204.5247989,1022.623994,17/06/2023,d280b721-745c-4132-b7a1-062df69ec23c,PayPal,Pending
12443a23-7af6-4146-82c3-60c6b83140ea,8d7e4bdf-d6a6-4a86-8da4-c84eb42863f7,Home & Kitchen,3,58.64413677,175.9324103,26/10/2023,7e749d39-8908-4c84-b511-ebf254f53e6a,Gift Card,Completed
4b4c52a0-75e3-462a-a578-eaa0f1988a33,309160f4-4827-49f1-b0e0-fef00f30a8d8,Home & Kitchen,5,25.67966577,128.3983288,07/09/2023,034c60e9-192a-4291-a213-ac90713e4e71,PayPal,Refunded
a0a520f6-bb32-423b-acf5-5f1426697734,272009a9-cf5f-43b1-b28c-3cdbc9f637bd,Electronics,4,264.8275249,1059.310099,13/10/2023,1bb69631-49fe-45c0-8d1a-8e731685879c,Gift Card,Cancelled
51b4c8b4-695a-434f-920e-34045581671f,1107cd11-ad76-4dca-8ad0-fd85f21fccec,Books,1,399.9059114,399.9059114,05/12/2023,6fe45f30-2b54-4f11-a67d-a99e4a3f6fde,PayPal,Cancelled
9d51480e-ac80-4884-ab6d-b2fa4763c521,8ab46529-a6ad-48d7-a038-2d3cca67817f,Clothing,3,239.2948855,717.8846565,11/09/2023,aecbc1d4-b2e4-4085-a6ae-c87e90744c77,PayPal,Cancelled
d34f2b02-086d-449a-bb5a-19c205262874,3a5e4749-d71d-4c64-8e0b-0932c9f73fd0,Sports & Outdoors,2,12.11946176,24.23892351,13/08/2023,51f402b4-11c3-4915-af37-886e509ea341,PayPal,Refunded
3881fe01-aac0-4281-9340-3c229c35a2cd,2807f16e-b9fe-4182-a9f2-5daf92022192,Books,4,127.7500219,511.0000877,26/04/2023,cdf85731-43e3-46c4-aae3-1b08fe403288,Credit Card,Refunded
a44103a1-89a9-47c7-92a4-f1fa1fec4122,691d7c81-10ee-417a-9438-f344e4aa7ce5,Sports & Outdoors,2,335.2874102,670.5748204,25/02/2023,b685dfe4-586b-484b-bce3-716d5385daf9,Gift Card,Completed
4fa5248f-2934-4147-a887-a7c8faf1d71e,baa561e6-aa56-49ec-89d5-4ced2f2c8060,Home & Kitchen,5,251.5937398,1257.968699,12/12/2023,8f2daca6-ea21-47fe-9911-49e5fb337284,Debit Card,Cancelled
3fcebd5b-f16c-4ea3-8b1a-221b1f322b8d,ba3e4024-7a31-4d9e-b415-dec003f6bf94,Beauty & Health,3,79.22807013,237.6842104,24/04/2023,29f56e62-a4b9-4b92-aced-b74c7db202c1,Credit Card,Pending
fd557316-6fe4-4ff0-acb9-9144cd102e8c,95fc7961-b0ad-46d3-bd81-2b105e87cf36,Home & Kitchen,5,413.7031239,2068.515619,23/09/2023,8a8707cd-4526-41b9-b830-6398488956c4,Debit Card,Refunded
24f7a49a-0b6c-413a-9ff4-3863c8de2090,fe3e4e52-e6f3-4df1-ad5e-fbd89e693fd6,Sports & Outdoors,5,293.0460651,1465.230325,21/10/2023,f566a0d5-c45c-48fe-b91a-e3cf3a65475f,PayPal,Cancelled
f44a905b-beb4-4663-b17e-1a65abb590ce,16bdb876-a0f5-4ed0-adec-f055374a539f,Books,4,160.3455939,641.3823756,27/05/2023,f5754c49-9abe-49d3-b858-c342c149b75a,Gift Card,Cancelled
74cad828-bae2-4d03-8191-a5ae93abbbcf,609f8886-f3dd-483e-a289-91018cd9b454,Sports & Outdoors,2,344.6609828,689.3219656,10/04/2023,9387813e-d76f-4dc9-8eb5-fd2643cb50dd,Credit Card,Completed
74f4c15d-cf23-4b15-b46c-482f587f44d1,e0243e18-5caf-4c5b-8382-789c18f2a34a,Home & Kitchen,5,183.7154986,918.5774931,25/05/2023,a35f3e5c-4967-4f5a-a594-fc066ae4aa39,Gift Card,Pending
5f837399-4d77-4ff7-ade9-1722a2697b3e,a95b8eb7-c173-4cc7-88e7-b0ddf20b03bb,Beauty & Health,2,133.8463437,267.6926874,03/03/2023,891f95bd-511e-4217-9f98-dda58c855698,Credit Card,Cancelled
e875e2e5-690c-4f93-9de6-9dd1269ab878,2838d7b2-f771-4a9b-b3c1-a8a33863a809,Beauty & Health,4,39.85572475,159.422899,06/11/2023,a944819b-6a6d-4bf4-95dd-5e1d9139d86a,Debit Card,Completed
07851e85-9a1b-45c0-9bc8-0a434dc19757,4ee0b751-1747-40f6-962b-4b9ec0c6fb64,Beauty & Health,5,90.77554438,453.8777219,26/09/2023,9e5c6c7e-ced9-4220-9fb8-bdf2f13d11db,Debit Card,Completed
bafc6c04-fd55-435e-a8ea-aa59c7ff515e,7cd5009a-173f-4922-93f2-13ed1b78921f,Books,1,456.3069383,456.3069383,07/05/2023,9e1f3415-72af-4d33-b689-8f7c7a04d4cf,Credit Card,Refunded
6c3838d6-8b08-4a08-bdbf-5063c1835da2,29ec189f-6031-4544-86b1-ee0b7c7e7aff,Home & Kitchen,2,379.0663242,758.1326484,07/12/2023,d6aa0ce6-ca4e-4ee1-97f8-9ff1a97952fd,Gift Card,Completed
40f94a3b-c30e-4065-bc6f-95f6005e8e4c,d40f8d66-7fcd-49d5-b96d-27199773eb3c,Books,5,179.7624221,898.8121106,19/11/2023,4bc99bed-2e2f-441f-ade6-d1d099fbfd68,Credit Card,Pending
3886d3c8-e317-4936-88b2-e02f3cf62dd4,b1a7157a-e9dd-4d26-ba1c-9b7f547fee46,Electronics,3,14.07801513,42.23404539,03/01/2023,079c8ec5-eb3d-4642-892d-a91ee70903a2,PayPal,Pending
2888e8f9-6233-47e8-a8bd-a597c14fd1e0,c1f50267-647d-430e-bd5f-744227d49c1e,Beauty & Health,3,360.2050237,1080.615071,11/07/2023,70bd1c83-35ad-46e1-b71c-ab39ec4e6b6d,Credit Card,Refunded
0b57193a-7e21-4489-9b05-2609f44679cd,d9a9302c-b32b-4ff4-8e53-5283c2c968e8,Sports & Outdoors,5,361.8819267,1809.409634,06/10/2023,c7421679-6cbc-41dd-9395-17f1b1b13395,Gift Card,Refunded
8a0f717a-1603-4d8a-b1ee-6293ac3f6ebf,1472877e-66c2-4082-a379-5c432efb1450,Beauty & Health,5,453.3976958,2266.988479,08/01/2023,a338f9f9-0e82-4def-8d16-9eaedbe3146a,Gift Card,Pending
b4c5b3e8-fb65-4e1f-83a0-355baa57d03c,058b9de9-a501-4e5a-b669-d9a34195f87a,Beauty & Health,4,133.5627506,534.2510024,27/01/2023,2a6864d4-9b80-4671-8eeb-3b443b529932,Credit Card,Pending
e47ee42a-e897-42e0-82b0-25b4b787851a,3b23c322-98dd-460e-a324-761195b04e58,Clothing,2,319.4992295,638.998459,01/12/2023,60985628-177e-4257-b56e-0e6da88b96fe,Debit Card,Pending
1978ca0f-b291-4b4d-b96f-1bdc4c5b6d16,24720d62-63d9-4564-b578-841214784fc7,Electronics,3,189.6862958,569.0588873,15/04/2023,171be546-ab10-465b-8f6a-24b06c43c6a3,Debit Card,Cancelled
122c1c25-111c-48af-9ad1-7f60ab77be46,6039fd48-ac52-4039-991f-da601d9b0ceb,Sports & Outdoors,5,450.1052446,2250.526223,26/09/2023,85d58943-9afe-4387-8f1b-256a89c3733f,Debit Card,Completed
a8605d0a-c0d8-47bb-9f87-ed95bbffef6e,c613c7c1-344b-4e0d-881b-409e7688102c,Electronics,1,486.5270536,486.5270536,20/12/2023,16ee88b7-9c00-4025-b0cf-62797e727da6,Debit Card,Pending
87f7c51c-1868-43e8-bb89-97937715b3d6,e0df7863-0bd8-423d-9855-884f41eac84c,Books,2,483.4915645,966.9831291,13/04/2023,8eacf91a-c71c-4d62-b7b8-b946c0c294fb,Debit Card,Cancelled
1462c7b6-7325-47fc-9697-50a853ac30b1,04b1675e-8f6d-4f40-b070-29293ac00a3d,Clothing,1,243.5155219,243.5155219,15/08/2023,250c4e9e-240d-4167-99ad-fcae4535d4e2,PayPal,Pending
844fb788-6433-461f-9fe3-15c9d5294d1a,701e1465-52f3-44ab-81de-7efe522bc43a,Clothing,5,401.0532154,2005.266077,22/08/2023,bbbd43c6-caa3-44d4-b62d-80e9773fc752,Gift Card,Refunded
3c2058df-9bf3-4cd9-b5a4-3801010e1859,1c2f4996-d7a4-4090-8085-7c5535fb66b7,Beauty & Health,2,375.0390561,750.0781122,21/05/2023,6bf04860-cc88-49e0-b659-5171e46cea54,Gift Card,Refunded
a3beb5b1-890d-427b-b0f5-2dbe5883d2fc,10662f2f-1b5d-4a24-a2ac-5bb10c3cd162,Electronics,2,313.4153218,626.8306437,30/11/2023,2b71aeef-4826-47d3-8b85-7a0447751ae2,Credit Card,Cancelled
9110b0dd-90ca-4099-9c10-74975f5502ee,e4c8e457-7877-4a3f-8d51-69302a301500,Sports & Outdoors,4,373.0104307,1492.041723,23/04/2023,24481f48-29bf-44d1-9059-7131c1f5b2a3,Credit Card,Completed
7236499a-d32a-4850-bda1-2c36149bb073,e17054e2-0566-47d3-93d4-3d110de7bf63,Sports & Outdoors,5,425.7916953,2128.958476,18/02/2023,b358a24a-614e-4f58-9e32-ac7af829c791,PayPal,Cancelled
511c8156-bfe6-410d-bf3a-40d8bbe08418,4f1d7177-7446-48c7-97de-6f35579eb9f1,Beauty & Health,5,137.922849,689.614245,19/12/2023,ea84da5f-4063-4fb0-83fb-c2222e9b88b6,Debit Card,Refunded
af22d63e-853d-4b47-b924-9b4c96548757,47da8d3e-ac49-4c25-96de-1d51b0a98e0b,Beauty & Health,3,284.6435002,853.9305007,05/01/2023,3a336bf1-511f-49ed-9d57-84dc9e571202,Gift Card,Pending
1d231614-d313-460e-9e84-677c8fd12e03,cb3dd7a3-9ebf-48d7-81c3-c34be6ff28eb,Clothing,1,30.69990182,30.69990182,09/07/2023,0aa56415-f045-4076-86b0-456c78552364,PayPal,Refunded
85b7d510-df62-4a19-bb07-a30fb35f1810,78b1c3bc-da86-481e-a764-6def20fb17f7,Home & Kitchen,1,95.9153063,95.9153063,19/08/2023,8b4a5963-af82-49fd-b2ab-fd61474c2120,Credit Card,Refunded
690f5862-3a76-4c6a-a18e-fa1823dec2e1,9f084b5b-3e01-47e7-b213-946805354006,Home & Kitchen,3,447.7337977,1343.201393,06/09/2023,14a9a53b-7ef6-492b-8c34-2432e2cab79d,Gift Card,Pending
ca13d523-b6f0-442b-b256-b361a07b59ab,6917e23a-630b-49f8-8a87-7afbea921f8e,Home & Kitchen,5,314.1150137,1570.575068,02/10/2023,bb2843fe-e419-415f-8934-385c22f74598,Debit Card,Cancelled
79bade11-2816-4056-83ea-cdd4a46751bf,8c368863-40d3-490a-b7fa-29b0c29bd8f7,Home & Kitchen,5,64.97282934,324.8641467,12/06/2023,495b4781-7148-4937-b4ad-44708c0ea069,Debit Card,Pending
ba416408-90ca-4019-87d4-ac8b0bce886c,9df72ec9-24c4-42e6-b4d0-22cde4642fab,Books,2,498.6533601,997.3067201,03/10/2023,1cc42f9e-ef21-4f31-82a1-29dfb83f4eff,PayPal,Cancelled
a9158220-2779-403e-bdbb-aa2405cee864,0a8eba4c-2181-470a-95d1-8e59f8246233,Sports & Outdoors,5,492.1684495,2460.842248,19/07/2023,abc0de26-df91-44cb-b12e-7f66fc71e2db,Debit Card,Refunded
b9b67ee8-4090-4c68-b579-8d3df9539394,eed93049-ae4e-458e-9276-3758514799e5,Beauty & Health,1,108.3994303,108.3994303,27/05/2023,bb5ed697-d72e-40b6-89f0-000744ebdfa8,Debit Card,Refunded
0012910c-6aad-44b6-af26-ed8f25388417,ff9bea46-9612-48ba-89d2-d2aedb1b8321,Beauty & Health,3,299.9269315,899.7807946,04/07/2023,7aca3bb8-13b7-4802-aaca-49b70c6f2015,Credit Card,Pending
2aa2c26d-2361-4e26-a02b-ea6678ead0c6,747dd780-abb5-49e9-bb0f-314e9a49f6f7,Electronics,2,153.1254324,306.2508648,06/10/2023,82d35601-1fd8-47f3-baa0-48d2b27ad95b,Credit Card,Refunded
3f89a37d-df7b-4e56-a550-e048ad82b709,0fd8f58d-288d-411b-9c3f-71e15baf821a,Books,5,358.6324445,1793.162223,11/10/2023,36309884-6605-496b-9a80-83fc94c01be2,PayPal,Pending
2aef0b0e-8e24-428c-8fd0-ae84700e5246,6c2445dc-a2c8-4c1c-9e77-c79440b13fa9,Electronics,5,180.4201982,902.100991,11/10/2023,d772bdc2-f339-4d2e-a619-3c37d1fe45d2,Debit Card,Completed
3311deb1-b49f-4932-b18e-f3d4cc10dfbe,59392297-c1b8-41cd-8904-fdc9b105483e,Sports & Outdoors,5,17.3581364,86.79068202,25/09/2023,5a7d8076-66f5-4514-8839-66692241a419,Debit Card,Completed
9f4fa36d-c1e3-413f-874e-50cb0a874f3b,82dec6da-7aa5-413d-9904-656f5e345faa,Books,2,463.1197311,926.2394621,01/12/2023,9ce558c6-53db-4e38-9b57-3af478036175,PayPal,Cancelled
9e1c3029-0d54-42f2-8c12-1215910c09bf,2f37246d-8b00-4b9e-8cf8-2e3187d4138b,Clothing,1,263.1200716,263.1200716,18/12/2023,2c9d5d82-5e14-4a62-8367-fbae3629ba65,Gift Card,Completed
677b74b2-a0ba-4851-b213-d6dd8e6ad25d,3015b7cc-c7df-41ab-ba86-4e7936135bdc,Sports & Outdoors,3,494.9774468,1484.932341,30/07/2023,5389f001-4b99-4c9b-9932-93a4716362a5,PayPal,Pending
dc979e83-2965-402b-b5b6-6472e14f028e,6bb0299f-add2-422b-a2af-3de36905cd34,Electronics,3,337.1741382,1011.522415,25/04/2023,f952b7c1-6605-4070-91d5-d09c703c6fb9,Credit Card,Completed
937c28ba-f9e2-4844-bf30-f4a36c297d05,61fbb7db-55f1-4047-8f1d-d3af8f860f3a,Electronics,5,36.78236964,183.9118482,18/10/2023,f958e54a-3c12-4349-982e-22bd1331dbba,PayPal,Pending
33f1614b-682b-4c54-acac-a76a0e932562,15f932da-598d-4e8d-9f22-11a7466db025,Books,4,305.2287057,1220.914823,24/04/2023,864c4bcd-667e-428f-8ec2-5ca117041759,Credit Card,Refunded
09325511-e3dc-4cb2-adf2-a4a72ac58fdc,717b63a3-eedd-4aac-b1d7-59b3db514f8f,Clothing,5,208.1186365,1040.593182,17/08/2023,1e02d122-6f10-4e9f-aebe-4c9f937dacc7,Debit Card,Pending
f95f52b9-deb1-4ac9-a0b7-867a53ae5a05,c727377f-b5c9-4748-a149-e40dbc003093,Books,3,114.6481083,343.9443248,26/11/2023,1f7b84d0-79be-48f5-b2ae-409735cabb9a,PayPal,Refunded
59768f4a-ab94-4af7-b711-c77f30d095b2,f956d217-3f11-453a-858e-dcf8fd40c9b9,Sports & Outdoors,4,443.5780843,1774.312337,14/12/2023,6a704d49-be0c-4164-921e-3463dd111aa2,Debit Card,Completed
e044ef86-9b6c-4028-9c62-03f34c7e81c5,161ada7c-036d-4278-b057-5826599cee9f,Home & Kitchen,5,100.8494389,504.2471947,26/10/2023,7cd51977-e197-429e-97cf-84bdd3a2304b,Debit Card,Pending
9398f075-31c5-4fa6-9bcc-9ee4a543e482,5eb4da7d-c59f-4186-9783-d5a2c73e93b9,Electronics,3,235.3371183,706.011355,14/08/2023,d6d76af0-2a91-44c5-b8d0-9260299208f5,Credit Card,Completed
f353b740-42f9-4535-8ce3-83eab5ce070b,67f17926-045d-450d-800c-00b20431a23b,Books,1,245.4410439,245.4410439,03/07/2023,dc6e2bdd-3f7b-4dfe-a405-214c6821f8b2,PayPal,Refunded
15959270-5f1d-4c0f-8f50-2753cb5f4549,956aae50-8841-451a-9b55-3ec0065486af,Electronics,1,363.1199264,363.1199264,22/05/2023,97352edf-86f0-4da9-9fce-0b2b223d4008,Credit Card,Completed
17dcce3b-1cb0-44ed-94a2-b930147eea50,a0cf6f76-4d1e-48a8-a71f-30b706e76324,Home & Kitchen,2,436.4489659,872.8979318,21/08/2023,15ee10c5-c458-4e79-a05f-bde3956715ee,Gift Card,Completed
9d1848d3-f252-4bac-b51c-373d649a75b3,b20577cf-f602-4a21-b844-afde86133d29,Books,1,24.08472543,24.08472543,05/02/2023,5bf718d3-1512-4e82-ad59-14b1fbf79ac0,PayPal,Completed
0bda214f-6e78-486e-bebf-3acd60d95076,5a0415d8-dacf-4355-91d2-b5fd3ae5c146,Sports & Outdoors,4,28.195256,112.781024,15/09/2023,b78d49ac-4c17-4784-a0c3-171dac0e3098,Debit Card,Completed
192a65f3-ee2a-4220-be4e-bdbab6ae4caa,79f802f7-7fc3-4a55-b37c-55847dab876d,Books,2,388.7388414,777.4776828,09/08/2023,409fb5b1-f957-4b71-af62-b24577347da4,Credit Card,Pending
b4e2c71e-7fb1-4da2-b7d8-04d0eb12a5ac,915fa630-b2cb-4d1a-88a2-25d5d4628a52,Electronics,4,272.8218987,1091.287595,16/07/2023,4cc092d3-2166-4df3-a238-b42577759d2b,Debit Card,Refunded
4e26f89f-0284-4a00-a1d8-7fef9b0ba984,bcaf224c-0638-4340-a733-1a107069ac5a,Home & Kitchen,1,37.04740316,37.04740316,17/09/2023,4bac9910-d811-48ed-9fa1-22c4f0b769ec,PayPal,Refunded
15a307bf-62f0-4ca7-8c05-bea37c9d7df0,73c5d715-5919-4059-9420-9971a9901a10,Clothing,5,130.3783716,651.8918582,18/07/2023,324a87ca-eda4-4c79-ba0a-76f5504fb9bc,Debit Card,Pending
ed780319-85fc-4fda-819d-355a51a6c14e,592309ac-438b-4a30-9f10-9140c40ce02d,Sports & Outdoors,3,330.0610783,990.183235,21/12/2023,ac2606b3-8391-4247-bfbc-b8c2a60ebfe0,Debit Card,Completed
41151ab8-ac35-459c-b0e5-507f7e35595c,7b7a305a-c018-4386-8425-cebded03982d,Beauty & Health,2,37.58777442,75.17554885,02/06/2023,c0a363a5-8ab2-4c17-999b-a254df9b0ae4,Gift Card,Cancelled
e8382a07-cd87-4f6a-9758-bc5f12f6f67e,b051bf54-ed91-40d3-ad5d-1609a81802cd,Clothing,3,296.0238747,888.0716241,27/09/2023,c8a74348-afa2-4e62-91b1-b0d8ae9174fb,Debit Card,Refunded
20bc9c59-7f3c-479d-b3f8-af0294158b47,4f50ca57-0366-4ddf-a1a9-094ee0f9351d,Beauty & Health,3,285.506983,856.5209489,12/05/2023,85b71c3a-cfce-4632-941a-60b2dee1e784,Credit Card,Completed
c174b2dd-5a42-4e9b-9957-11c71f6651a5,7401ba51-3bbf-45b3-8512-29b3e73465e5,Clothing,3,93.628412,280.885236,07/08/2023,267c79e6-1d22-4d04-b3d4-e902a114ac28,Gift Card,Refunded
60f4b0a9-de5e-4be6-993f-cbe9d646fc53,e60d83e8-d9e3-4249-8d29-cd5c23c78b6b,Electronics,1,234.9956632,234.9956632,18/04/2023,e3346bd7-896d-425e-a8cc-2b605bab256c,PayPal,Refunded
b1589e16-9558-4f2b-86e6-64b7cae3da63,b7187040-307c-44dc-bfa3-398eb1f5eb4e,Beauty & Health,3,380.2354693,1140.706408,23/02/2023,5b6f305d-87fb-413e-9899-7378cf4bfebc,Gift Card,Completed
af4aec17-627b-46a8-8bf4-615bf0d8c8c7,9ce6a8c6-883d-44bb-9534-f8b38f19e3fb,Clothing,4,94.02924664,376.1169865,10/10/2023,239e81f9-95e2-47a4-8b54-aaf474fcaba7,Credit Card,Completed
9b65cfee-be21-4dc8-8cd0-b3b312b22ce4,b88af3e6-547f-49c6-8170-fb606233ab6c,Electronics,3,188.444035,565.3321049,10/10/2023,37bfb1fc-a250-474d-a2d3-119a116cd20a,Credit Card,Pending
4a01d7b1-956b-4b89-8817-261d362fb8ef,a1e8c23f-d58b-4799-b857-32bb0ebd9be8,Beauty & Health,5,127.3880716,636.940358,25/08/2023,c032e9bd-aa0b-4241-b41f-1cfd456522a8,Debit Card,Cancelled
253bcbe2-d9a7-4284-bc89-f4d056190dac,b71f5891-a494-499c-be4e-b665bd48e44e,Books,1,199.9170475,199.9170475,21/06/2023,e6cd4880-e5b1-41fb-aa51-22ef165eaac7,Gift Card,Cancelled
24825855-0c6d-4cd9-9088-9f30840d1b0b,62fefb2f-0766-456a-8899-5fa1f3704b13,Electronics,3,450.3939802,1351.181941,11/08/2023,d363a6f6-a98e-47df-b852-d27a259c3cd4,Gift Card,Completed
95e156f4-eda0-4a60-815f-00dfebcf1bb3,d3f8390e-aa95-4418-b29a-028214421b64,Beauty & Health,1,130.2124579,130.2124579,26/05/2023,5d44a600-353a-4624-b0bc-bd7e07bcd763,PayPal,Refunded
6e54e29c-ab7d-4b61-82b7-9e8ecfce5b3d,65a8a530-8332-4cc5-9143-a0445c8ee09f,Home & Kitchen,4,113.9516099,455.8064397,15/01/2023,398a4405-7b22-4ca8-b434-632a210e9017,Gift Card,Cancelled
5c4d5dd3-8b7d-4f00-acda-44da313a0c64,407c3692-6af0-41fe-833f-179058d8e2b2,Clothing,5,483.2020486,2416.010243,02/04/2023,ef50bc88-ba41-4406-ae47-d434b9a5493f,PayPal,Completed
da80c061-80a6-4d9c-8128-563cdc32c82c,9993b2e2-9a28-48b8-aca7-89545ccfda5a,Home & Kitchen,2,14.38709611,28.77419223,16/09/2023,bd75ca96-7768-42a8-b87f-d9e4010f7a8d,PayPal,Pending
8f77461a-06a3-418c-80fa-58bdec4dee1a,9ba0cb5a-031f-4c36-a8b0-a84131eca33d,Sports & Outdoors,1,83.56301227,83.56301227,05/07/2023,fb7e09a0-6fe4-4d1d-a539-d7a110f6a0ed,Gift Card,Cancelled
edde0df5-7b0b-4e55-ab5f-ff45350ded98,c75ee19e-ae92-4ed2-93e6-b15ca2a1e3dc,Clothing,4,443.8494585,1775.397834,16/05/2023,f6ef3e8d-c03c-4342-bc15-bb7129d9c334,PayPal,Pending
07631db5-25fd-48d3-83cb-3ca481316365,c81e95ea-262d-4942-bb68-3e9e0923768b,Electronics,3,64.33194889,192.9958467,15/09/2023,ff2131d4-e449-48fd-b6d1-2cf1eab62617,Debit Card,Completed
f261e555-ce64-4670-930a-0ecb2aea12a9,96a5847b-8884-4673-87dd-edd07a15255c,Clothing,1,445.1471006,445.1471006,13/07/2023,98e43e02-dbce-405e-937f-4cc6c25b4092,PayPal,Pending
d5dc49be-2bf4-4237-a22e-d0ba94b5ee0c,c7c6dd03-a22c-4cc7-9e13-ebd242552df3,Books,1,487.4231247,487.4231247,28/05/2023,83eeb2b3-bcb0-4d39-a479-f6a2471e05d0,PayPal,Cancelled
2c5526f2-b3a0-40f8-adce-368aa5ec2046,5590b125-497c-465a-aff2-85b882cfc09b,Books,5,51.70365372,258.5182686,10/10/2023,420a9e13-3458-4d76-8b34-d18ceb613d7a,Credit Card,Refunded
3e7058aa-6f64-45bc-8f2b-9a9398d37a7b,5386de46-683c-4273-9f0f-aed825a34da8,Books,5,112.5916355,562.9581774,17/05/2023,eb212c2e-dda3-44ec-b7f4-80501c964bd9,Debit Card,Pending
d7d7a9b5-18d3-4c02-92a7-e54bb8593693,0ffb9ea6-ef6e-45f4-ad11-710791b1d275,Home & Kitchen,3,236.4532016,709.3596047,02/10/2023,52669dd4-06b3-4bb7-9597-c4db10c431ab,Credit Card,Pending
d28990e1-556d-49ca-9ffb-b15a41bafef7,3e8f6514-76de-4b4f-b9de-5a6dbb67bb73,Sports & Outdoors,1,240.3212273,240.3212273,01/01/2023,5e7c3b46-223d-4602-a3d9-46cfc4cbd91a,Gift Card,Refunded
e02e08ec-63e9-47c8-8359-8b127bd3e9df,8e2851c7-9f0b-4aba-a871-b8a3b5e74280,Clothing,4,296.9961387,1187.984555,08/03/2023,17748285-9ec2-4edd-bdd5-12ab0418d1c7,Credit Card,Refunded
bdba91c0-f428-43cd-aab7-cef48d388819,fdd09f6c-c5ed-46bb-ae0a-e231a73971db,Home & Kitchen,5,298.0938711,1490.469356,13/03/2023,e81820a2-3a83-4b9e-ac77-eb7696f08060,Credit Card,Refunded
79772e8e-78cc-4f80-9870-7e1202b2d288,9305f7de-db58-4c8b-8f0e-894c76558244,Beauty & Health,5,360.3771912,1801.885956,23/04/2023,2a4a30c1-4b8d-49bc-82f7-859a5d3f6ea3,PayPal,Cancelled
49b05b59-2854-4f4f-97be-fdc3c5b3dd42,d256f98f-0a81-486a-bb48-14ab00ec0f5a,Sports & Outdoors,5,308.8699119,1544.34956,23/08/2023,0c6a6d44-6579-43bc-b9f6-5ffcf41b3341,PayPal,Cancelled
0d1b1e62-182f-4261-ae37-8eed6e16e9f9,63d74905-b59f-4fcc-a36b-4cb66e27fdc1,Sports & Outdoors,1,58.65333813,58.65333813,21/10/2023,228124ca-9afd-4d08-a644-ccbac83c1dda,Debit Card,Refunded
14947121-2ccf-4295-9ed1-04fd6e4e9a39,cd4da23f-a24c-4460-8343-4fb4e10a9d81,Clothing,4,107.5736573,430.2946291,28/11/2023,45816afd-2e35-482c-84ad-592e9f7a0d28,Gift Card,Refunded
a61a6d44-2cdb-4989-90f5-a7364fd8e42c,5a9e162f-2c48-48ce-ba21-f824111225a4,Books,3,121.4422305,364.3266915,17/11/2023,296ba0d9-84e5-4615-9d72-62227876d9f6,Gift Card,Completed
25d7f31a-6726-4f1f-bd7d-87827f131022,ea80600e-2466-4f35-887f-9cdc8d98f765,Books,1,425.1018409,425.1018409,07/12/2023,0a8b6976-048f-497b-a8ab-61e4719a1958,PayPal,Cancelled
f7e0188a-1fad-4a35-9009-158774d0fb59,51f0f11d-ed55-4208-b780-a2c46b8797b0,Clothing,3,333.734494,1001.203482,28/12/2023,d5493618-fe2f-4ac5-85af-1187b78c9774,Debit Card,Completed
9a5a54d3-c9ae-4b1c-b389-a1e140878f3b,eb09e232-480c-4e68-95dd-b32227d762ad,Home & Kitchen,3,328.0745665,984.2236994,26/06/2023,9f457af6-d0e9-4b40-969b-a8aaf3e91cbc,Credit Card,Completed
84dccdc2-9bef-4e6f-9067-8584cbe61335,7b123b06-f6b3-402e-91b6-dcba3b6f5e12,Beauty & Health,3,27.5525133,82.6575399,22/08/2023,a2cf8fe6-a058-4ee3-864f-0a860354e947,Gift Card,Refunded
881b3e96-c6e4-4d00-b2f8-ff7eaeacf24e,65a9b75a-1e20-4953-ab06-c9ea4e506605,Clothing,5,240.2603577,1201.301788,24/10/2023,28163e86-6874-41a5-92ae-20801d6859bc,Credit Card,Pending
0040c98c-e7ec-4e8d-942d-a2081ba76cdf,8f97c75a-e8d3-4f0b-9598-f058e9bff595,Clothing,2,422.4390301,844.8780603,01/11/2023,85b18289-f950-40e7-afd8-bb91eea1a46c,Credit Card,Refunded
4d6c35a6-f5e2-4f12-a293-c62f4d351269,5ac3a6b8-5eaf-44c7-97a6-75f6e0df1f73,Sports & Outdoors,1,108.0510504,108.0510504,30/12/2023,b081f9f6-a9ba-44cd-a595-fcec95bc1aee,Debit Card,Refunded
57acb6cd-820f-46f4-b3a7-fbd19682077a,5e6b60f9-4f37-44ad-aeae-567ab847c4e1,Home & Kitchen,5,137.9391311,689.6956556,24/04/2023,a040d927-c125-474f-b21c-fc16502625e2,Gift Card,Completed
97e073ad-ca86-4344-a50e-01dac087010c,f69ad577-6dc9-4992-80ab-94d0167c5c9f,Electronics,1,184.6380455,184.6380455,16/11/2023,34382cac-7598-4814-8fa2-8072ab153dbf,Credit Card,Completed
4c6317a4-8190-4c10-9509-89d7b86578bc,a7af6f86-b045-45cb-907d-48bb2ae83d78,Sports & Outdoors,2,90.73944396,181.4788879,18/02/2023,2fa9544f-b694-4dab-9421-8278d26dc558,Debit Card,Completed
31cbb6d0-dc4f-45da-95e3-4e2c73a16188,92a1143a-0aa7-4d19-9429-b3151e208d6a,Sports & Outdoors,2,164.9827117,329.9654235,25/04/2023,88dbc593-e911-48a2-9ac1-abdb10d88ea2,Gift Card,Completed
af9dd75f-b228-4d4a-bbd6-ad287d5e651a,4300f07c-9a13-48de-8633-f4b02af442bf,Clothing,2,66.57853783,133.1570757,13/02/2023,60993142-0227-46fa-81af-4abf5ec0c4ef,Debit Card,Refunded
7836aba0-314e-4737-a14d-aa85900f510d,a9e28a73-7277-4bd5-88cc-89078f53fd68,Electronics,1,42.01022691,42.01022691,07/09/2023,de734fe5-003f-4317-a20a-cfec6713eb3f,PayPal,Cancelled
c4680848-33c0-43f1-8e70-dcfb38df7d2b,6d39fe40-023e-4275-b42e-a3b5a394d4a7,Beauty & Health,1,391.7671309,391.7671309,21/01/2023,03df3490-061a-4c7d-847b-471ef7c57260,Credit Card,Cancelled
df68fa54-e45b-4e06-96c6-0ed7db279233,387188ae-4bcb-4883-9af9-c773a7fa5f1f,Electronics,1,180.7298393,180.7298393,28/04/2023,fecd67bd-547a-41da-a6e7-7e8533304fd8,Gift Card,Refunded
a0c99d6c-dd66-46b9-b37c-6c7d85210355,ef6da9d8-afdf-4648-9c2f-9eb2ccb6cc99,Clothing,5,59.84530849,299.2265424,12/05/2023,b05e5be2-3b72-462c-92d2-3c56a79b7bf8,PayPal,Completed
55091ec9-aa3a-4a36-97e8-edc501a8ec5e,db39c426-db01-4934-8870-566c670cc08b,Electronics,1,136.5996591,136.5996591,11/08/2023,4dfa5029-4584-4f09-b758-68ba597aeafb,Credit Card,Cancelled
fdd99590-011e-48d0-9a56-cf94d27e42c5,ed9dec6a-dc1b-4e99-8aa1-b68f7ebf2e75,Clothing,3,466.7135549,1400.140665,25/05/2023,d729817a-b336-4a28-8646-d0653d64e480,PayPal,Refunded
c7990d6f-8561-40d8-8d24-b9af89b20ba2,2f9536ae-a81a-45fd-9482-3b52ae9ac4ad,Beauty & Health,4,426.6022645,1706.409058,06/05/2023,84288a47-0964-44ae-8478-8c4ff1ab8282,Debit Card,Completed
5f5dc6ee-71eb-42be-8b0a-2ad965251fc5,b07eb636-53f6-47e8-a518-c4ec8851deab,Beauty & Health,3,181.9696707,545.9090121,11/12/2023,137d34a8-6f00-41b8-8961-ad888a6940af,Gift Card,Refunded
bbf882b8-aa98-477e-8d68-c096424d0381,95ec3954-84da-42a5-8556-29e1dc86170e,Books,1,467.7967952,467.7967952,10/02/2023,34a92518-fea4-46be-a587-a5bea8dff544,Gift Card,Cancelled
887834f9-dd68-4868-b325-23ff6da819ca,cb7919d0-2398-431d-b0bf-64cd95c021ff,Books,5,183.5631148,917.8155742,06/09/2023,6bda87d2-9ca5-4288-b5c9-f4dcf2b26739,Gift Card,Refunded
839ea1c2-4b4f-432b-acce-2562d9c9a36b,a85319e9-a78d-40c8-9193-5cb4de5f0c6f,Beauty & Health,5,402.7619232,2013.809616,23/04/2023,da5bfd9b-cd83-418c-a2d6-d14caa150383,PayPal,Refunded
31e142f1-d520-4e63-9d9b-463f6e19ccb8,cbba5c5f-b153-4e65-a150-198c97db2f4f,Sports & Outdoors,1,433.1100963,433.1100963,06/07/2023,a01ea146-8a12-4d6c-8cbc-877e2e91ad1c,PayPal,Refunded
75a821cd-61ea-40a6-a6a8-4750f5724516,0a85335a-ed34-4d53-a834-22d5786117d4,Sports & Outdoors,3,218.7012112,656.1036336,09/01/2023,a043e81c-1283-4339-8bfd-b523f9f04469,Debit Card,Pending
d7e0b7f1-0d96-419b-bee4-c2e2a4cf60eb,fe072d0a-aab7-4f50-bed2-d280fed26869,Sports & Outdoors,3,118.7876435,356.3629305,07/09/2023,a12dea3c-3547-458a-a02d-5fea6aa79349,PayPal,Completed
01d165dd-a5b7-4622-a20b-abc200927952,5b709800-e08c-4003-9f4b-dc139fbed08d,Books,5,16.2520794,81.26039698,09/04/2023,d260b6c4-c206-4375-9678-7af845050eff,Gift Card,Cancelled
fc4a7e05-404b-41ac-ae7c-78e1719d54ad,1f7f6fe9-552e-47a5-8c75-8aee037e8f5a,Electronics,4,150.4287775,601.7151102,03/12/2023,0f218400-3a87-4b45-a2c4-21ad44a533aa,Debit Card,Completed
95f66606-9721-4d66-8cb8-467a85bf0930,15f7abd6-1661-4c17-89c4-4187f2fa5084,Beauty & Health,2,455.0527463,910.1054925,28/02/2023,4f1fed15-fa80-4bcc-9faa-4c485b836c87,Credit Card,Refunded
15057240-de78-46ad-8504-6821316cc903,afd9b193-bbe1-4f41-a9be-40625166c8d8,Electronics,2,336.5583343,673.1166687,02/08/2023,6a8f3132-b5cb-4f06-8b71-e9d24aa58ef6,Debit Card,Cancelled
d06f5c97-4616-4022-8a72-106a88d43091,a149f8a5-6b52-4543-9875-c45b035c11d9,Beauty & Health,3,71.27297718,213.8189315,13/08/2023,219c3524-beb3-4291-912f-d6fad8463971,Debit Card,Pending
fb055f13-aa65-4f87-b5a5-1c2534f853a8,ccb997cc-a111-4d87-86b7-ad353d648627,Electronics,3,179.9391325,539.8173975,30/09/2023,802746fc-dcb4-4a8a-bd5f-ff9118d89eef,Debit Card,Pending
7632f3f4-31b9-4dfa-b228-4b0f2a674dba,8e85f33f-9564-4fe6-bce4-6294da774378,Clothing,2,120.3435188,240.6870377,02/10/2023,d5b44139-5c41-4f9f-9ee2-923f49868dc0,PayPal,Completed
dfaf829d-bdff-4b7c-9590-572bdb67ca6e,9787ea96-365c-44c1-86c0-fd85106adf94,Clothing,2,466.5233295,933.046659,22/08/2023,187c2c97-bbc3-4a0d-a363-b52c44be70c0,Debit Card,Refunded
fcdb9bc0-2a5a-4fe1-ad8f-79ac812df356,cc1c8732-7fe5-4ab5-b5fd-1de1c5f293e3,Sports & Outdoors,1,359.3459475,359.3459475,18/10/2023,e89434c8-c244-4483-9d9a-32141b6a80aa,Credit Card,Cancelled
da5ea462-3e59-4f3d-a851-c47f2929ccce,58166647-ffbe-438d-b9fc-f75ba0014547,Books,1,211.7331203,211.7331203,14/09/2023,4070ec82-5987-425a-9d66-22080b243dd1,Debit Card,Completed
142232f1-350c-41cf-9ade-8f32e1d1d5f4,328b8113-890b-4f16-adb5-2d83cd5f124f,Books,1,136.2175486,136.2175486,09/09/2023,9760e8bb-9e4b-455d-85f5-95eaa016ca0f,PayPal,Refunded
3c6a8de2-f88e-496b-aa01-368bc94f0efc,ca3d3846-449a-4409-878e-a1236467d9b0,Clothing,5,304.7526375,1523.763187,22/01/2023,a8223019-f60d-4f9c-bbf4-d5a5ff5f5dbc,Gift Card,Completed
ca306492-bae0-4dbe-8724-b6db5520a6f8,28c44ad9-64f0-49a3-86d0-9285123a354f,Home & Kitchen,4,464.4926782,1857.970713,25/07/2023,fa79d00c-507d-432f-8cf2-3d3aae1045b6,Debit Card,Cancelled
aa3d1645-b8db-4fd6-8525-236c247ff797,bffc9cc7-d77d-48d0-81f4-4d47924c2ebd,Clothing,5,430.495005,2152.475025,09/12/2023,51d09b04-911a-49e0-b16d-8a13f521dc92,Gift Card,Refunded
40a1d394-77a4-452a-bd77-e9c3d494724b,6c7fba08-86cb-450c-b4af-45f656d67bb5,Books,5,367.9409252,1839.704626,11/06/2023,86b70823-c812-434d-b27f-683d0b6d94e2,PayPal,Completed
691f0ce2-f3df-42e1-bb16-d87c978f690e,bddded20-f83c-4adb-8e32-41e5d7c10b02,Electronics,3,260.5515847,781.6547541,14/12/2023,56248819-944f-485f-a320-4f5dccfb1e6e,Gift Card,Cancelled
3735405d-3213-415f-8a1e-829796b0e419,ad7d9699-de35-40e6-b6dd-6bf10729a05f,Beauty & Health,1,232.9500654,232.9500654,17/07/2023,687def57-b360-4223-accd-b950bc45b4d6,PayPal,Cancelled
57021609-84e1-43bf-bc4c-3f54beac3c69,1de60321-b7de-46a0-abdf-4f77e9febf46,Beauty & Health,1,417.2799087,417.2799087,31/12/2023,7613f219-8a5c-4234-8514-3f11b964c993,Gift Card,Completed
07b1f464-424b-4533-bd3e-47b9f38023e9,807055e8-d128-4b13-9f4c-2d52fc7e11ef,Sports & Outdoors,5,164.2559032,821.279516,17/05/2023,d093de07-cb35-4296-9df5-cce9c55028a0,PayPal,Completed
b0f330e2-662f-4d91-b115-f0135823fce3,0b11655a-b7f2-4e0f-ab20-7d1d18a9c43d,Electronics,2,364.2803758,728.5607517,03/07/2023,d67e5d3e-5961-46e1-957b-ee155b7a779e,Gift Card,Refunded
07ed0734-3c4c-48d3-8793-33b09314649e,ecc03e5d-c42c-4878-8af0-1bb24e31572f,Books,1,251.3492968,251.3492968,05/03/2023,50575c58-ec1e-489d-9e33-5d779017ddec,Credit Card,Refunded
e5decee5-923e-4e14-ae84-aa5fcadb4a65,56bfaa3e-968f-420e-9965-daf18d17d97d,Sports & Outdoors,4,355.7146626,1422.85865,20/06/2023,37d1e272-b773-4fae-b811-7307ed28fbbb,Debit Card,Cancelled
179d73df-84da-4fed-9291-66f3eff7c2c2,bf730560-2504-4129-a2db-1ceafc93b91c,Clothing,1,79.64960221,79.64960221,10/10/2023,69626cc2-ac65-4227-beba-3d6230a542ee,PayPal,Completed
e0ffca15-cff6-49aa-96f1-1eaeb6c1a5f6,72e0843b-af06-4fce-ab7d-b4dd7ece938a,Sports & Outdoors,2,24.56613924,49.13227847,20/12/2023,670f6f00-8c09-45bd-8bba-2fc82c65d3fd,Gift Card,Cancelled
7f299495-aa56-4045-b676-3099e9d5d2dd,6a057fea-aea1-4bb5-ba59-81ec64854b0b,Home & Kitchen,4,25.16363022,100.6545209,30/12/2023,3ec747ff-b44f-4621-aab6-d69a67024444,PayPal,Pending
9ad1eee8-1148-4d82-80b6-b06f2c2af5ca,f1f24da1-4be5-476a-aa55-74c438627caa,Sports & Outdoors,5,61.40352792,307.0176396,09/07/2023,9f152501-0acb-4367-9885-79716d193cb7,Debit Card,Refunded
3c594b10-7230-4844-a90e-f5e22c29b06b,9bb6081d-e6a4-4209-9641-bb99ac353099,Beauty & Health,3,438.1050375,1314.315112,29/10/2023,bc6cb670-fc96-4547-86bd-703773d57d66,PayPal,Completed
1e8f17d4-49f8-4df8-86c3-5fa899aa9d27,a07c23ad-46c4-4f74-9eff-0e543381c7a5,Books,3,288.1030036,864.3090108,16/10/2023,9213bc44-47e7-4b78-9b92-41d1736b6d97,Gift Card,Completed
d074b8f6-57fa-4f69-b659-1c469ee77f93,da065d73-a49c-491d-82d2-92230e2f1cc5,Clothing,5,402.1008663,2010.504332,04/03/2023,649b9540-110e-4ac7-8bbd-cde98a1f5519,Gift Card,Cancelled
72c750c4-445b-4dd5-94eb-95b568f7fb7f,e16d1f51-0565-4bc0-95b8-167b3d2ebd47,Clothing,5,328.7806358,1643.903179,11/07/2023,4a95cef1-b7ba-4667-b0d5-1d894cdab222,Debit Card,Completed
c1ec5b13-2bd1-4244-8cea-466ec77d1434,501fb5d6-8950-46cc-bf6b-bc117c724bc0,Clothing,2,423.6068184,847.2136369,05/06/2023,3abbd0cc-e7c1-4960-919e-0aed40ec34ff,PayPal,Completed
0923a8f4-8288-423b-94f4-6d4990d5d52f,265bd946-67da-4681-b354-6b15f969aa74,Books,1,78.44157314,78.44157314,11/09/2023,a5e41e63-4ea8-458a-a1bb-54c723674f2c,Debit Card,Pending
ef3d260a-7039-4bb3-b565-d84548290ae3,bd4a4441-37a2-439d-80b3-85954e7d8e23,Electronics,4,327.8624516,1311.449806,15/04/2023,72beab65-db4a-4380-ae92-5cdacdb71fa1,Credit Card,Refunded
24e47b08-061e-4a28-8fe9-608b52106586,d796e3e9-a18a-4a04-8cf0-34329dd1e848,Electronics,3,341.4642451,1024.392735,02/05/2023,25c26102-7cf2-43e9-9df9-943406652133,Gift Card,Refunded
7ced4d49-aee2-4377-bf05-606586a01254,b735d7a0-3d91-4852-96d0-78106d244a94,Books,3,355.9184169,1067.755251,09/09/2023,2124bea7-cadf-423f-88cf-01468fba8c7f,Credit Card,Cancelled
7225d67d-94b1-47e2-8d6b-50f26702af93,9abcc000-1cbc-45d6-81c6-8a3e505f084a,Sports & Outdoors,3,444.9886917,1334.966075,08/05/2023,0cf12307-660d-4f10-be73-f8e086f90c65,Gift Card,Cancelled
7db4e7a5-7eaa-4cfb-80c1-eeda1922d6a5,ce88616b-7655-404d-861b-0109b6215b8e,Home & Kitchen,4,303.8840704,1215.536282,18/01/2023,763bdba8-3070-4c5a-9e12-3a9dc491644c,Gift Card,Cancelled
2d5e0126-1d71-4088-8dc8-6b7ab0cf9522,c355354e-526a-4979-b440-64ad45e08467,Books,2,346.5811312,693.1622625,13/07/2023,a8fd3bd3-bf4b-4d0a-ad5d-f1bc7f8d5c1d,PayPal,Refunded
b710f8c4-3061-4350-9613-1d2c6cee3386,6b279e34-c618-46dd-92c6-59af15614a17,Clothing,4,382.15427,1528.61708,24/03/2023,5f797e42-015e-4dc3-bfd2-e2c1d387cd9d,PayPal,Cancelled
f71ec28c-129f-4a41-b439-9047bd5ff639,9dcb3d13-a52d-4f21-bb40-27176930419d,Sports & Outdoors,2,398.8655852,797.7311703,06/05/2023,cd037027-4269-4b24-b172-38b2ca011632,PayPal,Completed
b2cd20f2-82b6-4531-a828-5a509f2cda06,c2ad94d0-8ed3-43fc-8853-e188339f9ca0,Electronics,5,255.855087,1279.275435,23/12/2023,98edbe03-4dec-417a-9dd7-6e653f60610c,Debit Card,Pending
304f98f1-ca03-4ede-91e1-225338475c97,f0bdde67-1dbd-4412-891c-513027dd487e,Beauty & Health,5,113.4570651,567.2853255,07/08/2023,57bd33fa-3a67-4bf0-8cfd-ff3088b6f159,Gift Card,Refunded
4aed776f-4286-42c7-abd0-b9b6cffdac7b,9b4b8924-22eb-4404-a9a9-cc9f9bce5b80,Electronics,2,353.5958947,707.1917894,12/04/2023,b8a93c66-6937-48e5-8b46-ae13a19083bd,Debit Card,Pending
93b94fe0-3a09-4c67-84a9-8f38c768c557,0ea67f81-d675-4f79-92cc-d0e8a3e7b919,Electronics,4,258.5858911,1034.343565,30/07/2023,5c008ca7-f7d8-46a9-bc55-2615f410ecc9,Debit Card,Completed
d5c55086-5fa0-44f9-bbe0-97e85677f12c,075ec152-c16a-4fe2-85a1-e28f91459cf0,Books,2,183.0885559,366.1771119,14/03/2023,f415f16b-7f3a-49ec-a593-734395108db5,PayPal,Refunded
f24ad499-b3db-4c2c-a3f1-ef1f6455c679,7ce4e2f0-eea4-4544-beca-b8d8ec8f9b7f,Electronics,4,298.6323054,1194.529222,11/12/2023,f1579f58-e487-45b1-a39f-36f0b58c125a,Gift Card,Pending
ad8c0cb8-d018-43d2-b6b2-28c61d7e61a1,b17d1b22-034e-49ff-9cd2-21b1e27cdd67,Electronics,4,94.99938652,379.9975461,09/12/2023,069ca594-3d96-4a75-80fa-43f4c6095851,PayPal,Refunded
bb39e74e-64be-423e-8400-e88e311302c6,a86ee046-81f9-4f8b-bba1-1aa6b46f2b7d,Home & Kitchen,1,189.9127847,189.9127847,03/02/2023,f7277247-62dd-4343-a254-4481bb8d99fb,PayPal,Completed
8928a4f3-6c26-4be7-8d48-bb6dc68d5f0d,8f0c829d-2c7e-4de2-afe1-dd349cdfac4a,Home & Kitchen,2,455.9246128,911.8492255,23/03/2023,450492b5-7f84-423a-ba75-502b1228258a,Gift Card,Completed
7139c18e-492e-4e27-b30b-6927eb34463c,f42f33da-40e3-4fb8-854d-e89386f7de9a,Clothing,1,74.73198095,74.73198095,26/01/2023,2cbed690-c40e-4b81-8a42-05f42063b5b3,PayPal,Refunded
d3fd807e-9603-4de6-8c75-35a3ebc66178,2c0f81f5-d17d-40b2-952d-f4b3f87059b0,Beauty & Health,2,463.7430102,927.4860205,25/11/2023,59770b11-4eeb-40ef-b86d-dfb74658c3d1,Gift Card,Cancelled
f23e0ad4-51f5-48fc-90b8-7a2515ee2f43,8676b1a1-d0a9-46bc-8c4c-5ad8786da838,Beauty & Health,2,308.5313291,617.0626583,25/03/2023,df19f2b6-03da-4e8e-842f-0cf491b490a3,PayPal,Refunded
25f6e570-25a3-4484-b71e-080fd64cef42,1798c713-ceae-4280-a559-ba6918c7949f,Electronics,2,280.9827292,561.9654584,13/11/2023,b1048b58-ed48-4247-8acb-a7d41f9eca9e,PayPal,Pending
0a1055db-220d-4fba-a31a-9556bef1f16e,f4800330-7655-4e63-af58-d95ef4a4e8b4,Clothing,2,209.1519701,418.3039402,10/04/2023,64020ebc-e133-480f-8c82-651344aa5bd1,PayPal,Cancelled
e7fc1f3f-d41a-428f-9d4a-484bb32238ca,7afbb796-df8d-4ed9-a5ff-0681d249eaa6,Books,5,486.8620875,2434.310437,14/03/2023,533f27c7-e9b0-41be-bc64-f23c9844bc3c,PayPal,Cancelled
c8082a04-32a9-4aeb-bbf2-01f464ce6620,6cbcb5a8-38c0-4dc2-b83e-2a022f471718,Beauty & Health,5,157.9581242,789.7906208,02/08/2023,71948526-c14d-42b4-8887-e314b3d195ea,Debit Card,Cancelled
8a982bf7-a055-426b-95ab-2bad86046d72,69240607-f133-4925-8424-aee187945db2,Beauty & Health,5,51.99449697,259.9724848,17/07/2023,df6ac0e5-1c61-4895-9ebd-56a946563666,Gift Card,Pending
f2bc6adf-d769-41fa-a389-1decc0c8f93c,d5ed942b-23bc-43aa-a0d0-954e28039d52,Sports & Outdoors,1,380.1265976,380.1265976,24/10/2023,0fac11d4-9edf-4011-bbe0-b936deb42b7b,Gift Card,Cancelled
cf255ee3-e226-49b7-98d1-08516914cd8e,64d7ef5e-2053-4af3-bee0-814d5e0151d1,Sports & Outdoors,5,429.6898841,2148.44942,30/11/2023,ac402546-f2cc-40fe-ae2a-4db3265dc333,Credit Card,Pending
b5fe6436-fcff-4445-8f99-b4bb4b368f39,39c60992-f181-4260-abb2-238f148b78ad,Clothing,2,472.4234956,944.8469911,21/11/2023,74631619-217e-406a-b727-15bfb76e3a78,Credit Card,Pending
f476fd52-c8ff-4926-bfcb-04d725df8ffb,e138614b-6111-481f-b6c9-f020d197dadd,Clothing,5,272.8473422,1364.236711,15/05/2023,23f78072-c243-4dfa-bcbe-61864cf4b10b,Debit Card,Cancelled
fe8d85b3-50d8-4091-be45-802b030da93d,379328f8-6498-4e71-bb59-3990bd64c43e,Home & Kitchen,1,476.7017497,476.7017497,07/12/2023,b01d9b03-3e49-4358-b1b7-7d51b669c7b0,PayPal,Completed
8353b0f1-ae04-4733-b594-c0c6c14da3c3,78ebbe72-5afa-4547-95d0-7973e0f893db,Electronics,5,24.18860693,120.9430346,29/06/2023,b9335d6a-c24d-400c-9fbb-615f417d039d,Debit Card,Completed
8b71a720-006c-4890-8967-d2ec06ba2e7b,ae770a99-03fd-4017-a471-28ba27697f14,Electronics,4,210.4599165,841.8396661,04/03/2023,ca460d6c-659a-4c40-b0d6-33917757765e,PayPal,Pending
953acdb2-0607-4705-aa55-0705670fe929,414dc1ba-32ae-4916-a706-2fea8796b357,Electronics,3,248.6936101,746.0808302,28/10/2023,e85c56e4-6fba-4e63-993a-300f3a250e1d,PayPal,Refunded
fa11d7eb-ade0-4246-a6cd-ae9741a65818,214230a7-e830-4da4-b924-e56bdb7e7247,Electronics,2,385.3361689,770.6723377,11/04/2023,21007cf5-9352-4b5f-96d0-e7f71efb5a19,PayPal,Completed
53962583-c0fb-4029-b799-9f1f2e760cdc,aa0f7ac7-e3a4-47ff-8f41-7bfa3cde471e,Books,5,158.6316626,793.158313,02/01/2023,7a661a48-0d87-49a8-97db-33af4c8bede7,Debit Card,Cancelled
4adeef7a-6e0e-4f28-951e-1722b857f936,05dbe2de-5c8f-4296-b3ea-b82427ef3b0a,Home & Kitchen,4,319.6540641,1278.616256,09/05/2023,c4796075-5e00-4ebc-9838-4473ebd00ac8,Debit Card,Cancelled
f96654f4-0885-4d29-8e6e-a0931da83e87,d4021488-3855-4aee-a906-33fd6fed95d1,Books,4,461.1461596,1844.584638,15/04/2023,f77fca7e-462f-43d9-8de8-b245295cf4c2,Debit Card,Refunded
ba3b67fe-c5d4-4450-b6b5-7001a5023e1d,eeaaea88-82e7-492a-84fa-d0f191621f60,Electronics,1,88.32251426,88.32251426,26/12/2023,0a344771-b27e-4614-b83a-d083267f2f50,Credit Card,Cancelled
ba73668e-6479-40c8-a0cf-236baec06440,e6b429d0-f46b-4adc-8e3b-baf48dc87fb9,Clothing,1,385.9775387,385.9775387,13/03/2023,c618d3ab-6cb2-438d-86bb-be72424d48ef,Credit Card,Refunded
3e698cb6-0bef-4050-8e68-d8fb0d7c1875,ee2c431b-07ea-4009-9534-d4169cf4faa8,Sports & Outdoors,2,46.49279496,92.98558991,31/12/2023,d3a82b9c-8681-4aa9-ae53-9bd4720be1c8,PayPal,Cancelled
91c45b7d-7918-4ef7-991b-5a9f4a563b2f,53a42fef-b9f9-4b98-a625-5206b6639a17,Books,3,463.4678639,1390.403592,17/09/2023,85b19dc7-bb3d-495c-9177-041ad1fa3eb9,Debit Card,Cancelled
f1e3c619-aad7-433c-b074-575000c2971f,e4ccdf26-15bd-4286-ba53-b5380ad01e57,Electronics,1,137.0733324,137.0733324,05/04/2023,46452a94-0b03-42c2-9452-b636312e072f,Credit Card,Cancelled
10a2d7fd-dfda-48ec-b622-f06430607ab2,196fdcaf-0525-42d9-91ff-c6f088494c78,Books,2,399.949722,799.8994439,03/12/2023,8407b851-1cc9-41bc-a238-13769af412a7,Debit Card,Completed
d5daf634-ce80-4e2d-bdfe-a8a36b9dcd29,72f03b74-d316-440a-98f6-d5da45f06115,Home & Kitchen,3,250.8921969,752.6765908,14/03/2023,51b7d47e-2d15-47db-9518-d4540034fb51,Debit Card,Refunded
4e112543-e157-4e4a-a07b-001f24315b80,8e9670b1-2830-4460-9156-8f174f9a05a1,Beauty & Health,4,485.9228419,1943.691367,10/11/2023,3a83960b-dd14-40dd-a22e-3634de54eb80,Gift Card,Pending
98d475bd-c87a-4e1a-b123-f8d7b16a729e,e2f53da1-9304-4a4d-905a-25b1d553f580,Books,3,491.6656267,1474.99688,13/02/2023,7e102780-446c-4a66-a9b3-16c2e4e971e2,Credit Card,Cancelled
f2a6a9ec-1714-4a46-ae60-27cf2d1b66c2,8b6f1438-a0a3-44b3-a4d1-2ae4043f2261,Clothing,3,225.9517965,677.8553895,27/01/2023,49b1b806-ebb0-40d1-b350-dc19e8ca0bc1,PayPal,Completed
f57c4705-8873-42e1-bfe7-dfea303c9c26,94c84ee2-29e7-4f6c-8078-3e6736543432,Home & Kitchen,1,469.1858499,469.1858499,26/06/2023,09ac0f00-7564-49b6-a51a-512c5565d863,Gift Card,Cancelled
692ffa42-5dfd-43da-bcea-83168f5d5085,671cf8eb-7e7e-43fa-b8ba-d5e4006abe9e,Beauty & Health,4,101.1112245,404.444898,18/07/2023,ae51cd6c-b52c-40b5-b84d-f49bb0850e57,Credit Card,Cancelled
b2cedf50-0c28-4d1c-91d3-b667e6bff0c2,a12afb4b-088a-4426-9166-aeace586d4e5,Beauty & Health,2,480.6107054,961.2214108,11/08/2023,bbf31e55-bad9-43f3-8dbd-f33d43e4bb96,Gift Card,Refunded
c4fd589f-8a95-4aed-a225-6d1311186610,50105ced-77f4-4851-8069-96be4a9b476c,Sports & Outdoors,5,355.9348479,1779.67424,03/11/2023,bd86b6cf-b67e-409a-944e-747d89eb021b,Gift Card,Cancelled
56dc91db-c93c-42ed-9647-a619ac381fa4,acbc0048-08e4-4fb8-8e23-3107a18475aa,Clothing,3,334.2321906,1002.696572,29/03/2023,8507284d-fc75-49aa-90fe-8aa27dc26a6c,Gift Card,Completed
e7c00bff-8f33-4048-bee9-081aeeddf654,ed93c1a5-68be-46d8-b45e-a8c52ef97600,Clothing,4,316.1635298,1264.654119,04/07/2023,bd265009-1218-4e1f-a894-76ce9c4c8b6f,Credit Card,Cancelled
1601e737-0ee8-4784-9eb8-46e7de69789b,c1c17660-d375-4e9f-a3b0-6f496aefd5df,Books,3,403.5747792,1210.724338,01/11/2023,76a57b3d-ed59-473e-b251-9d7792d05e81,PayPal,Pending
b948610d-8363-4de5-b594-2c6982bfe418,ef1ccd3a-4f62-4406-bc1a-8ca8f3363a88,Clothing,1,471.1875634,471.1875634,30/08/2023,1042875d-7e25-495c-b7df-1c8f81caa6f5,Debit Card,Cancelled
22c2e8bd-887b-40c9-b90b-14e4d5735f80,0e463f29-1505-4e5e-b61f-1c406889ba30,Home & Kitchen,1,15.36020464,15.36020464,13/03/2023,e4025f6b-a853-4168-b075-59c665fbf3b6,PayPal,Cancelled
142384b3-83e3-45ec-a082-4da4b4006210,f927ea32-04d6-4933-b474-432b101e644f,Beauty & Health,1,337.8064413,337.8064413,19/11/2023,b6860fd0-21d0-471b-88b8-cc4ff5a59128,Credit Card,Completed
da454515-c8d5-4616-8cf4-8c010e3104d0,a9717b16-1bed-45c2-ae8c-ea54e02cf8ef,Sports & Outdoors,3,254.9195499,764.7586498,03/11/2023,70ac1e1f-7c57-4cce-a493-dce96d475938,Credit Card,Refunded
0090de9f-17d1-4c58-abdd-6ff891d36b41,56e89c07-873a-4660-b52d-469c1380a6b4,Clothing,1,189.9463399,189.9463399,02/10/2023,7b0a824f-3aac-455a-960e-0009ae826573,Gift Card,Pending
555a0e38-1ba1-4681-bcb4-816f2735dbf0,121965d1-784c-452c-ad07-9d1278ee1897,Clothing,4,124.1026221,496.4104884,12/10/2023,54d078f4-676e-484a-9ed9-1d33443f12bf,PayPal,Cancelled
24793957-0808-4b4a-abae-81e5193c79af,472ecd8c-3979-43ff-a3db-a27285f73e1f,Electronics,2,228.673946,457.347892,01/10/2023,7fa2e181-1f15-4cdc-aafd-6bfdf0276fa3,Gift Card,Cancelled
97007e67-4755-40f1-828b-f95ee5827f59,e51239e4-7701-4610-8f41-99f7f0ab5797,Beauty & Health,1,108.1342663,108.1342663,01/04/2023,56efb9fe-9853-4c47-af5a-27acd3ba3598,Credit Card,Pending
1646e2c8-4589-45ca-bc32-5a32e0e1738c,d86d19a2-a215-407f-be2b-71d3243f2cd2,Beauty & Health,2,229.0149024,458.0298047,14/02/2023,6403e5c3-84e2-490d-bda9-2fe966fe7b05,PayPal,Cancelled
77f1bb4b-8301-4749-ae52-0db959d608b4,0b45e762-eec0-4bf9-b9a6-e13ef054d1ba,Sports & Outdoors,5,257.3765543,1286.882771,19/07/2023,b95a5bc3-5f57-4e24-b820-3cb60c06e93e,PayPal,Pending
95f331b8-39dc-478d-bf01-534599fdda68,41f0c5d5-8854-4342-adb8-b3771edbb622,Books,3,478.0814684,1434.244405,21/10/2023,3202d7b2-a5fe-4b85-b331-4c20eeb983d3,Debit Card,Completed
72d5faf5-3ffe-4b36-9335-efa395576f7a,5b1a54e9-420f-48c4-b06d-93ff10cbe99e,Books,2,371.0066316,742.0132632,17/05/2023,a86eb4cd-4dab-49c6-8545-712464407316,Credit Card,Pending
71662b02-13d6-4982-b4cd-266d877ebbf9,2d80f33a-b86b-4334-87fb-e17df82ff739,Books,5,39.05386405,195.2693203,19/02/2023,c626e51a-fb09-4839-9a1b-4ce17c872e2e,Debit Card,Refunded
790bef3c-93b9-4027-9f24-92a41ea9aec1,c76f8c21-c013-440f-9f85-e93ea22b78e7,Home & Kitchen,4,468.4953386,1873.981354,19/07/2023,0892559e-b029-4cb5-90ca-d47f4178e1dc,Debit Card,Pending
2ac98a81-2556-45aa-9075-5eb5d79f0b62,a4f0d2d3-c6c1-479e-a48f-7c50f79f4574,Home & Kitchen,1,162.4182342,162.4182342,29/06/2023,9823b32f-9af3-4fa6-80ca-9a133c7fa8df,Debit Card,Refunded
df942135-516b-431a-892e-707c1f1999ee,f5108b30-883e-4c87-9cb8-800b0a5af59b,Clothing,2,16.39619236,32.79238471,08/08/2023,aa6973b4-b491-42dc-9eb3-5f683771cb49,Gift Card,Completed
e2953fb8-ccb5-4808-af79-4386da0803d5,568f385c-e46c-4a87-90ec-6fc55a2655b3,Sports & Outdoors,4,88.85519403,355.4207761,01/08/2023,7faccb14-523f-4225-a79d-0bbab6c922f9,Debit Card,Completed
89bfac00-a69c-410c-bdf3-42f800ff305a,38581cc4-8292-4a32-b630-a0f9e90adbb5,Electronics,5,424.5383286,2122.691643,22/11/2023,2b513cfd-ac9e-4adf-875b-f873ebf36861,Debit Card,Refunded
66553626-77ce-4d4b-b492-deecef10e520,66b17965-c010-4a2e-b47d-b2412e61e062,Electronics,1,150.5445705,150.5445705,04/03/2023,7a16d492-7a8c-4ab2-8c45-dbfa1b42e149,PayPal,Completed
e9711397-fb92-4a9d-8cee-bc931f872c25,d3fe5e8c-e6cd-410f-892d-e9ee94b6f7c7,Home & Kitchen,1,66.88558326,66.88558326,02/01/2023,0e2263d5-6f69-4b00-aacb-f1cfd3c5ef19,PayPal,Cancelled
c092722c-5204-47ec-97fe-9cace5bfb54c,06755a4a-0b99-42ca-a91a-440d13883213,Sports & Outdoors,4,380.572782,1522.291128,27/08/2023,523ed59f-e11d-47a8-bbcd-64e6d2fbabfe,Gift Card,Completed
c817cc69-4ff3-4a8d-b408-163fe7f133fc,94221046-6fad-4c5a-aad2-a7cb586dae22,Electronics,1,390.9015107,390.9015107,17/11/2023,bfd2c758-e43e-471f-a6b8-8b3b47c9b700,Credit Card,Pending
33a9c7e5-7217-4fe9-95a8-19f6055dd581,1517dd5c-6837-41a9-be73-0318b984f862,Clothing,3,218.583588,655.7507639,05/10/2023,57cc7fc1-32f4-48d6-885c-ff4a749c39e9,Gift Card,Pending
6b6d27a6-60d2-41b7-86c2-a7453d50995c,5da76251-b3a5-44b5-b2d7-a7f95f2b6e20,Beauty & Health,3,95.81787729,287.4536319,12/10/2023,fde7d661-c61e-4c9c-840a-80a060af17c6,PayPal,Refunded
b7756950-b305-4cf3-9e67-2aef9550c02d,bd8535ca-6092-4a86-9813-20c1dd70e335,Electronics,3,212.472679,637.418037,14/03/2023,42305c96-5dbf-4804-a79c-7a5928d7daa5,PayPal,Refunded
d9de035b-6f9b-4a02-8d99-23131bc0fe59,f6eff849-8eb2-4193-b02c-8be3d9d0c081,Sports & Outdoors,4,30.52720681,122.1088272,11/12/2023,75fcb900-0a96-4c45-bdb2-10666f3e367f,Credit Card,Completed
d5ee859a-a1d2-4234-b633-302d5a6ac6fd,d232bc28-6085-4543-a652-53e0b3fce1d8,Clothing,4,186.1309829,744.5239317,07/11/2023,9230c647-c2df-4975-9f88-53840e28e5ad,Gift Card,Completed
2679f579-5db9-4c76-8b23-88babcd9141c,b5b8b241-a829-423d-86bb-aa764f596ae5,Books,4,92.36053049,369.442122,19/12/2023,1a64b590-512c-420a-ad03-68d971e7c164,Gift Card,Completed
2523e855-e2e9-4f5f-887d-1f4fca55e7e0,41c0032e-1a0f-465d-9e8e-3f1f0e9a167b,Books,3,151.6630878,454.9892633,30/01/2023,51907f90-9d12-42c2-9293-1593b149b1f4,Debit Card,Cancelled
dc060c72-7d5e-446d-b888-6b5d16b85978,ace86642-51d5-4517-81b2-494ffff966b4,Beauty & Health,1,158.101457,158.101457,11/03/2023,1a875932-7486-44ad-afc2-2219937eefa8,Debit Card,Cancelled
fa4363ac-7ec7-408f-87e3-323adabeea40,d4f02f39-fb3b-491c-b5c5-3aa89ba97792,Sports & Outdoors,5,184.5233477,922.6167383,14/12/2023,7f239d96-4a3e-46e0-85f7-18577fdfa1ab,Credit Card,Cancelled
0534ce33-7a05-44ad-b141-0838201d6c82,4409c71e-3ec6-4650-9fec-7c487d8c2fb8,Sports & Outdoors,3,266.3783769,799.1351307,19/06/2023,b002f68b-d89b-45af-986a-afe4bf1b2c40,PayPal,Pending
8751a8a4-f101-4c0d-a539-a04c1de47728,5831dce5-0bf9-4626-b301-f789be776dd7,Sports & Outdoors,1,115.6488433,115.6488433,03/02/2023,ea5c8743-449a-45fd-9bf7-1e2feabb4d8f,Gift Card,Refunded
5f533f36-7a35-4118-82b9-96c42bfc856c,ec055c96-1f9d-45dc-8133-21f836af0737,Beauty & Health,3,470.820905,1412.462715,24/02/2023,5971188b-9157-4107-a74b-1c1f074c4ac5,PayPal,Refunded
28ce32ab-f894-44e3-88bc-ffa2282684f3,3dc8b3ed-dc36-44f4-b8f7-53419984f89a,Home & Kitchen,5,38.78882478,193.9441239,15/09/2023,df8ba912-d0d9-4bc1-966a-8fcb8f324657,Gift Card,Refunded
a81138a2-3e89-454e-8176-b0aa3300ab4e,19885ec7-1322-4926-97e9-066f7bd7a165,Home & Kitchen,2,47.22820382,94.45640763,10/09/2023,90269add-6804-4449-92fa-ef91238ca9f1,Gift Card,Refunded
3394d3b7-d358-4a30-9d50-e3ddba12baac,87c2c253-bf88-4d07-846e-e1eec954d254,Sports & Outdoors,5,425.6079247,2128.039623,25/02/2023,9ae4bd48-abe3-41ce-b5fa-2ddfb6994eed,Credit Card,Pending
5404d571-f6df-4fdb-886e-4e7fc81b1977,682286fd-df81-4f61-87ae-c2b1fc1c497d,Sports & Outdoors,1,460.3672755,460.3672755,17/10/2023,edcdbda3-441a-4c63-9ff6-0e287f5bfa54,Gift Card,Completed
1ed19a10-8e80-44ed-9732-f5adb842fedd,b0dbe37d-2af8-4987-8258-d359a5dbe39d,Home & Kitchen,3,49.08355457,147.2506637,20/09/2023,102faa7f-2a2f-490a-958b-cab151a956f4,PayPal,Completed
5f8a37a2-835e-42e6-a8cd-15dabc5817ea,5c7001a7-7d3e-42d2-a55f-22cf483f35db,Beauty & Health,5,330.0040015,1650.020008,06/11/2023,22a9117f-b590-45ff-ba4c-29fdd19bb22b,Gift Card,Completed
d8132188-ecdb-49f0-98f0-7c404f9a0f2d,ec68562c-7a85-4edc-b4a4-3a19c26bb82b,Sports & Outdoors,3,453.9654714,1361.896414,30/12/2023,624d836b-ebe0-4fb5-a90b-c695e992c10d,PayPal,Pending
9a7cf0e8-4d23-4c2f-97e3-945b85ca0300,7f26c6e0-095f-49aa-8f45-81d2714ec5ad,Books,5,46.2977268,231.488634,28/05/2023,52fedfb8-1264-4f2b-a519-96e256acdcff,Gift Card,Cancelled
caa8a4ea-9a04-415f-9a94-19e9bff2c800,31359da3-eb79-436c-9d01-5c6328968c48,Home & Kitchen,4,46.26448784,185.0579514,10/02/2023,eed915e4-0efb-4b7a-ac1f-b499906d7a6f,Gift Card,Cancelled
a9542b56-cd37-4e04-8293-7f944b23f031,f81aabb3-8465-4975-ac3b-8fea4a48980d,Clothing,4,157.3864783,629.545913,09/12/2023,a2ee07d0-8cac-477a-a219-fa5aabb6fe84,Credit Card,Refunded
fb0e0001-31a3-47ef-a4e4-0295d169ca8d,4528ad8a-8a27-4183-be92-1a5f2278729e,Beauty & Health,4,117.6711994,470.6847975,23/12/2023,fedb5acc-edd1-47f7-a361-9e66639c8382,Debit Card,Pending
c4bda91b-e806-434d-9af9-04892c2cea63,c1ec7c41-17ef-49fe-9fdb-fd5ea2e7bcf8,Beauty & Health,3,145.6733562,437.0200685,16/01/2023,e2b43be7-3fbc-4351-968b-8a9e4340bd4a,Debit Card,Refunded
7860cc20-76d1-445e-90c9-e1710df5f619,ace87a9c-ba0f-483a-ad0a-394eb62c8b36,Books,5,235.1414897,1175.707448,24/10/2023,40a158ab-1840-4a65-bee5-4a87f8b85dba,Gift Card,Cancelled
d0da3629-f103-4925-8d15-eb621468c583,5d5f73cf-5b6a-490d-90eb-86e670b274aa,Home & Kitchen,4,442.7907874,1771.163149,11/03/2023,8a615ae5-bb5e-407e-93e2-abd58339fd50,Credit Card,Pending
cdc36516-7cc5-4ddb-93b1-9ebbdf6159a3,431373c3-7445-4914-8436-dbb96d9fa816,Electronics,2,345.888885,691.7777701,17/04/2023,a9451122-759f-47a3-a1bd-1b68d3abb17d,Debit Card,Pending
9a86dcb5-b793-4ea7-b3be-7649e8589810,56340116-62fd-4ec9-9b63-678aa53d8611,Beauty & Health,5,428.8433524,2144.216762,11/11/2023,2f29d17e-e6bc-4b3e-93c6-bb4cae0f68a7,PayPal,Refunded
68082ccf-2d8d-4cda-af8a-f445a405eeb9,e21a703e-4bc5-4c84-a0c1-7723ce17465f,Electronics,1,116.1067045,116.1067045,07/05/2023,ab4d480b-2694-49c7-bf06-480d3bcd54f1,Debit Card,Pending
a3bbd416-800c-45e8-97af-4f70a7fa3551,1643b7a2-4452-49bc-b009-b57b66e8b061,Clothing,1,346.1780434,346.1780434,26/09/2023,297e6a57-a4b4-47fa-a234-3262dc085aa8,PayPal,Refunded
fc3ad2b9-d12f-4b8f-b3a4-f5eb1e7af872,7ff7c321-5f96-464c-9fd9-13a29478f9b4,Sports & Outdoors,5,99.57220659,497.8610329,18/04/2023,eaafe176-28e1-4409-ad58-a82efeb72b95,PayPal,Refunded
e1a4321b-f40e-44dd-80f3-331825c2482e,d5da40c0-4fca-4878-a3fb-c3481a19a2d9,Sports & Outdoors,3,180.2171267,540.6513802,21/09/2023,2089196d-44d5-4179-a867-fd50aebba29b,Gift Card,Cancelled
e548a6e6-13cc-4a48-b762-15f7ed01353c,dd6c7029-8568-4a4b-99b2-7e01af8c3aed,Home & Kitchen,4,344.1165322,1376.466129,14/07/2023,160f4705-306e-4afe-b408-8874e584953e,PayPal,Refunded
8ad44e8f-659f-4ef7-a84a-de258805f416,0ab2f893-46bd-4f60-846a-1e23527dc151,Books,3,73.89458617,221.6837585,07/04/2023,dbe2021a-61bf-4f84-83bb-83bc082aa90d,PayPal,Cancelled
b7f11fac-6c8d-4d87-a9b3-009f1dc1b053,5d7b143c-2551-4c3f-9f52-804b03d0e6cc,Home & Kitchen,4,119.3101623,477.2406491,28/03/2023,4762d002-7e5c-4308-9ff5-ce69b696ab7c,Debit Card,Refunded
1915e6f8-0abf-4b3c-acc7-3941bb956c6c,7e9d65a8-370d-42aa-8d0e-656c05b0c003,Electronics,3,138.8210084,416.4630252,28/12/2023,16ec7ab7-75fa-40a3-888b-88625bc44520,Gift Card,Completed
7606ed64-18a6-4e0d-91ef-8fa7426ed63c,b7f7bfac-630c-419b-9690-8ea9cdbe09fc,Home & Kitchen,5,282.4198284,1412.099142,13/06/2023,d240f24e-c9d2-4cd5-8334-719a94f51f3b,Debit Card,Cancelled
6e1ebee1-4c7f-45c9-8eef-cda63932c5ce,2a82acf2-f6c6-4d9e-b433-f4993ee83110,Clothing,5,461.4628878,2307.314439,21/10/2023,fa020161-e11e-4194-9cb8-9ec34668fff0,Gift Card,Cancelled
97f43bad-33f3-4d67-8440-416adc2fd9b7,3f37db44-b836-4cb8-933b-0fce20de2958,Electronics,3,477.7517543,1433.255263,27/08/2023,9db3dfb0-99ba-4681-ad0d-94e243a517cc,Debit Card,Refunded
2fe7b283-c38a-4d70-a8a4-4673d62c3091,8f892549-f354-466b-8f21-721eff3d6687,Clothing,2,241.4822265,482.9644529,24/07/2023,f325d0b2-f256-4804-99ee-1607d5ed5b73,Gift Card,Cancelled
efb80cbb-291c-4026-9c28-97770abf1fd4,98d51322-976d-47b3-b53a-3849f0d9e09e,Beauty & Health,5,408.7784218,2043.892109,11/07/2023,6296bfec-728e-4798-92a7-b505a4379fee,Credit Card,Refunded
2c093b9d-7dcb-47d9-986b-02f064925bf6,d8e799df-47fb-40a0-a7fb-3717d8205848,Home & Kitchen,4,24.73629774,98.94519098,04/04/2023,bd788aa5-daa4-4c71-99bf-3ebaeec63875,Gift Card,Cancelled
d691dcb5-8cd2-446d-a9a5-3517f1d0ee6c,a94dabc7-3dcd-4ead-bf39-acdc5669f2fa,Books,3,195.8858314,587.6574942,09/02/2023,e2d361a5-4073-4ddf-9574-465ee04d33dc,Debit Card,Refunded
862fc309-7510-4a43-bc35-44c3a7f51201,e44442c4-d01e-4295-b951-ef615f00022a,Home & Kitchen,2,237.7811888,475.5623777,19/09/2023,999badb4-d993-4cf3-9b31-d7267b290292,Credit Card,Refunded
bb1c2b81-53ca-4a34-a467-5fc3c09a801c,be9e51d9-ff74-4f72-83ec-e8f209f7b391,Home & Kitchen,1,156.994424,156.994424,04/06/2023,6c506732-d81e-4860-92d9-b212beaa109e,PayPal,Cancelled
011ba9f1-01a2-4c2f-8e57-6f969e746458,e4918ff0-3bbe-4bd2-a3e8-8bbb7ac4139e,Home & Kitchen,3,281.0522685,843.1568054,12/04/2023,dd9e2f43-9a22-48ec-8bf9-83c6034fb6b6,Credit Card,Completed
bcfaed7d-b74e-4440-b3f2-736d6014e28f,71ae7d63-b40b-47ef-a2ce-520b56edf9df,Home & Kitchen,2,407.1887578,814.3775156,25/07/2023,f7eb5b30-d8a2-4b23-b3fc-b8f25082e2ba,Gift Card,Pending
dc4f6ff2-e52c-4171-810e-5e26584ff33f,651e3a02-f04a-4943-856b-dfe4f8ee72d2,Home & Kitchen,1,335.3779405,335.3779405,04/03/2023,59795c83-e7f5-4871-a4c0-a0e72d30d112,Debit Card,Completed
7b01eb2f-fcff-48de-a14f-51e494f1830a,d4a2ba47-e02b-4a1c-928f-4cd79d502402,Beauty & Health,4,21.97236582,87.88946328,04/03/2023,a102334e-829a-4065-a651-54429744d38b,Gift Card,Cancelled
ac74730b-e8e8-43a8-8bdd-060602d6332a,d4c061b5-ea59-4afa-9b50-536a2fcb6e7d,Sports & Outdoors,1,494.2692737,494.2692737,06/01/2023,53efbb74-80a4-4bd3-9c29-a5d60005fece,Gift Card,Pending
43f9b399-5475-4e6b-99b2-b20dc36dfedf,3a6c180e-ee97-4638-872f-93574bbcd6bc,Home & Kitchen,4,144.0087128,576.0348511,09/08/2023,4bf39980-7822-4bcf-bd87-3c534f19818c,Credit Card,Refunded
60132c1f-aa6f-4650-a12c-b34109715aad,c03c73a9-34b4-4178-9382-886982bba6f5,Home & Kitchen,4,306.6352653,1226.541061,06/01/2023,d5e63c85-2df2-41e5-ba68-a63ef359ddaa,Debit Card,Pending
27404296-e163-4025-b215-f3a374a1e251,9e8a7a0b-d597-4716-8635-6b90ca7747af,Clothing,4,37.11952048,148.4780819,30/04/2023,6ede32d9-7e5a-42ed-a09d-ad39782d7bfe,Gift Card,Pending
0aaf20e6-c9cf-4694-a136-7ae8bac0b730,c1fdbd59-093c-47b1-9f2b-8ec6ff9a3cdf,Beauty & Health,5,376.7393113,1883.696557,16/09/2023,14114971-922f-45dd-a095-66f771bf20e3,PayPal,Completed
a628ba91-6801-4cf2-9879-6b14bd33fe07,9e2bb813-cbaa-4839-a303-7b31bfaec3e6,Books,5,334.7427622,1673.713811,29/09/2023,d79c8754-db35-4e05-a8e7-e0916fb738bb,Credit Card,Cancelled
09dc8b97-1af7-4087-a765-f54623a9fb05,59dc56a9-774c-41fb-890f-8a8dea097732,Electronics,5,316.549581,1582.747905,02/09/2023,9ae6bcc8-fec3-4691-821b-1157c9b0c977,PayPal,Completed
3de2ebc8-39fe-4e60-8514-82b334cbc8f6,678a7812-d408-4e02-8249-8bc5648de08c,Sports & Outdoors,3,304.5263539,913.5790617,09/08/2023,b80115a9-364a-43d6-8804-aafa0d2d8915,Credit Card,Pending
14ab2155-179b-4c05-9b86-83bfbaa86220,646640bb-4790-433a-b14d-df3dc6f0b350,Clothing,1,465.0061704,465.0061704,05/10/2023,5c2385e8-2eb1-4ab4-9cb3-11ea32305ea1,Debit Card,Completed
c3d53613-b84c-47ee-b058-8e7f789ca0d5,10851833-a8bb-45e3-8601-d398bfd9677e,Electronics,1,144.9181483,144.9181483,20/04/2023,ca843431-7aca-4a33-b299-5e3d40ed3055,Credit Card,Completed
67773950-2765-4ff5-a85d-996b89b62826,bdf854af-24bf-4684-ac60-0c08862948dc,Beauty & Health,2,264.148801,528.297602,10/06/2023,f889de0e-75bc-4466-bb5e-e82a67e4e4e1,Gift Card,Pending
2ce891c6-77bf-4eee-bb4f-8c67536af151,c286f94b-df1b-412b-b40d-5e7d01a23c64,Sports & Outdoors,4,262.9763004,1051.905202,25/04/2023,eeef5aa1-4d04-4215-83dd-6c910c86d7e1,Gift Card,Pending
3ac3e57d-57eb-439d-826c-e69d7e9267a7,b7ae132e-987c-4985-9634-c0e326b9f3a5,Sports & Outdoors,1,452.76662,452.76662,07/07/2023,e80b0d96-829f-417a-87a6-fdaea3098ff7,Gift Card,Refunded
b2745d9b-7ca9-4510-b436-4625b35c2651,4e6b095b-78d9-4d9e-9cd6-b7cbf8f34aed,Books,1,266.8528793,266.8528793,24/07/2023,f5228e7b-b435-487c-a412-bd3e68a38662,PayPal,Cancelled
871f3065-6dd8-4788-aa48-a397665b8cf9,9953796b-a7e9-418f-9469-3d21c15fe0cd,Home & Kitchen,2,78.99463811,157.9892762,07/02/2023,97b11dd4-0b8f-4c6e-85f6-3c7a12428cdb,PayPal,Cancelled
47c7ba2a-2055-4ca7-ad93-a3c07b8db02f,ab22eaa0-b432-4057-af09-5b439c0447fe,Home & Kitchen,2,264.2853235,528.570647,16/12/2023,7e5a0212-2bc5-41ad-9329-38956fe51ee0,Gift Card,Refunded
7d0f9da6-c61c-465e-b839-5beb8613dee7,ec20d99b-40c6-4162-8369-454019887519,Electronics,4,287.1864998,1148.745999,22/08/2023,c0e69701-2b6f-467b-8925-752fe8fd772c,PayPal,Pending
d56c29f2-0364-4658-b76c-1e5b0221f1a0,3fabc198-a6b0-46b1-a997-2f064c565dd8,Clothing,4,411.9374715,1647.749886,19/09/2023,57625a16-fa0d-45e6-89e3-53ef260a750c,Gift Card,Cancelled
3702292b-083f-4bd8-bf9e-7d7947eb5f7f,56297191-c5ab-4876-ba46-55cecfa476b0,Clothing,5,150.4770713,752.3853566,26/06/2023,fff9a00e-5ef0-4bda-9d14-78748f0d2fbf,Gift Card,Completed
e5fca145-fc90-45a9-aa3e-9cb20073a9d4,1723aa81-1cd0-419d-9009-19b277b28d3c,Books,2,436.2637095,872.527419,12/05/2023,a7e913c9-27c8-490e-ba03-c4fa63ade457,PayPal,Completed
6089efd2-6eb4-48ea-905e-3a39a2f65b68,16fab0db-2da7-4f28-9f38-2c944ea9a5b3,Beauty & Health,1,386.0418208,386.0418208,16/11/2023,48c9812f-df17-405a-922b-a489e67fa5d3,Debit Card,Refunded
a4086741-013c-4bdb-86c3-5d98054ba266,733af846-d957-4ee8-b17c-503d08dcf126,Clothing,2,290.8929367,581.7858735,21/06/2023,1e1f200e-b349-419b-a93b-d331f7ad9bad,Gift Card,Completed
7180ad64-e71b-447b-a029-1e0405bb8310,91d3a562-d0b3-4d51-b0bf-9ee29ce7bce5,Beauty & Health,2,140.1427153,280.2854306,27/09/2023,d0b4a353-5bd5-4e91-b399-858d010a038e,Debit Card,Completed
9fff8bf9-63d3-4199-8a07-cd40f1e0e532,719692d3-9ba1-4ff0-a761-d936c6e945e7,Sports & Outdoors,1,20.60282979,20.60282979,20/11/2023,99361a3a-3233-4350-ba4e-57ee6345f44c,PayPal,Pending
9acd8a31-83d2-43ae-a300-78d6dc314cd7,585bb27d-56a3-4dab-9293-b3411f104a0e,Electronics,5,322.3712632,1611.856316,21/10/2023,18421f54-cda6-4be6-aac0-1159a671c213,Credit Card,Pending
76276d39-e0a9-4e2b-9f62-38a806bb5cae,964dea7a-ee5a-4528-94b7-9000a9a2e49b,Electronics,4,150.1196794,600.4787174,10/04/2023,52edf9cb-fcc0-4e35-8769-767ad0f6d333,PayPal,Refunded
ee4e385c-650c-49a0-98c9-dec2b8353920,fc4c5249-c02a-4b67-b5f3-bc7725b1a226,Books,2,371.4279565,742.8559129,26/02/2023,23f4328c-211b-42ca-bcc3-12abbd79c072,Debit Card,Cancelled
03ebdc08-9138-4064-a226-a0567d8a385d,5cdec499-c473-49ed-841b-0cc44849d17a,Electronics,3,82.4081334,247.2244002,04/03/2023,d92339ff-8396-43cd-9f01-20eb9d0b3bd2,Gift Card,Cancelled
8e6b7ed1-be65-4db0-92cb-ebf40eb16416,e73e92ee-628e-42fd-b8d1-83d28be1248e,Clothing,5,385.2715898,1926.357949,14/10/2023,58d742ca-7324-4e6e-aec7-9024774494d5,PayPal,Completed
abcd3314-73d0-4b83-9d7f-e086a8f271ab,7ef465ae-9e27-4952-87a4-ad0002f45ff7,Beauty & Health,2,215.5827179,431.1654359,25/11/2023,07b061ad-20ea-4c26-8fd8-069d1e4ed464,PayPal,Pending
88cc4959-038b-475d-a801-b529a473bf7b,ea1806d4-bdf0-481b-95af-0074e5f75b63,Sports & Outdoors,5,205.1309891,1025.654946,29/09/2023,720b3e14-bc7c-4e5f-a956-16092db97596,Gift Card,Cancelled
1bc1e7df-5be6-4712-a939-9bb5c0ed2567,7ab51419-8005-4698-8726-51603785de8f,Electronics,3,298.8740922,896.6222767,03/06/2023,a6422481-2d81-4998-8285-d9cd241b4aee,Credit Card,Completed
6bc96e0e-232f-4bb1-9ad7-3ebaae800c4c,aacde8ac-a531-435d-acf5-f988cae41abb,Books,2,393.7854175,787.570835,12/07/2023,a5726f8c-d19a-4218-98a7-ccba56fc507b,Credit Card,Pending
e3b67beb-ec42-44e0-b7d4-f7e93b775e90,ef9535b2-01b8-4176-ba8a-fe439d176d1d,Clothing,3,320.8419527,962.5258581,24/03/2023,fc2e31a1-b3ee-4924-be76-8701dee9c248,Debit Card,Cancelled
eaea68e3-c5c4-465a-bfb5-0a302bfc9780,9f0f8b00-792a-4979-9da2-723f91ac01f8,Electronics,4,358.0885258,1432.354103,27/03/2023,060bb196-79d8-4fdc-bf29-80f9cfbabc55,Gift Card,Pending
2a0730fd-942b-407c-8abc-c6ebc5ccb408,994008ac-d355-4c36-9fe3-3a2a9b3b5622,Clothing,5,14.38338106,71.91690528,14/08/2023,a9d1c0de-b29f-4e15-9476-f6c6b144640c,PayPal,Completed
d921e3e2-d950-4060-be88-aba227ac7db0,49e45ab4-e41d-47aa-b422-c1fb21a3ab9e,Electronics,4,478.2567411,1913.026965,14/05/2023,f573c088-fa63-43a7-b01a-f4564ad2de0a,Gift Card,Cancelled
3de7e075-4669-4d10-8bcf-ec3fee3e2de1,0aca59e2-7ac3-46d3-aa73-b1f54abdb2b6,Home & Kitchen,5,169.5548241,847.7741204,27/03/2023,dd893fae-a384-437c-a2b9-cf47de7e1c2d,Gift Card,Refunded
709440cb-2163-4d7c-a78e-462eff4ed19f,4de44724-3126-4fc7-bc7c-9e4256d0cf9a,Home & Kitchen,2,482.9833871,965.9667741,05/11/2023,6c8fd72c-418c-44d6-bb92-d5b6c37bdacd,PayPal,Refunded
0c0f79da-de13-4146-9edb-0caaada968e3,72461c5e-14b5-4d20-9ba0-674cf843118c,Home & Kitchen,2,473.519631,947.0392621,26/11/2023,f8109871-fea4-4a5b-ae4c-9b1c1c6b0f3b,Debit Card,Refunded
e34d295e-b6ee-48cb-a6de-d4c87a8c758c,d4ebfcc9-a09f-4b06-b2cd-45d9706d1cba,Electronics,5,456.1483546,2280.741773,18/02/2023,a4237128-2823-4f78-8997-8a4cebf3037c,Gift Card,Pending
fc59cdbd-227c-42b3-b5a9-7993f7c2da0a,7d562302-48d0-4926-9d05-72262837b809,Beauty & Health,4,32.18684498,128.7473799,07/05/2023,bab2b1eb-9aea-48aa-90d1-8de70782c252,PayPal,Cancelled
bef2720c-bfe2-43c3-b1c0-7f54d19c3442,82a97b33-2332-4def-87db-6d78be0bf74e,Books,1,383.8209247,383.8209247,09/08/2023,70b0958a-f1c2-4afa-b203-501d32a3ada2,PayPal,Refunded
0fe95d2d-f19b-4b47-956e-a3711abec68e,a5aa0154-2964-4179-a392-ec9a78480ffd,Books,3,320.7857078,962.3571233,10/11/2023,40818d80-7726-4220-850f-2891e5957613,Gift Card,Pending
ea3f0615-ff46-42ee-9ea6-2d3dbca792ac,0a2c9567-a67a-4d4d-92ed-2a63a3e022e1,Books,5,416.1243792,2080.621896,10/09/2023,7b76b1b5-158a-4366-9e9c-f7ceab8e1120,PayPal,Pending
942af0b9-7a20-4d8f-86c1-eebf73cbfb74,663c2284-4df7-4bed-a889-cc20e80b0600,Books,2,494.953268,989.9065359,31/12/2023,b7d83f7e-8984-4591-b0d8-909bb5395994,Debit Card,Cancelled
a0264c5d-f1ab-4410-af6e-10fbb75f596f,500647f4-9ec3-4cb4-8b17-e8b4349ebd3f,Home & Kitchen,5,360.9948673,1804.974337,12/04/2023,e7180ae1-2830-44d2-9417-cbefef4e71c4,Credit Card,Completed
af8b8c62-3cac-4143-bed4-be369c1467ae,bb092015-5731-491b-b5d2-4bf4aa921e4f,Clothing,1,40.49143479,40.49143479,22/06/2023,206ef667-67ac-4a87-93f8-58aa43ba4129,PayPal,Pending
725af9c2-6e10-4e31-b0fa-04aa2401ad51,4c582293-a63e-48bf-97fa-c1b2a868a713,Books,4,452.4781147,1809.912459,22/11/2023,9b3bed6c-d16b-4440-8ad7-55d2299f5ed9,Credit Card,Pending
4eb29e80-5c51-4d9f-a8fa-0d884846f6b0,f2a3c8d4-2c5f-47c1-85c1-9f6863f9f9f4,Sports & Outdoors,4,389.3661877,1557.464751,09/07/2023,bee4543a-9e1e-46f4-bcdf-a83206915ebe,Credit Card,Completed
5248f9c8-ef5c-4ec8-8091-7c1b5135bbc4,506bfa14-9534-4a52-9aac-5edaa7cb5ecd,Beauty & Health,5,73.75740294,368.7870147,04/09/2023,06022dbe-52c9-498d-a872-3122b3aae4ad,Gift Card,Completed
c4969845-b718-4a0d-8267-9d1ad087d535,a7bdd6cf-6a67-46f1-93e9-a2602fba8d28,Clothing,5,77.31283715,386.5641857,24/12/2023,2c66d212-6daf-44f5-823f-66506a77d62c,Gift Card,Pending
0f9c6ff1-31d3-46f9-8fdf-49074b81938d,672fd7d7-6d5b-4b4a-9702-28a76e47842f,Beauty & Health,1,307.2651389,307.2651389,27/08/2023,88795963-ba1a-462b-8eca-0f1071e8bdc1,PayPal,Cancelled
5789b3d1-fb67-44f3-9fb9-a8feaf4b9136,255e5f49-ff8b-4862-8779-e02a5037505d,Books,5,311.9433862,1559.716931,25/04/2023,da4a03d1-db5d-4e7d-b328-5643862e6ba1,Credit Card,Pending
ad057909-e94d-4bab-82d6-b36601d72c7d,554a25f8-a2a8-4b4c-8318-5b4f9637a312,Clothing,2,300.5584091,601.1168182,21/03/2023,ebd2cd53-140a-431f-b2f8-9f0090c677f1,Debit Card,Completed
55d395d2-a3d2-497d-97d1-2ff7ad66dc03,11f9277a-5a8c-4db3-b79d-c3faac3757b0,Books,2,17.06280913,34.12561826,04/06/2023,aad3c553-33df-4c14-8107-e24a88397d51,Credit Card,Refunded
ac733390-40b6-4a0e-91f8-360efce5d9e7,3f1a9b32-5e57-43d6-a08f-827617d2f652,Electronics,5,449.434162,2247.17081,22/05/2023,e4a09a48-8a86-4117-9d46-61e77c9d6b27,Gift Card,Refunded
52ac99c3-3e63-4b72-b5a0-4afcabe09b30,13652ae1-4ee0-4920-bb8a-d98c0b416635,Home & Kitchen,3,16.4079735,49.22392051,22/06/2023,9f2cc475-9a0d-4f15-b504-8d90ecfcc070,PayPal,Pending
ee69dede-9a64-45f9-a323-dcde103ec49c,04d51059-82c5-4591-be19-499f66f485fe,Home & Kitchen,3,381.9071711,1145.721513,08/07/2023,da68ce57-5542-4714-84e0-bd53f3ed48dc,Credit Card,Cancelled
53e77406-a538-469b-b4c4-558ec9962e28,da950ac3-3f15-4f87-873e-4227de0113c8,Home & Kitchen,2,431.6875555,863.3751109,21/11/2023,a8f4cb02-7a9e-465a-be9d-84f5044c2cce,Credit Card,Completed
445edb65-8f46-4bcc-b4f4-f6693c8f64f5,b1043aec-4510-4c0b-90ca-d686d14d044a,Clothing,2,450.7535111,901.5070221,05/02/2023,398c6dbf-f6a4-46d7-be86-f53d54eefb42,Credit Card,Refunded
cd52ba95-5461-425b-96db-0833dadc04e7,7c03e2f4-f43a-4957-b37b-5a12bfe7b67b,Clothing,5,206.407153,1032.035765,13/03/2023,97b7d029-fc59-44b1-b8b8-4fede43bd81e,PayPal,Pending
f09c19aa-0a6c-4803-98af-5655e9faf5a3,bf595a2c-c868-438c-a05e-596b393178f3,Books,1,156.8919044,156.8919044,15/09/2023,94557fdc-e1fc-4cc9-a8c2-d91d16a2bf0d,Debit Card,Cancelled
d325f49f-8ecb-4a1f-8fa6-b25fe29cf669,5cd2a3de-04ad-4ab2-824e-267674bef7c8,Clothing,1,51.16766856,51.16766856,23/05/2023,1748fe95-de42-49bc-861d-6a29b9297990,Gift Card,Cancelled
233de908-3dd8-4e63-890c-2bb7541145c1,f417224c-97df-4597-8238-5e1abbeadbcf,Electronics,5,456.9561229,2284.780615,30/06/2023,161d80b5-83ff-49f4-a856-984b2de0d836,Gift Card,Cancelled
a2c4e3c8-6cd2-432a-ad36-a7e37c70bce1,2b624b23-3a99-4073-9187-5eb10ba98d64,Clothing,2,437.5158951,875.0317902,02/06/2023,d4c0c6ec-8de2-404f-bbb1-a38363fa8889,PayPal,Refunded
58f9ee18-2563-4bc0-a4b0-f1f2ae5c7a9f,a8f6da56-aff0-423d-a565-49bd772716dd,Beauty & Health,1,454.5126951,454.5126951,19/12/2023,8ed46182-5b2f-4de2-9767-65faf74ff38d,PayPal,Pending
2217a833-767f-49e6-ab5e-e1bbd7a8f82c,2871b86e-4271-492d-8ac1-71ed8c4e4f5f,Clothing,2,27.02695178,54.05390355,23/01/2023,bea54c79-7b32-4fe5-a7b6-39594914decd,Debit Card,Pending
e0ee4905-29bc-4f71-895b-377134d7f131,2c3e4315-8ae7-434c-b5c8-4dcd1b115691,Home & Kitchen,2,119.0898522,238.1797043,30/10/2023,ed1d245a-1cac-467d-b18c-e609a31445f3,PayPal,Pending
1c5b460f-ffdc-44b9-9f79-cc88721f3978,a844fd91-2ad7-4a4b-b043-b1c179284103,Beauty & Health,3,141.9118117,425.7354352,14/01/2023,a4c96e24-ebc7-45e1-91cc-6dbe80e12b44,Credit Card,Pending
ccfb365d-0cf7-40e8-b557-8efce1da4c73,186984dc-6b72-4678-92aa-dc0591922fd8,Beauty & Health,1,277.5193307,277.5193307,03/07/2023,55b5e5ad-c413-4ebe-81a4-804472bb19a9,PayPal,Refunded
b39d1a78-6c0c-4788-ad2f-b0898aead35d,893950ab-c80c-4bfb-9884-30602e38f431,Beauty & Health,5,437.7314852,2188.657426,16/03/2023,f11a3f41-b844-41fc-ace3-d6eb5faa0fbc,PayPal,Completed
c2c85ee7-7d56-4bd7-97db-1af6ae559a12,ecb2ae20-5c92-42c8-8e6f-7332f83c739f,Clothing,3,51.08954609,153.2686383,17/10/2023,c3485509-0913-4bc9-821b-9e2320524f15,Gift Card,Cancelled
bd7db408-604b-4dbb-99e4-374b8d2d268c,6c718a7f-5dc0-40d7-85a4-139159f44b45,Beauty & Health,4,350.8319931,1403.327972,15/01/2023,a05e03f2-5e75-43be-9133-61fc308a16e3,Debit Card,Refunded
314c1d49-8332-49e8-9a6f-a1c56484a1a5,0992f894-916a-471c-885a-38f8bf4b09e9,Electronics,3,430.9930729,1292.979219,10/06/2023,aa6ff060-ecec-42e3-9e06-425074b96350,Credit Card,Cancelled
b7ab5122-fd6f-4054-ab43-904c28f642a4,9228a384-d70e-4bec-972e-b44dcc7e50bd,Home & Kitchen,5,165.6127265,828.0636326,07/10/2023,1f198a6a-6ee4-4b22-bd10-2e1c3979f45f,PayPal,Pending
28a338a8-eb07-4421-a0e1-64b65a756482,879f6eaf-6ab0-4e61-a643-efc9c242554c,Home & Kitchen,3,262.3160941,786.9482824,16/05/2023,1c66fc43-a88e-443f-93aa-5db2664ee4f6,Gift Card,Cancelled
816412ea-2049-4c47-9a97-93cc3114a3eb,c9f0a115-76e9-4362-8188-fad4086c3a9d,Electronics,4,370.9923106,1483.969242,09/01/2023,0b022912-9128-463f-9713-16423d7470e6,Debit Card,Completed
562c61af-74be-48be-94ee-0a5f13396940,36cb9ef9-41e5-4e32-a78b-1556e63fd222,Beauty & Health,3,110.1155211,330.3465632,13/10/2023,5300d400-958f-406d-a0b8-d4950812535b,Debit Card,Pending
22c65455-62f2-457e-80ba-caa6c8bf7d9d,4dd55744-e9aa-4c90-a88f-0754e5352d98,Sports & Outdoors,3,96.35366564,289.0609969,05/08/2023,4e7f2bdb-1e6d-4b15-89d7-b09f8ac1ee30,Credit Card,Refunded
d8c5e441-9c32-45e1-954b-6b455245a737,efbadf7c-272e-49ef-b20d-bd3c94df11c1,Electronics,5,156.9147005,784.5735024,06/05/2023,887c85c9-dbbe-41dd-80ba-7b1a035ce99e,PayPal,Pending
17110c5e-cf11-437a-9bc9-62117a1b041d,1ac75d66-f2f2-45c6-bc1a-10746811e805,Electronics,4,181.2493393,724.997357,26/06/2023,6c542728-fd1a-40a6-88a3-ecd9307ebd47,PayPal,Completed
f20fb7a2-b611-40e7-b2e3-630abf943987,2bdbde50-900f-4f09-b03c-8de59adb0255,Sports & Outdoors,2,183.3660279,366.7320558,20/11/2023,f4fd671d-4c2f-49ce-89cb-59b70731514c,Debit Card,Cancelled
98516316-45bc-49ff-9c6c-ab7228dca7fe,6cdac4c5-dd7a-404d-8ff1-7c90491b6cc6,Electronics,3,381.6123319,1144.836996,29/06/2023,269615e7-0c35-41be-b8bc-07118cb8c98f,Debit Card,Cancelled
f691a6ab-4605-4d86-99a9-4b490911c664,f7adfe7e-7e61-4aac-ad1f-6cdae677621e,Home & Kitchen,2,193.5460987,387.0921975,22/06/2023,7966d637-98d5-4281-b8fa-fbb64ba38b47,Debit Card,Completed
1cad685a-98f3-4e19-9e53-73bdbe6d9f4b,e87f7238-156b-47da-9830-534190b82cfa,Beauty & Health,5,458.1147019,2290.57351,26/09/2023,c5be1a9f-a139-45ac-86ba-30e1f55cc973,Credit Card,Completed
79fc243a-5ce6-4ae3-bad5-11990aa90e68,26981b7a-4fa3-4272-a487-82808e42faef,Electronics,4,373.6541943,1494.616777,21/08/2023,ec4df96a-370d-4319-a8a6-0b55db5c8d3a,PayPal,Completed
2bba0e84-ccf5-4774-9774-87f8bd3c714a,ca2e9b9a-9e3e-40a2-b937-23098b50754b,Sports & Outdoors,3,345.9430268,1037.82908,19/02/2023,891adc1d-5928-41cb-b6b8-9c68d3f41ef3,Debit Card,Refunded
a3b30e97-2f14-4dc0-b5e6-3d64021d99d1,4fd8861c-1585-47c7-b14d-fff295132765,Beauty & Health,5,249.8083772,1249.041886,11/09/2023,9c0c41b1-9560-4ced-84ae-b02d4ee0df14,Credit Card,Cancelled
c2671a20-7bb3-4d09-8d36-cb14d5a4a5ef,89e58b6e-369a-46c8-ab46-cfcd0dbe9b7d,Clothing,5,16.05857754,80.29288768,24/10/2023,b2febb7e-a142-4df6-9c49-7d6ff5e026e1,Credit Card,Pending
452b8a62-82bc-41c7-acb3-197ccdc4335c,cd662f8f-a7ce-4478-90f9-d0c8da87250e,Beauty & Health,4,74.51269776,298.0507911,02/03/2023,9fb977ed-10b6-40ed-9fb7-171a3a4b0f21,Credit Card,Completed
90354e1a-fdee-4d4b-b210-d6ae8631f602,05623f40-a3e7-491b-87cb-d1589709d9f0,Beauty & Health,1,204.1603884,204.1603884,03/04/2023,c9286bda-45ea-4f92-a19a-6adb01e32a13,PayPal,Cancelled
de7d37fe-126d-4303-ae37-f5d5f7fbd2fa,d456065d-bdda-462c-9aa8-dd945390c229,Books,2,476.1049841,952.2099682,04/09/2023,aea19c51-9d42-4dec-acc8-a9a93842aff4,Debit Card,Pending
a4f1d705-aaa7-4f6f-8f27-e6fba7873083,ed2b9d24-1971-420e-9a54-24dac50e1d97,Electronics,5,215.251731,1076.258655,01/01/2023,7fb6ab6f-d8cd-42ab-a20f-da535f28da32,Credit Card,Cancelled
1bf8b83a-a5eb-4223-84df-01ac6d2d240c,0dc86976-8bd5-493e-9ed0-6683b0bfdf27,Sports & Outdoors,3,334.5727582,1003.718274,05/03/2023,fc1dd001-941a-45f9-89c5-d92f1e397891,Debit Card,Pending
ab98cb44-b028-4421-8fc5-8b886629d3d8,d24ce684-6512-4ada-9e18-a6db6277917b,Sports & Outdoors,5,454.3152605,2271.576303,22/10/2023,6f53feb1-8934-4fc7-8e18-7767edd38245,Debit Card,Completed
351dc1c4-6b8d-429d-889a-48650b7387ff,e6cede60-8c60-47ce-9d87-2259dd5fa3c4,Home & Kitchen,4,68.8133576,275.2534304,14/05/2023,1015fbc8-851b-4520-9364-4caef0e29a83,Credit Card,Pending
616fb83e-78ed-4c06-9140-2ccbe3725cb6,6f751126-ec8f-452d-8f07-588be5b7d658,Home & Kitchen,4,422.3232537,1689.293015,26/12/2023,4bb4cb03-89dc-4bf3-9ae6-89061cd78498,Debit Card,Completed
35d645ac-a540-429e-bc4e-e72525878679,833639cf-0a63-4213-9968-8c22dfa2cbe7,Electronics,1,221.1797514,221.1797514,06/02/2023,5e378cbe-ad3d-4611-9e22-01e9ee1e6e98,Gift Card,Pending
5076225e-8b0f-463a-b5f9-75eedbf6a5a2,ca70a2f6-95ce-4603-bf5e-a111d24cae6c,Clothing,2,25.74087618,51.48175237,02/12/2023,14b02c96-5df4-4295-9c71-d89868596208,Gift Card,Pending
34880cae-b41e-467e-9e2c-90af349cadc7,5acbf57c-6e5d-4c8b-9271-f17e20c1992d,Clothing,3,499.6027696,1498.808309,18/09/2023,3ab8b795-0003-416c-b4dc-ab13ac093780,Credit Card,Refunded
bec86e1d-0d62-42a6-965b-1570626b3173,8ab84c6a-013f-43d7-a050-15bc84f273da,Electronics,4,239.6814847,958.7259386,24/04/2023,03d3eff0-51f5-435e-9e43-5465c21dc180,Debit Card,Refunded
3733a513-d503-426f-9057-13ca8a632d2e,0e8ebce1-8e14-4af1-ba97-a3f992a15bbc,Sports & Outdoors,2,187.3938318,374.7876635,04/06/2023,5aef6711-d7cf-4767-a3b1-4c4916425cb1,PayPal,Refunded
15ecf952-c8ef-40cd-b4d9-7a14d458ee34,aa0e5934-64de-487b-8ee8-40ba47bf99bf,Electronics,4,423.9724322,1695.889729,30/11/2023,4a0bceed-7220-4dea-8dc5-6d8a17185ee1,Credit Card,Completed
3edb7074-39a3-47db-9ca9-1b091f8507f9,5c732a6c-70c0-4350-96ec-4f7c9e6225a6,Beauty & Health,3,471.0532422,1413.159727,02/05/2023,240034f9-9f12-4983-9028-c9b7b6bad779,Credit Card,Completed
b9c54126-a2d3-4861-acaf-536426b87043,37064ef0-0c7d-4a05-a251-b787993e0014,Beauty & Health,2,349.7939687,699.5879374,02/12/2023,e055f014-35b8-4576-a94e-cd15079fe8d6,PayPal,Cancelled
d686a4b1-2320-4586-807f-d0aa4d4c7916,643f6ae1-2b7b-431a-87a4-43fe6e168e0c,Electronics,4,195.5552485,782.2209941,02/08/2023,8ecd4081-3ebd-46ae-b837-ca8bce99a63f,PayPal,Pending
b22048fe-8b83-4d48-a9e2-f9b07fcb5767,30bb1aed-07b2-41cd-bc6a-017d77a41c06,Sports & Outdoors,4,137.2426282,548.9705126,23/11/2023,fd93690d-bebe-472e-b5d0-11396e52ae1e,Credit Card,Pending
ba9ea6e6-687a-48a8-9f1a-e1f26f5123fc,52b6b534-7062-473c-9659-0419ddb63a1b,Books,2,12.34261989,24.68523978,17/02/2023,7b2c3602-a686-47d0-ad43-8fe48b0f5665,PayPal,Cancelled
f3815134-bfc8-4f27-9e5d-cc0aaed9ba65,13c9dc6f-d9da-41bc-bc1f-b68918c5e8f0,Home & Kitchen,3,256.6617625,769.9852876,01/01/2023,0bf2b1fb-04fd-482a-abef-7770f03140d3,Gift Card,Refunded
049e56bd-bfa7-4315-b763-eb113b7c2b7e,f75c846f-059e-4b80-a912-4c7f3754af7a,Beauty & Health,2,92.46873039,184.9374608,27/08/2023,58a3c64a-f407-49b7-895d-39d4ab07c3c0,Credit Card,Cancelled
3d985b8f-dde4-4fee-9751-15afeb2ae50d,5b4bf498-c7c8-4040-bd08-9eb9ed0864c1,Sports & Outdoors,1,398.0843518,398.0843518,18/11/2023,d92fef42-16b6-4f0b-932d-8a00617ffea4,Credit Card,Refunded
b3bcbc77-0828-458a-842c-a0ca3962f3c0,8c6670d4-e188-4c1a-9b82-25d5cab464b8,Electronics,3,231.878826,695.6364779,11/07/2023,69d0fd52-7dca-4a57-ba67-2f77b0cba6ac,Gift Card,Cancelled
770197c0-90db-4e52-abbb-62d6e819dd1f,9498eeb1-d04e-4ded-82c3-585ef8c4ed60,Books,3,243.2000791,729.6002373,12/06/2023,aa43d26c-6ed0-4a19-9145-50bd55e1a607,Credit Card,Completed
3192331d-edf7-4959-8cb7-470371472997,c59e090d-bc84-4b4b-b54b-eb87f2352527,Clothing,4,430.9860846,1723.944338,23/12/2023,f17eef9b-7e4b-47d3-a6a7-7bf89dd86b41,Debit Card,Pending
19442b38-47fa-48d6-8e63-3e708e03a9d1,bd8d83fc-c977-477b-81a7-207aeb9ec0a4,Home & Kitchen,1,137.2347307,137.2347307,24/11/2023,4743cc98-c045-46f6-bc99-4556570999e2,Debit Card,Refunded
90e7dcd6-17a0-44ae-8c0c-3cf463f9699f,5bc97831-3eec-4aa4-9c4f-c464ef3c72cf,Sports & Outdoors,4,129.2763643,517.1054571,07/06/2023,042d57e4-23d6-4f02-8b66-d2510abf2cf6,PayPal,Pending
28255041-7705-49ad-95d6-2f349306bb20,471e3123-11ec-440d-a0af-0fc3d50d3653,Electronics,3,273.2943419,819.8830257,25/02/2023,d25f1a05-855a-468b-8d29-aa4fe5818076,PayPal,Refunded
f1c7b34d-b371-4f0c-982a-4fbf2bee1b84,1a098c33-5ae3-4627-a914-f5959ccd0887,Beauty & Health,5,161.0371759,805.1858797,15/01/2023,f40b8a81-1297-41c4-9fd9-77cad0024355,Gift Card,Cancelled
e57d8f64-02c1-49ae-8da5-766cc430929e,0d8959a4-a200-4bbe-be5b-1012981c270b,Electronics,5,480.7101194,2403.550597,17/10/2023,f2bbea45-3c59-468c-be85-0b508a2d54bc,Debit Card,Refunded
6fe8013f-58fd-47c6-abe9-340b2827c9bc,d15f6b02-f7ee-46fb-9356-6fbef95ef329,Electronics,5,400.7039624,2003.519812,11/07/2023,8581e1e9-164a-4058-bcce-053b4760d2d1,Credit Card,Pending
1637257d-d89a-4a35-8996-716d9094abd1,ea35bb12-eda4-4feb-83b2-e467c338373a,Sports & Outdoors,1,133.8434565,133.8434565,03/06/2023,6c3cdb6f-9241-4678-9c8a-463ed86c0718,Credit Card,Pending
3bc1ee7e-4b49-448a-938e-07f6146526e6,f20351ad-2c6b-484e-a26b-3bcd95f1eea2,Sports & Outdoors,5,221.9276896,1109.638448,16/08/2023,56b6e1cf-dd4e-4615-aaff-b8801fb9cd0a,PayPal,Refunded
9fbec287-f970-4f11-aa58-50e95cec9e79,ac3f1d3a-ded6-4af7-b3e8-3b66c129aca4,Beauty & Health,5,371.9526115,1859.763058,14/10/2023,e44c0cb4-80cb-48c1-ae13-5375f7876a75,PayPal,Completed
450675d2-e331-40b8-87b0-6bf8f0c8b3fd,733eb63e-a6f6-410a-b90a-61e78141ea1e,Sports & Outdoors,2,69.1643696,138.3287392,22/09/2023,30bbb548-0e1a-48e3-b92d-ce9cef57e7c8,Debit Card,Pending
a5fade6b-c8d0-4e06-9c2a-b599495e63b2,f5e16088-6e77-4802-9745-7b4f8fdd99d5,Books,3,150.3423999,451.0271996,30/05/2023,d39a0131-fe41-4010-8ad7-b165889df530,Credit Card,Cancelled
f7dd83c5-625d-45a5-912e-2b384ca79b87,bec6edcd-f3fc-4b44-9149-0919a22bdf53,Electronics,1,460.3884989,460.3884989,21/07/2023,ec942301-f17a-4b8a-8551-1470b3675e3c,Credit Card,Completed
426944bd-61e1-4e5d-8fb1-025496bbc69d,600e64ac-b8c3-4dae-840e-5cf09a80eb25,Clothing,4,194.1607444,776.6429775,11/11/2023,8bae2ff7-84bb-4631-ad27-34fc9cc7c729,Gift Card,Refunded
4a49bbbd-83ff-4122-9cd1-b891c2d9a1a5,5f22b9ac-5503-4f30-a593-fd882c9255c6,Books,4,459.9189869,1839.675948,18/11/2023,18a51ddf-a43f-4325-a582-0f32843be960,Debit Card,Pending
058e4b46-f1df-4b3d-bbb6-d57ba0078975,4ecb89ae-ea9c-42eb-846b-3dd8e4992fc6,Electronics,2,314.1237346,628.2474691,30/07/2023,48dd1ab7-6ad4-4bbe-9e01-d20586ba1727,Gift Card,Completed
8d1b151a-c997-459e-8a2f-7c942da565a0,e62c5756-79de-4558-96e7-1ea71d723dfd,Books,4,308.1528909,1232.611564,03/04/2023,3fd33935-c638-4dae-b8b8-5f8f9bb027f3,Credit Card,Pending
a10be17d-04e3-439b-ba0c-5a2b06f3c539,1a3e9f18-6f88-4677-b63e-4b43cb1af288,Electronics,3,146.8807242,440.6421726,16/12/2023,ec626c52-9a6c-4c9f-9108-6be99454ed0e,Credit Card,Pending
735e687d-eec8-41c3-8143-d202784629ab,49f270ae-951e-4d50-9668-85764988c793,Books,3,454.5818182,1363.745455,14/01/2023,a03b410c-8b28-4c5d-a6eb-8f0e9e10c6bb,Debit Card,Completed
62820d03-c86c-4d2f-bfad-bd5923b4133b,cdd4a6a7-300a-4c43-b71b-299174174da0,Clothing,4,87.78749776,351.149991,04/01/2023,dc89aec2-22d4-4d66-bd54-78e437ff69df,PayPal,Refunded
d884939a-44f1-4185-bb88-99bb986b35e2,6826cb20-fea1-40e4-843d-9465bd76ea72,Home & Kitchen,5,198.3154602,991.577301,24/05/2023,909553e0-3f67-4700-844e-2e9fc5c7a7a3,PayPal,Pending
821bf6c6-c600-4e27-bf50-06daa5978daf,ff6eb9db-5072-49e6-aaad-c0fdbfac1a2a,Sports & Outdoors,4,446.986489,1787.945956,27/12/2023,05b6749c-673b-44c9-bea8-cdc40ae05e66,PayPal,Completed
94c4cb20-711e-4a48-8444-22be2c40df00,8e0ccacb-19d5-421b-a066-f2bc9a95c7c3,Sports & Outdoors,2,349.4381483,698.8762966,09/01/2023,b3ccd1e4-a11f-4b62-943d-6d88ced4b874,Gift Card,Completed
0da61db7-099f-46a3-9024-e7c2b48bfec3,1f0ad6cc-9462-4733-82f6-7162e8925b5b,Sports & Outdoors,1,97.28950932,97.28950932,10/11/2023,9e1e32f4-2462-4763-a761-c2c80bc2dee2,PayPal,Pending
8f4de6e9-f70f-42d3-b7f3-ebc6a9cc89e0,808852a3-bf6f-4c3a-8492-931eca0d4dde,Home & Kitchen,1,411.1812395,411.1812395,07/02/2023,62b2d55b-cab9-4939-b089-5e55c65358db,Gift Card,Completed
b3145afd-f7f5-4d8d-ae9f-683a1d6a49f9,77d1ca7a-dcf6-48a0-a8df-76a873d17d74,Electronics,4,227.531838,910.1273522,23/10/2023,056ac2cc-93e2-4f9c-8afe-6cf5695ccc75,PayPal,Completed
b1b65780-7ca5-456d-b296-afbdedf04d3a,d7889efe-e681-4a4a-96b8-8cb6969ba5f4,Home & Kitchen,2,10.63620903,21.27241806,13/01/2023,57798aab-57c9-4f02-bbde-0d85513c4450,Gift Card,Cancelled
ef5f6dc9-1354-4d47-8219-b66c86bb72d7,01678331-b611-44ab-bb42-6cfa23e2e968,Clothing,3,191.6934574,575.0803722,14/04/2023,ac1f8b13-1cd6-4dbe-bf06-85d43c43f018,PayPal,Cancelled
1c835bd9-e116-4df0-9c26-aef0d685eaf6,72d15270-b8e4-46ae-b2c3-f7f701d9e811,Beauty & Health,2,472.6876903,945.3753806,29/06/2023,aa0efa42-8547-497e-bf87-003b322de1c1,Gift Card,Cancelled
2d24e6d7-9753-418c-b2dd-5492f055c6dd,83e38459-6d09-4abf-8ae5-aa7f612fb73b,Sports & Outdoors,4,132.2331814,528.9327257,16/06/2023,1918c121-7301-4d6e-8cfa-da66c85de6de,Gift Card,Completed
290cca47-57d4-4a90-a5fa-6280c2108472,f62dc36e-d3d5-45e8-845c-b2a514f9aef6,Home & Kitchen,2,410.702319,821.404638,07/02/2023,8939ab98-f3c6-4e9a-98d0-eca3af6008cc,Credit Card,Pending
541bc1b5-d114-4c62-ba60-fd802349b9b8,b6fd45a6-4dba-4ba5-9f9f-33bc803a3da2,Books,4,194.0097992,776.0391969,13/05/2023,c0763d4d-b600-4a2c-8118-61dee1452554,Gift Card,Cancelled
3e6f7b9a-7019-430a-ad2d-59cb3fad4f97,29943032-e9f9-42d3-9e63-39232f231b60,Beauty & Health,4,308.2773812,1233.109525,23/08/2023,d62c8078-7544-4307-9d73-edfc44baa6b4,Credit Card,Completed
09e534a1-4952-4663-9b91-4bec1a929c34,f7f39003-7169-4ef5-aec0-30c6b5352906,Home & Kitchen,2,254.4426963,508.8853927,27/09/2023,57461ef4-49a5-426d-87cf-c59c4ab63ecf,Debit Card,Pending
776510f9-67cd-401e-b5e9-96c66c31e57b,0d90bf39-36ef-45c7-b8c9-a995802cfa55,Books,5,484.5804699,2422.902349,28/02/2023,25539861-9d5b-4439-a898-109e216b316d,Gift Card,Pending
d30694ba-ac1d-4429-b5ec-eedea6e16f2a,49c54eb1-5cf0-405c-aefd-635e762116fa,Clothing,1,441.6132075,441.6132075,14/12/2023,8901b000-7342-4f66-8242-bc3bd8044dbf,Gift Card,Pending
fe20a001-2056-4106-9abf-dd226ad42786,2f0959df-c3f8-4021-9fc6-a7a824ac16db,Home & Kitchen,3,360.6499835,1081.949951,01/12/2023,ad482087-a187-4e72-9902-222208168b97,PayPal,Refunded
69e19f36-48bd-4d64-bbcb-72bf540eb250,246b51aa-0b35-45e3-96c2-a556b1831f26,Books,1,379.8642697,379.8642697,04/01/2023,d2759272-d215-45da-9fda-c3956d4fe66c,Gift Card,Completed
d14ac939-7560-4c74-a3c5-c639979a95c6,f089f6c3-5770-4069-9f8e-bc658263a6be,Home & Kitchen,5,39.99413289,199.9706645,29/10/2023,cdf4ec31-29a3-43d5-877c-b5ba8884dacb,Credit Card,Completed
a3eefd27-480e-4be6-b9ad-cbadf65c0b3d,2337d215-ea59-4ddd-be1d-684ea0b026db,Clothing,2,405.5911881,811.1823762,08/03/2023,7bc68529-b8c7-4f76-a8c5-a9b961450e2e,Credit Card,Pending
b174365f-b5da-4fd0-a9d7-eacc29010828,dedcfaf0-a654-45fd-8de0-e271a2d6a404,Books,1,359.7788642,359.7788642,20/01/2023,211ef946-5629-402e-9b51-67998b4143ac,Gift Card,Pending
4f7bf7d9-af8f-46ef-8e84-69558ee7064e,f613f216-36f6-40ee-a784-696077955389,Beauty & Health,1,86.76101198,86.76101198,09/03/2023,3d4558bc-cc22-49e8-b047-1f0507a1e2d2,Debit Card,Refunded
c8f98a97-5db6-439b-9a17-1f11b32a61d0,6dd77a85-02b5-431b-8918-a7dd9ff35280,Beauty & Health,1,86.36903352,86.36903352,19/06/2023,66340ae1-80af-42ad-ac38-fb965dfd1ab8,Credit Card,Completed
7cd192cd-0b7f-40c7-945c-2264da677544,fb32cf5b-1018-4e16-9427-36e5b053d82e,Home & Kitchen,1,66.98439784,66.98439784,27/06/2023,43588f5e-a825-46f7-a2d4-86675740b8cd,Credit Card,Refunded
f2525790-b9f3-44cc-ba99-f4b849a271a6,3d1457eb-ddb0-45dc-9a47-21a786df8caa,Clothing,1,217.8761056,217.8761056,18/02/2023,47aac6a6-53c7-4f37-acae-6c8fadbb73ae,Gift Card,Pending
9328fdaf-78f3-4a6a-9bee-f36b5de79d85,8dcd4929-933d-4472-9b77-102eafc17952,Beauty & Health,2,396.6943245,793.388649,06/05/2023,2911cd29-ceaf-4ae3-b493-969da3bac9b3,PayPal,Completed
5f697838-bcaa-4d54-b38c-61aafd29dfba,c8ba8bbc-52b0-4348-b9a3-7bd5e1984e02,Sports & Outdoors,3,312.7761313,938.3283939,18/08/2023,9132b27b-bc34-4e74-8123-79bb873a5c81,PayPal,Pending
dda1382f-8264-4f8a-9a50-4b42661710f2,f4ddae9b-2d2a-4c80-bfd9-c4041d1f4147,Home & Kitchen,2,29.71814917,59.43629835,25/11/2023,3a5c7b86-150e-4dc1-8f91-2748b18ad5bd,Debit Card,Pending
8e53013a-b710-4a5e-9737-62ebac6b6d52,a5746954-ebc4-4bc5-83b2-50eb753f5f1d,Home & Kitchen,2,250.3196476,500.6392951,25/10/2023,24c956ae-e9b9-4db8-a868-8926e8360e54,PayPal,Completed
3d981ee6-f8f0-4c0c-a159-5eb85b0ee1c0,37941405-66e7-43b0-8a55-9fd1a79cbe68,Sports & Outdoors,4,476.677557,1906.710228,14/03/2023,f9e14097-1004-4113-a24e-d62bde9bd7dd,Debit Card,Completed
cefaf511-654e-44e5-9987-78cfc77ee267,43683859-74e8-48cc-ba52-7863845c9cdf,Clothing,3,305.5328395,916.5985186,10/11/2023,4c1a11ff-6470-4b16-b47c-d161d8d2a6db,Gift Card,Completed
7e6d12db-7a5a-4ade-addf-3849d8f909eb,dd3f24aa-3c18-4013-8886-86ba797e705a,Electronics,3,303.6408032,910.9224097,19/07/2023,c1c84181-af1d-4a03-91b2-9ee5cdf86aa8,Debit Card,Pending
3d55ef4b-33ba-49ca-9c97-56496113c6db,fd8acd92-ec61-471b-a763-c9c2d2671c8c,Sports & Outdoors,5,334.7942848,1673.971424,29/08/2023,648e163c-5270-475b-8195-e9489587b12f,Debit Card,Cancelled
e101afff-3642-4b0d-beb2-22d506f5b1bc,b15a0e38-f086-46ba-9b22-20ee8959c471,Clothing,1,103.4884636,103.4884636,28/08/2023,351d8b25-e848-4583-808f-3cb61b55401c,Credit Card,Completed
0d3ab9f5-8eae-4667-8b84-bcecd7125913,5cc5cfe3-775b-46b7-ade3-d3572d3fe7d5,Beauty & Health,1,121.150738,121.150738,26/09/2023,654ae698-c16e-40ac-a3cb-a836f379e031,Credit Card,Cancelled
6f2ec1b3-0bbf-450b-91fd-165a145126b0,6926df99-63a0-46ce-a4fc-a9126bbeac0b,Books,1,418.5551596,418.5551596,28/12/2023,f924ec65-f606-40d4-b230-0178dea5be09,Debit Card,Cancelled
2f4d1706-a4a5-46f9-ab01-e063c8f6eaa3,0b546449-44f6-45dc-8d0e-dcab6246839f,Home & Kitchen,5,21.38333173,106.9166587,12/09/2023,71494c72-90b8-49c0-8659-0f70a7b48dd9,PayPal,Completed
2c6cccbb-3f88-4554-8a47-62b2e481e963,ae4890ea-7b26-48cb-b90d-2fe99387b4ec,Beauty & Health,3,86.64802737,259.9440821,31/07/2023,87dabbc6-7f71-4325-a54e-e5ea6f122999,Debit Card,Cancelled
77e02830-dd39-4eb0-acfb-4b2e2d7f5da1,e3d52f4e-1f88-4299-a504-f38a48e3c5cd,Sports & Outdoors,1,260.697887,260.697887,20/03/2023,5d5c2fc5-7816-45d9-9812-a52629209cc4,Gift Card,Completed
c3e817f8-1144-4762-8059-f0797984bf5c,de2f2eb6-9d8b-4f2a-b549-ceb227e1b274,Beauty & Health,5,108.7029604,543.5148019,19/04/2023,9a271a08-4e38-4abf-8421-1dd8a0891ce1,Gift Card,Cancelled
39bd0525-4bd2-4734-a9b0-25053e49dce5,457e2e17-b199-4c22-a2f9-e40e6e64bf73,Electronics,3,467.1624188,1401.487256,11/03/2023,e33661f6-87ee-44a7-b7e3-c3729bc5d93a,Credit Card,Completed
a53cabc4-339e-4efa-842f-341bdfebe3d8,bd043905-4cca-41d1-9334-395affd9f4a3,Clothing,4,340.0302549,1360.12102,14/03/2023,cc4866e8-c1e4-454f-8f0c-59fca410a4ed,Gift Card,Pending
7c881fbf-55ae-4e1b-835f-e6bc3e0cfdb3,9fdb94ec-6ab4-474b-939c-e76cfd869f56,Home & Kitchen,1,332.598703,332.598703,10/06/2023,e423ee3d-8279-4f6c-9cab-9f269917453c,Gift Card,Cancelled
1b537e58-0a02-474e-92e5-1c9044488e85,600f1bc1-025d-4f88-a2c1-9b46ba1d7637,Sports & Outdoors,1,336.556993,336.556993,26/02/2023,286f6d30-1882-4e47-bb4a-e79d6e51d9d8,Debit Card,Completed
5d48ea5c-b0a0-46d4-a1ab-ee25dba79000,9127b06f-a484-4a0c-a020-8ae15b16231a,Sports & Outdoors,2,61.26976173,122.5395235,21/12/2023,760fb563-21c7-4f47-968f-fa0138a5a34b,Credit Card,Pending
b35ca878-b81c-4236-9a4b-bebe7ff75b21,b97a7254-cdd9-483a-a50c-3ae82dcde9be,Clothing,3,196.8143202,590.4429605,03/04/2023,b50f887d-0ffd-430f-a503-2b3fb9887842,Credit Card,Refunded
06b4505c-3e61-48c1-95a9-aa9e3d3bc40a,11f3d55d-2270-404b-ae82-981b960ed84e,Home & Kitchen,5,296.299433,1481.497165,21/11/2023,9dcdec81-cc71-4676-ba6c-e6c5f19c3762,Debit Card,Pending
63dc3c9c-dc1f-49fb-8988-2b94262b56e7,76cb32ef-50b6-4c2a-af36-da9614e20697,Beauty & Health,5,343.7639065,1718.819533,01/05/2023,327189f2-b80a-4097-a2a3-073bcd711be2,PayPal,Cancelled
20878abe-bc90-408a-b8c7-233c9589d143,4e8143dd-7f22-414f-8754-6ac29ae96bf1,Beauty & Health,3,343.234241,1029.702723,14/03/2023,6e09fe71-9e3f-4709-9a9d-d0ec322abaa2,Gift Card,Completed
7e28d3e5-e898-45d6-8950-0b3a5a3e873c,2b010fab-0227-4448-9aa4-2d9c11738584,Clothing,5,54.93142326,274.6571163,15/03/2023,8e2e6b03-ef6c-474e-a755-cfdd6a1d7ca5,Debit Card,Cancelled
f5a665d4-d92a-49df-a09f-c05e571d0e19,45028080-6f22-4dc4-a258-d6480ea3ee45,Clothing,4,104.6468731,418.5874925,25/10/2023,08bea4db-d090-449f-9341-3ad6aa527647,Credit Card,Completed
edddb270-f8f4-4c32-b3bb-6b50a08a69de,b97fd548-363c-4116-9053-cd3e28ac9093,Home & Kitchen,5,294.6695636,1473.347818,26/09/2023,e7747c20-35d8-4699-9ce1-af9ff89c4ddb,Gift Card,Refunded
750bf032-310f-45e1-aba1-8520f6d5fa69,3062b538-cb76-452e-815a-b9229d549b46,Electronics,1,14.18495485,14.18495485,09/06/2023,6b96419e-1a66-4a59-a645-be2c57849afb,PayPal,Pending
03c1a6ca-908f-45b8-b062-828ec66ff291,94f13775-4a4d-4c08-9f13-4b915a5ddb5a,Home & Kitchen,5,350.8758174,1754.379087,20/12/2023,7cd287d1-402d-4979-9300-ab74e5e6c10a,PayPal,Refunded
15851ab6-11f5-4804-9146-7c3b8f219cb3,15c59971-638d-4cde-8fbc-83378a54ceaa,Clothing,3,202.7359591,608.2078772,06/10/2023,782b7724-b032-4022-ab97-722bc0c27d0e,Credit Card,Pending
995d256f-b069-4a20-9154-7daea543cad6,67abd757-f520-42d3-8b27-27fd0a17750b,Electronics,5,128.2011049,641.0055243,03/09/2023,23b418ee-2d05-4851-b2f8-a7e47ed780db,Debit Card,Completed
01865a82-f329-403e-8a0e-2ef408dd40c0,526736ea-e23c-4af7-b986-3c9abca04b1f,Sports & Outdoors,1,243.4976993,243.4976993,12/10/2023,323075e3-65c3-4d32-91d5-1dceb9d0ab7f,PayPal,Completed
cd2b347f-3076-4ec9-8550-a1db1b01825e,6469394e-2b7c-4723-8e44-94646e9c7ae3,Books,4,329.6637452,1318.654981,17/11/2023,b3b2723b-2b24-4610-8e44-44ffd2b7b02a,Debit Card,Refunded
24486637-401f-46fa-8b92-18bc9dbefa8c,e4c5d574-675b-452c-a504-0535caac0c8e,Clothing,3,384.2755096,1152.826529,27/02/2023,be07fc43-f633-46be-947d-e01f5c95a385,PayPal,Pending
4519a164-f658-4d1a-8481-a9e0af732a09,eb567a9a-01f2-43c9-8cc2-de23281f326b,Beauty & Health,5,282.2517219,1411.258609,04/10/2023,0cce4d7a-bc94-4314-826f-2842eedf9577,PayPal,Cancelled
c0c1e3df-1b5c-4329-b890-bba3852df9ae,70ebe2bf-a7d0-4c9b-80ef-5b53b12170f5,Beauty & Health,5,204.130474,1020.65237,02/02/2023,afb3c1f1-94d7-48ef-b613-c02caf31829e,Credit Card,Pending
5528eb8c-4155-4387-a524-895c48ad9c5b,9bbe6afb-ea3d-46cc-a93d-d2170622eaa9,Clothing,2,401.752385,803.5047701,02/11/2023,49823f45-6a59-4299-ac2f-80e7b8689eba,PayPal,Completed
2cec2326-d8ec-4fb5-b17c-f22aa660a487,bd7b6cd1-6395-485c-8992-c8b5a7bbb741,Electronics,2,36.12258259,72.24516518,19/09/2023,c3fcc36a-d5a4-4329-b599-f4f40e7db25b,Credit Card,Pending
e9b06865-7799-4671-9059-7b39413806c4,8483b6c9-bdc0-4e53-a62c-3b4a5fa4fea4,Clothing,5,326.5942707,1632.971353,23/03/2023,3a3cf76d-28ba-4066-b949-fefbe7b04fcb,Credit Card,Cancelled
9573b28c-21eb-4695-84bc-9ed1336ad8ff,1a96ba81-29e7-4e98-a91e-ec1dc6d38982,Electronics,3,271.5270275,814.5810825,10/09/2023,65ecbb77-eb55-49d2-b700-3f9b86a73bcf,PayPal,Cancelled
fa53a4f5-827a-4e03-9605-4d035ae4aa80,ec9aebdb-4acd-48ad-bd02-3a4964a5d2a9,Clothing,3,347.681016,1043.043048,08/06/2023,43548d43-ba62-4cf1-af8a-478a53623f71,PayPal,Completed
751cb30e-6a64-4062-9cca-ec780df44f1c,5e8c1b0f-3434-493e-8856-032cad8cb562,Beauty & Health,1,126.8493372,126.8493372,05/08/2023,d09547cd-566d-452f-916e-dab92ad1347b,Debit Card,Refunded
f6207cb3-f767-46f2-a772-f52ce1bfc8b9,b54fcb24-0ade-49e3-8bf5-0a832218f7a1,Clothing,1,260.3414353,260.3414353,08/03/2023,af9d1d44-20a9-44f9-8b63-5e055b76a603,Credit Card,Completed
bb1bdce6-c9a5-44cb-aac2-a840790b76e3,d8c87059-d51f-492b-9429-112d2df34c25,Books,3,259.4588431,778.3765292,09/10/2023,a271c162-75a5-454b-9cdc-b1222914d6fc,Debit Card,Completed
30a329e6-42a8-4e79-8436-c1fde166b20f,8f8d3926-7c06-4bd0-90c9-9829c1e08f55,Sports & Outdoors,5,12.98290986,64.91454929,19/02/2023,a1e73995-5d52-4e5e-ab50-6249104c40e4,Debit Card,Refunded
c1ebb518-190d-4c78-87f2-5f2ca7cc5460,b994196c-36b6-4ec3-8536-4f072347cdb8,Beauty & Health,4,323.9582085,1295.832834,11/12/2023,c383c4e9-eabd-41f4-a311-dffc4c6ef8ce,PayPal,Refunded
6af4695c-5e79-4500-9134-2d1404a9e0c8,397337b9-2c77-4b51-973a-5958f46447c9,Clothing,3,310.7858022,932.3574065,09/03/2023,ddef6d45-857c-4681-abec-f758963f03f6,Debit Card,Pending
8bb8a53b-4939-49f5-9aab-2fe28a82a563,7bccde77-ab63-4abb-907d-6cb0f8c342a1,Books,1,420.0632734,420.0632734,01/09/2023,1328a1c3-2b62-4fb4-a9b7-ed84d5a96338,Gift Card,Cancelled
901aa346-3cd9-4322-8736-5f7b122b749a,3a66feba-8902-4d09-ba9f-d5ba3f4e870b,Home & Kitchen,2,205.0361764,410.0723528,19/12/2023,f69f6965-a027-46d8-8591-303adaae5fa6,PayPal,Pending
98ec6342-b723-4ae4-bdd0-e3fc6ce8bb0b,7a4a56df-e4ec-4b7e-bd98-71ef54e70e00,Beauty & Health,5,397.2768589,1986.384295,12/09/2023,25c46a61-78a7-4e9c-841c-e79dd5770702,Credit Card,Cancelled
55e2529b-d7e0-45a7-8ab5-961cbb7c6dd1,d6d8563a-832b-4fb2-8d99-355f13b32ba8,Beauty & Health,1,80.13435726,80.13435726,22/01/2023,e0ae299b-8911-41a6-be96-b81870768306,Gift Card,Refunded
eadb3d75-1991-45d3-89be-44aa34fcb076,0dc81b95-bb88-4b61-bf37-2a204c3dafa8,Home & Kitchen,3,186.3740926,559.1222779,05/03/2023,0445f1c5-edde-4f06-8c9b-7ed5cf25db3c,Debit Card,Refunded
4d24acbd-52ff-4e68-8a24-fe96b5e129e8,0272649b-a37d-4537-b2e8-455efbcc4877,Beauty & Health,5,143.9250162,719.6250809,17/07/2023,2d7413b9-6f31-47b1-9249-264d0e2da25e,PayPal,Completed
4ac208ee-e558-434c-abc8-56c10c4df537,dd89d6c5-74d5-4533-ae24-9f8751ae06e6,Sports & Outdoors,5,275.4023806,1377.011903,08/10/2023,1af12722-3c35-42d6-ae1d-0603319f09ce,Debit Card,Pending
a836d5b0-834a-455e-9087-3fdfd2483f37,6bbc4fdb-e89c-4474-b802-bd43d6da02ee,Beauty & Health,3,53.98454795,161.9536439,09/01/2023,eb9fd2fa-9991-42b1-949a-7c3d7a7db528,Gift Card,Cancelled
a16176d0-ddf8-416f-892e-bb9d596e7c5d,7278571b-cd0c-4f13-8055-0485aeba077c,Beauty & Health,3,51.25479803,153.7643941,31/05/2023,8c986031-9756-4777-9667-16b453a94ed1,Debit Card,Refunded
403c84a7-f88f-4bb7-9037-add236b9712c,c84b9a62-5a83-41df-abdb-1a42b69b68d5,Home & Kitchen,1,274.3555506,274.3555506,26/04/2023,120b17d4-af7f-4efd-bee2-8ff129a76dee,Debit Card,Pending
060f1363-6183-45b7-814e-95d6fb79cf26,788fecfa-6e5d-48ff-bdf9-e1267d6ff668,Books,1,219.7313918,219.7313918,25/06/2023,7c390181-c79d-4539-ad6d-75df4c009816,PayPal,Refunded
ca7849a3-9047-4561-a1c9-e1f0f601bb28,e1a3ae2c-4ba8-4e7c-82c4-669a5991aeb3,Clothing,3,466.3275711,1398.982713,11/09/2023,502597f6-8fe3-4084-b155-cbf97dccbd65,Gift Card,Cancelled
2d96a4e6-9013-4ea3-a93e-b740cadfa383,9748d5dc-a844-4add-8920-03def9d832bb,Home & Kitchen,5,95.95834852,479.7917426,23/01/2023,95b6914c-d4cc-4aea-87ac-eee8be6be624,Debit Card,Completed
a5496d80-72d9-44e0-865f-502b670db875,c1dc68d5-ed7f-4a0d-af26-d33eed0608eb,Clothing,1,375.217493,375.217493,30/01/2023,73561ae1-0373-4885-8f6f-50e797118d65,Gift Card,Cancelled
3d4922b8-d2e4-4156-a00e-b587c383ba56,f891794d-39f4-45aa-ac46-70fc8d7833be,Clothing,2,321.0148696,642.0297393,17/03/2023,dd1aa735-576d-4954-bd6c-cb7ad41f98b8,PayPal,Refunded
b52add28-2fad-4dbe-9564-44401f253d6b,f0544c7c-7d40-4a9a-913b-f3f830665968,Home & Kitchen,3,280.1035734,840.3107202,15/01/2023,2e451d41-4eda-4a5e-b821-45c0d2fbf151,Debit Card,Pending
0320b3e2-ad22-45ac-aec4-c68a6c7be336,cebb2843-500a-4889-bf5a-147eb9cc959c,Sports & Outdoors,3,35.71019039,107.1305712,05/03/2023,317b7c65-21c4-4cc4-a375-c6a0179806c1,Gift Card,Refunded
56a2ecce-22dd-4605-95b6-778daf19d5c7,04ed13c9-5e96-4110-9cfd-dfd09f575483,Home & Kitchen,3,175.6359865,526.9079596,23/04/2023,cafb45a3-d5c8-4063-9523-c42fa228b5ae,PayPal,Completed
941f3c24-7634-4488-9aaa-5d4bf1425448,6b2183be-d462-4ea9-a040-8b683475c967,Home & Kitchen,4,295.5630308,1182.252123,01/03/2023,a0e2476c-47a8-4654-9cd0-d804ef05d773,PayPal,Cancelled
3bb71bf3-6a9b-4b3b-a8df-fcd551eeccc4,1585d992-b14c-4d09-81a3-91661cd1fe6b,Electronics,2,355.0304307,710.0608614,11/12/2023,216aec31-3e0e-41c3-ab48-5766ba997327,Credit Card,Refunded
4a2cf0a6-1d19-406a-bb88-881671fc0d3d,e01efe2f-2d5b-44d1-99cf-9018a072e410,Books,3,66.07162823,198.2148847,14/12/2023,3f729835-f4ca-49ad-afca-cfc430352fdf,PayPal,Cancelled
bcbb71b4-9c3a-43f2-96c6-4b9afa4b3492,83e2d95a-6fc9-499d-b4f6-f38018f2eef7,Books,1,259.9846562,259.9846562,31/08/2023,79462847-fe84-4acc-91a7-a68ed6ddf3f2,Debit Card,Cancelled
9a12a152-ba83-4c4d-a70e-2d6dc7fa6eba,36e68a17-1c4e-4cdb-901a-440de20f3fbf,Sports & Outdoors,1,273.0857112,273.0857112,17/02/2023,7197ab27-9a8d-4480-89fc-dfad8ef79c4f,Gift Card,Completed
951519ba-c34e-4f1f-85e6-cce00d413c88,0fabce70-78a8-42e5-a37e-125ac80a9394,Clothing,5,78.88954349,394.4477174,10/07/2023,0ebacc0a-78b2-45ad-ac6c-2a994142bd8d,Debit Card,Completed
e2a20103-0ff3-430f-9698-670f778ff652,4a82e80d-8f00-4454-b989-be157df80fae,Home & Kitchen,1,262.7610794,262.7610794,03/03/2023,69137b0e-06e1-452c-b680-828ff7c4987f,PayPal,Refunded
2fce2c11-69ba-4eee-a370-e89e524ea5b6,fb4b186b-81e6-4f5b-be22-ab2820cac529,Home & Kitchen,3,339.9665856,1019.899757,17/06/2023,09f16832-ea93-4425-b4ff-7c9c8bd656c7,Credit Card,Cancelled
06d9cc01-0458-4a13-bb7e-ccbf874488d5,a4a8e65f-c7e5-441d-b6cb-724a1c8fa17d,Home & Kitchen,3,121.1876506,363.5629519,14/10/2023,34f8b1ce-65a8-4d47-ba56-c53c2edb1b02,Credit Card,Cancelled
3dbdbee3-c4d7-4548-a040-e47f1895fe88,47f92753-c715-4de7-a5a4-10fab7b5e859,Home & Kitchen,2,194.4501386,388.9002773,22/01/2023,18ca7da9-9456-487c-a863-dff9ce4f06fe,PayPal,Cancelled
2f3a4d91-46b2-418b-969c-866425588a06,bf1a1b55-4e99-4be1-925e-b02216a1b81e,Electronics,5,421.2245147,2106.122574,23/05/2023,a3a2dd09-475b-4cb9-8106-01e9d95bb8b3,Debit Card,Pending
de426a4f-a170-454b-bae9-8895ddadf7d9,24563992-fcc8-42d7-acd6-427dfabc802d,Sports & Outdoors,5,266.7958624,1333.979312,09/08/2023,a6f85779-3c84-45ea-b824-b9dd26686953,PayPal,Cancelled
c2c4f299-4d83-4c0a-b5ea-e3c9cc200af6,f113a4fb-8725-4a24-bfb8-797e5130e5c1,Beauty & Health,2,189.3089929,378.6179859,26/02/2023,4ba80b69-7d70-4790-a0df-0fd6afbe72c0,Debit Card,Completed
fc9052b5-5394-4b6c-b410-d76443998eff,dc976f2c-1f8f-4aef-88d3-f5bdcdf396ff,Home & Kitchen,5,327.1454925,1635.727462,07/04/2023,e26a0fc2-a4ae-47fd-a86b-f1f4ce9f0137,PayPal,Completed
c14dac79-56e5-4e9a-9a84-a2a6a395eebd,252a77af-604f-4421-818f-0341702ccd46,Home & Kitchen,5,22.56841802,112.8420901,28/02/2023,38dbf0cc-395b-491f-a475-626da6df015c,PayPal,Cancelled
1f4da095-df52-40ea-be5f-2e756f7709db,de950faa-adf1-4571-89ac-4a319648e515,Clothing,1,271.9878463,271.9878463,19/05/2023,7ecb866d-aaf8-4fff-a182-919f45f3df87,Debit Card,Completed
46b4ca4a-3918-4146-96c6-14d1981d43ab,5245ba61-6c9c-454e-ba04-f95cf86e5888,Clothing,4,320.3486428,1281.394571,17/05/2023,421b78ed-d01c-4a89-a89f-5111ea09ecad,Credit Card,Completed
28b9becf-c315-4b3a-90c5-d001bb18bbc0,11189156-056e-45e1-b67b-a7519b44c2e3,Books,4,286.7704426,1147.08177,24/03/2023,ca95a556-1d66-4aea-8e7a-daa3ec6fec4b,Debit Card,Refunded
27d5b031-200c-419d-8e56-5e5d70664d02,4bb8ad8f-7c0a-4009-a1ac-53e23cdaea64,Sports & Outdoors,2,11.38927944,22.77855887,06/02/2023,91007ede-a7a8-4b80-9b66-cc20b6af0cd1,Credit Card,Completed
342aa8d2-ee80-4910-a5ba-2401e7d4c6da,979f0ad6-778f-44f6-9654-f8939cf85fb5,Beauty & Health,5,205.1014402,1025.507201,22/06/2023,cf74081a-0e5b-4320-bd83-57bbc7347183,PayPal,Cancelled
b394e3e8-fa0f-4006-9219-e325b9071cc6,f75c474f-d95b-488e-a0b0-1ec20bb96593,Sports & Outdoors,4,29.0345443,116.1381772,21/02/2023,767f0c3e-ab3e-428c-885e-e807f4d9274b,PayPal,Pending
09699e29-26c8-4b0e-bb14-80af8ad26820,3b571f2e-5d74-4092-ad88-2536ccdf7a5c,Books,4,153.7290944,614.9163778,22/01/2023,c859186d-8808-47c6-aabe-64682f535fce,PayPal,Pending
b8c2b0ac-9f1d-4c23-a7d9-02759acf4b9b,d8b4a508-2604-4e21-9568-3442311b2f4f,Books,4,65.75543982,263.0217593,27/04/2023,d31d65f2-f038-4a56-ad8e-192a4a2406ba,Debit Card,Pending
9abc3c43-f1cd-4546-b755-8251883e86a2,98d3e996-d539-44a3-ad22-ce61cf2556a7,Clothing,4,187.855803,751.423212,25/01/2023,1699cc78-fec5-4721-8165-3af4667068b8,Credit Card,Completed
378bbfaa-e0e3-40c0-b4d4-caf763e86250,27650de6-9c70-4fc8-9346-9c02f4beabcb,Clothing,3,477.7960888,1433.388266,11/02/2023,38f41b00-aec6-4dd6-8d58-63f79deeaeb0,Debit Card,Pending
27091cf4-3fe5-4a5f-bdc7-a2c00a60432f,a6c24ba4-3543-4449-b580-8aa511bf8538,Home & Kitchen,2,275.7781055,551.5562111,04/06/2023,4952e023-d247-41aa-bc91-53dd8bab8898,Debit Card,Refunded
98443a91-0de3-4b72-b3a4-3ede3a71c4a1,bed91a7e-4034-44ef-be3a-a7d59c59cc1b,Clothing,3,237.7548553,713.2645658,17/11/2023,0f970df4-1fb9-48ef-a248-2650f6bc8ca8,Credit Card,Pending
4edf3029-98d5-4bbb-9ffa-f6f55a166824,69c05750-df70-4d97-a5dc-541c1f45efa4,Clothing,2,346.2926128,692.5852257,28/12/2023,6af22928-0f9a-4114-b919-bb1fcb9e2233,Credit Card,Cancelled
2549a3a6-c001-46e8-a4bb-14eec4d7e87f,594cad99-f984-479a-b6dc-8a05191b5309,Home & Kitchen,4,96.54962213,386.1984885,02/06/2023,e8dda1c5-ae37-44ab-b05d-8c242e8164f9,Credit Card,Completed
fcce94d6-1ff9-48b5-ba44-4eaaca341e7f,7035ff07-2658-43fe-b171-9cb1eceb3e30,Sports & Outdoors,3,208.2162697,624.648809,15/03/2023,d60d9c68-af0c-4db3-befe-fd30d808bc84,Credit Card,Pending
c3c9599c-997f-4a90-aa4d-011ca31ce390,4f6bc446-c17a-4b2c-b743-924a12040b53,Sports & Outdoors,2,124.6972648,249.3945296,17/04/2023,a67440c8-3910-4cb5-bc83-64334b7fd341,Gift Card,Refunded
f7642fcb-95fb-4178-8926-73c3c4e266ba,067ab243-1061-45cc-b6ba-206b71355d59,Home & Kitchen,4,199.3847967,797.5391869,03/10/2023,2e09ef92-33e2-448d-a933-1e8589402cbf,Credit Card,Cancelled
36f832c9-1a1a-446f-8e5c-5dc33ad012f5,98373437-d4d2-43b0-b825-b3328f0d3ea6,Clothing,5,364.9227252,1824.613626,13/07/2023,3f1694a5-a29c-40f2-a6b6-ce1602d74cc7,Debit Card,Completed
e0af3547-ff98-4735-a69c-ee4bfd00cbab,95cb77ac-1830-4d5b-8c72-0b41a3fd1816,Electronics,5,438.0554994,2190.277497,25/06/2023,d6fe3498-53fb-4a9b-9db0-6e4a4bd15f95,Debit Card,Cancelled
f79f4768-e69c-484b-bb17-65afe71f19c8,b5735c0e-f072-4551-b4a0-13d4bae1d375,Electronics,4,275.129968,1100.519872,06/02/2023,8f9cfa43-e2f0-46ee-a847-79afb1c1263b,Debit Card,Cancelled
54c0d686-6011-4043-a24b-14981fba0455,3cd58cdc-4696-4f84-828f-d12e94ec4a28,Electronics,3,312.0492945,936.1478835,26/05/2023,d758dc88-4a2b-4549-b026-54e68b1ab4df,Credit Card,Pending
f836eeaa-8ec3-49ad-ad35-2224e0b85f13,96095e3d-1c21-4237-a801-3ed85a124606,Home & Kitchen,1,302.1898059,302.1898059,22/04/2023,b11ec812-49f4-454f-a088-388b72a75710,Debit Card,Completed
ea1fcc3e-8d43-44ec-8099-5c57ba008d50,05fdde01-1bfd-4958-af8e-b21db6eb2c26,Electronics,1,419.1211632,419.1211632,17/11/2023,b2072803-ea74-4192-a7ef-47a91ca8d34d,PayPal,Completed
1a3a7cdf-1530-46fc-8c35-d5a6aad435f8,5a2e6ab6-1e18-4d04-942b-9e1eb3663a69,Electronics,3,415.9098252,1247.729476,08/06/2023,65cb8dbd-5853-40b9-bb30-800242a74702,Gift Card,Completed
eb7e47e0-a711-4433-8587-274f0e648ff5,82c2bf67-baa4-47f2-8b50-c7b13e78a1cb,Home & Kitchen,4,219.7002922,878.8011689,20/05/2023,3952639b-5669-4400-9291-5f99588895d4,PayPal,Pending
b0a16d45-f4cf-49ef-8802-6131d9216fb2,47348f43-f9ca-469a-a94d-501f7cf34aef,Clothing,2,485.8684607,971.7369214,12/01/2023,92c0050a-ea54-45a1-8dd3-09d4e98bab67,Gift Card,Cancelled
5365ad35-fdd1-463f-b109-7460106dffe7,1d5d8b7f-587f-42a0-880c-3e4af30ec9f3,Books,5,151.6235455,758.1177274,06/01/2023,ea5aaab8-3b75-4ea6-a8f5-134f9d0d7d47,Gift Card,Completed
498655e6-e2b1-484d-9b3d-d8b2c915b4aa,9fead703-92dc-4f97-9136-a2c1ea3459ec,Sports & Outdoors,1,488.4207391,488.4207391,13/05/2023,71def81c-5a0f-4e5f-bc9e-d66694cfe748,PayPal,Completed
eba8a73e-7f12-4a91-95ae-87101397af41,20c473f9-d0e6-483e-ac73-d0fe68160f8c,Sports & Outdoors,1,30.23709481,30.23709481,07/12/2023,c6d8f4fd-db34-4fdb-a436-2832a99902a3,Gift Card,Pending
7f71d39b-8121-4147-9664-865de2767be7,b4535224-5c11-483c-80da-25d227425d39,Sports & Outdoors,5,498.0132181,2490.06609,27/01/2023,e8f6ce1d-ddb2-4ed5-8b5b-554bc09b27d4,Credit Card,Cancelled
df49c03d-2fe0-42ef-92cb-b54962954b9a,aba81a2f-44a9-4ec0-a887-9d081310af4a,Home & Kitchen,3,70.06460787,210.1938236,03/10/2023,30432262-dfc8-45dc-995a-e8a0aaeba6ae,PayPal,Completed
698ae531-de49-4644-b788-e1b6aa96f4e9,98f36afe-9182-458e-9373-bff18ba6e780,Books,1,120.8802555,120.8802555,16/10/2023,369bbcfe-970e-414e-96e2-4ce662a5a2b1,Debit Card,Refunded
29fffb2c-eb81-46fd-a822-7d4bbd31ef52,009c6627-9157-4e07-9e50-570ff7073681,Electronics,4,248.6603204,994.6412816,30/06/2023,3e22cba1-7e6c-4f3a-87af-5be8a1e8b99e,Credit Card,Refunded
e4670c63-f887-4ef8-b64d-2ca652d85b4f,b757e905-0dea-4ecd-8cf5-f97eb8e1e263,Home & Kitchen,4,24.24136349,96.96545394,05/10/2023,30f472bb-cae3-4ae3-9be9-870ded608387,Gift Card,Refunded
65b34046-4bac-4b34-af33-dc2082fb5ffd,a54c86b3-3349-4b3a-9282-0db7e184d4e9,Books,3,188.2318999,564.6956997,25/04/2023,3c65ac8f-bc6a-4927-8870-f950eab1ac5b,Gift Card,Pending
ca987785-1f94-44e2-96f1-87c809b58cf3,184ab5e7-6113-4a66-9019-361e5b3ab396,Clothing,2,398.2762024,796.5524048,30/05/2023,307ecf1e-ff70-4f11-80aa-320cad3108b2,Gift Card,Completed
9fec03fc-56c5-4abc-b7bd-21967bb09481,4a778c34-933d-430c-a434-c993250861ce,Sports & Outdoors,1,201.7278227,201.7278227,29/05/2023,0f3fc728-75ee-48d5-b64c-1b0ec251b315,Credit Card,Completed
cb2429d4-4c72-4a21-a691-6cb590e47b2c,701d8bbf-71ab-4ac6-9ba7-c42653e1f450,Electronics,3,115.1494957,345.448487,30/03/2023,de37761d-2118-4bcb-b7ed-b088b8ee6485,Gift Card,Completed
aa718b77-ce89-4622-a274-6cff38b0a6b7,33283d48-8f70-457e-a207-f0a89b90911f,Home & Kitchen,5,167.5267212,837.6336059,28/08/2023,e49bb7f5-9ac1-45e1-95d2-f94f3a53ebb9,Credit Card,Cancelled
006e080e-9368-4a73-8bbc-403e130da3fa,5ae3b081-586a-4ee7-bdf8-4f5c769027dc,Beauty & Health,2,185.0437303,370.0874607,28/11/2023,ca17d0b8-dbf6-495e-8d3c-ee4af9a9d457,PayPal,Refunded
c2b90489-e085-434b-a1fc-2855d303f735,d6e0ac63-50ad-4e8c-a484-dce943e56e3f,Home & Kitchen,4,82.67667127,330.7066851,27/05/2023,b466f06b-eae7-452e-ac38-8a83159af57c,Debit Card,Cancelled
e561f65a-675c-4c4c-9bbb-b964df708d33,4792b3b3-3c57-4a3c-8cff-5c3528d46e47,Sports & Outdoors,1,260.6015189,260.6015189,15/04/2023,b6d50c5d-ad2c-44e8-8ce5-94ae01c89900,PayPal,Completed
5521e3fa-fd40-43f7-b1a3-0c777558f971,80897427-fd3d-413f-8cb0-c340cd3fb459,Beauty & Health,4,202.346718,809.3868718,12/03/2023,e1a2d8d5-431d-4ada-a73f-6fab6c76fd92,Gift Card,Completed
0eb89193-5c5a-4b75-96b3-e1abcbfb2dc4,8b33927d-d187-4ae9-b9ae-b4b3617efd88,Electronics,1,369.0804764,369.0804764,24/09/2023,0bb76ac5-f80b-43e8-8d14-0d95ebaa4f80,Debit Card,Pending
f2e7be6e-06b6-4bb1-a81d-29d2415dce8e,dd2b459f-4fa2-4733-9fcb-b00bda53e3c1,Beauty & Health,5,83.69216799,418.46084,15/05/2023,2fece585-5663-4085-be08-fafffccb28ca,Debit Card,Refunded
3da43cf6-a75e-4b20-b259-a4565391e0bf,0ed5fceb-3426-4bdb-868c-46eeb3583e2a,Electronics,1,256.8218669,256.8218669,29/10/2023,f6d39b04-8baf-45f4-be07-01e5a84436f7,Debit Card,Pending
ae74126f-55de-4e7f-825f-d708b7e97939,c57110d1-c9a0-45ce-9793-cd1c271d1a0b,Books,4,131.6576951,526.6307805,31/10/2023,c7885aa7-c745-4cb7-9529-c62b26a88712,Credit Card,Cancelled
9c1981d4-1b67-48ab-b61d-dc480fa8a8b0,0cbff5d8-a1ad-4d2a-a0c9-31d69a467f20,Home & Kitchen,2,431.166197,862.332394,16/02/2023,357357b6-7799-4a1d-b4fd-b61782929406,Gift Card,Pending
464e3abb-28a7-4d41-8841-f51df0615d0b,be00cd1f-5306-473b-9d66-afd3b72b6c8a,Books,1,24.44334865,24.44334865,01/12/2023,b6f21ffc-2af1-403f-a20d-69d658c39a0e,Credit Card,Pending
9091b62c-868c-4a11-9954-f53e3de8dd18,4effdafc-7b71-4acf-989f-e83261e06d50,Sports & Outdoors,2,397.6447868,795.2895736,11/04/2023,896c175b-5e6a-40a0-9ddc-4d76b00ad40d,PayPal,Pending
7f089de3-0663-490a-ae0e-0098ac256f24,a4c9fb2b-6132-48ca-8d71-b87dd61df067,Electronics,1,47.34213633,47.34213633,27/09/2023,b2c71b83-4ebd-4812-9fae-a98d0a8b3ac2,PayPal,Cancelled
c9a7f586-da33-414a-823e-2c8ada86d768,f3652188-6b25-4fb2-a3ae-e820335fa55d,Clothing,2,228.2536865,456.5073729,08/01/2023,0835103e-8c1e-419a-8b41-99951783be5b,Gift Card,Cancelled
5f036f51-a237-4a9d-907c-1f904892cb60,d74776b3-9346-4dc6-afae-dd536bea255d,Home & Kitchen,5,149.2157439,746.0787195,25/10/2023,5c4b66ce-a556-4efc-b1b7-26d6a17065dd,Debit Card,Completed
3ed001fc-942d-4d5b-9485-f63767477bc4,f643bcf9-72ef-4d6a-8635-911189951ddc,Clothing,1,444.3987661,444.3987661,14/03/2023,b050a989-0daa-4c09-8917-cabf567feb81,Debit Card,Refunded
e17b36d6-48cc-4520-b1ce-72022b30bbe9,4a2d5b94-b6ea-40c7-ad58-97a92befc444,Sports & Outdoors,3,60.6964686,182.0894058,28/11/2023,a347eef1-6e78-4fa6-9505-4f959da7f1d8,PayPal,Pending
a50eb2af-508a-488e-b1bc-9a2ddba3b93c,bbc2614c-4891-4b7d-81ca-a8f4014f4000,Clothing,1,290.5689713,290.5689713,04/03/2023,f0f2a037-c3d0-4cdc-a172-6c472669763b,Debit Card,Completed
05e7dd54-1a32-4e34-9d91-1648149f2f41,c3254bd0-9144-4831-bacb-b9d454f6d0f1,Books,3,98.98000258,296.9400077,18/01/2023,7fda2fee-9fee-4a48-a4e8-b76c714dd4c4,Debit Card,Refunded
97d689b9-4690-4689-9d9a-a9ad2920dd3b,66b799b7-2d3f-46c8-85cc-41f4bfb93879,Electronics,2,336.9854306,673.9708611,25/05/2023,7b546cef-029b-4bac-8da4-c4d97743b8e3,Credit Card,Pending
47a222ac-273b-466b-8d31-59bbc5c3f15d,9143b5a9-973b-4283-b61e-2a143aa4a1e8,Clothing,2,419.1831811,838.3663623,09/11/2023,73fe219e-42fa-4e37-8d4c-b25bc60f376c,Credit Card,Pending
4e6749d2-e4d0-4214-9930-89d41172c177,8d4320da-e11c-4407-8e00-27be81a37465,Books,5,186.0782618,930.3913092,29/08/2023,43eef102-167a-487f-87cf-49486af07f1c,Debit Card,Pending
bd17a000-f304-47b5-8302-49c8349dc926,e47604b4-c2ae-48e4-b1f2-28e3d359b441,Sports & Outdoors,1,47.69983006,47.69983006,10/11/2023,24512daf-d5de-45f0-bedf-b515057422dc,PayPal,Completed
966605b4-4b44-4d47-a928-13d83881255e,8943d0fa-4366-4b03-9895-5476a3d58830,Books,1,436.2368353,436.2368353,27/11/2023,4429b662-cfc5-4492-83a7-a007ed3cb872,Credit Card,Refunded
bacbab47-b979-4b78-b8e9-490a0ade6428,530e7d59-a850-4be6-9b37-0dc0d367bca3,Clothing,5,271.62002,1358.1001,07/07/2023,e2ddfb79-6dfb-47ad-bde4-4ccec1fd71da,Credit Card,Pending
84cbb5e8-c260-4946-96ad-d332cc05f146,107bffec-a37f-40ee-827f-7bfce620d69c,Books,3,431.001419,1293.004257,26/12/2023,0cb7152f-aeb9-4698-a69d-1b7a5ac92167,PayPal,Pending
024a0e5d-b63e-4a5f-a8e0-5ac1944cb596,aca1dfed-dd27-4687-b37b-32a089b7d61c,Electronics,1,241.8258128,241.8258128,18/06/2023,3e70e77a-2b17-40bf-b819-f1a99d207a89,Gift Card,Cancelled
2cc616d3-c150-4495-8241-3da56db82211,43e65dad-361a-4427-b493-3ff623a1ff49,Home & Kitchen,3,182.239246,546.717738,23/07/2023,7ecc9e10-2127-473c-941a-a33ab07b2ba6,PayPal,Refunded
256c47a6-c2fd-4adf-826e-24c5c573f44e,39cdde12-08d5-45c7-b0b3-0c5987e73c62,Electronics,5,278.5664459,1392.832229,06/03/2023,d988471a-51a0-47fe-b703-c5032fcc1515,Gift Card,Cancelled
8057123c-47f9-47e1-a3db-4839140c3e09,c9b13b1d-ee38-47df-807d-dadc108ed2ad,Beauty & Health,1,398.8469595,398.8469595,27/09/2023,2971937f-7950-48b7-a255-df2ecf8a93fe,Credit Card,Pending
ea6faa39-84f0-4bf4-ba1f-5bffa3b06e8b,fec1d908-14d0-4590-8f4c-8a2a46f64d43,Electronics,1,210.148756,210.148756,10/03/2023,10c0ab34-8654-429d-b8ab-2523f8edd61e,Credit Card,Completed
3f883df0-2fbc-4efc-9ec6-5617e33719fc,c736b314-6e16-4c01-91d2-aeb094152479,Books,2,71.68561406,143.3712281,04/02/2023,25568a29-7b71-4917-9dec-15ac8a21abf3,Debit Card,Cancelled
1e16fb72-eae4-47a9-8a06-c0a78beee141,a3fe98fd-a265-4927-824a-9d822b9f360b,Beauty & Health,5,158.917659,794.588295,30/04/2023,0f53be1e-d69b-4ec6-90ff-95996655228a,Debit Card,Cancelled
8089b023-53a0-45b7-99f7-80d2c0b213df,1f552af8-97bd-4fed-b763-ec6081c1ecb6,Sports & Outdoors,3,71.79359203,215.3807761,18/12/2023,1f7e28d7-798e-4a6d-9570-e95cb979e8ba,Credit Card,Cancelled
d53a8cf7-a0f5-4a2e-bd46-72e2d16a59c9,2ed14faf-78be-43bb-8906-e4c041eb0160,Sports & Outdoors,4,34.06182704,136.2473082,23/04/2023,9af61c0f-fb83-4a52-9e5f-dbd56260109c,Debit Card,Cancelled
ba913d93-98b1-4937-bb95-8cf188468094,3bdde493-d3c1-48b9-b128-a3211af3e166,Sports & Outdoors,2,81.37185838,162.7437168,08/07/2023,8a285dff-d4f2-413f-8b59-d4bebc614dd8,Credit Card,Pending
fb8f9b7e-5c9d-4bd7-b596-87170afe3e85,ccc3ca2b-d44b-4891-bd3c-380567daa00f,Home & Kitchen,3,277.4165574,832.2496721,23/01/2023,047180d5-8696-4a26-a51e-04611c5bf8a4,Credit Card,Pending
caf1d028-1b74-4398-9221-34a1dbd3d44d,b0e607bb-b7b5-45aa-833a-516f2deec1de,Electronics,4,439.7040206,1758.816082,07/05/2023,b539a50b-7a69-406c-94c1-1fdc2123f0f9,Debit Card,Refunded
cf2d937f-7131-4616-8ad8-dbe9b39010b8,1bc54af0-0a19-48b7-872b-9c20ee4570e4,Home & Kitchen,3,371.3899884,1114.169965,13/07/2023,c735219d-9706-40dc-92e3-23ffb6e31ad6,PayPal,Completed
c6b6b58c-5a6c-4960-95c9-edb98f23d1ae,2cec715f-618a-475c-91d3-3a0445abb2df,Beauty & Health,3,135.307742,405.923226,10/08/2023,52dc842b-97e2-44c4-91e7-986a3a88c7b3,Credit Card,Completed
459873f3-bc59-45e2-86e5-93b50a71c4dc,4efa0f55-12c7-492f-af69-654c43142a9f,Beauty & Health,3,104.5344976,313.6034928,29/05/2023,0e561d23-1bbd-43c8-97b4-04f103f3807e,Gift Card,Pending
afdc37d9-3825-434f-8c6c-405fb5b3be1a,85ffdf03-0480-4dfc-b3e2-e927b16787c9,Beauty & Health,1,40.87881435,40.87881435,12/04/2023,cbd9a55a-5c5e-4959-b776-2434103a924c,Credit Card,Pending
e57ed31e-58a5-4dee-a4c7-b404df9ca6c1,9044f747-149c-4f20-9561-7c08aff90195,Books,2,395.6334768,791.2669536,20/08/2023,a9a6e482-0c25-4604-aebf-688eadf62b85,Gift Card,Cancelled
e7e956fd-b68f-4afc-bc37-7625fcc260e2,63d37b61-26b9-43ac-9ce9-281d7fe34f07,Clothing,4,438.2621664,1753.048666,04/01/2023,7195cf34-6181-4cf7-8533-e04afd634728,Gift Card,Refunded
97f3feaf-a6a9-4a0e-9a70-8340009bb7cb,5a13e25b-118e-46b3-a561-0e1c801b2df8,Books,2,447.4439802,894.8879605,29/01/2023,202b33e0-4550-4cef-a8ab-c2c243689db5,Credit Card,Pending
8c5318d8-4561-44fe-ad5f-79ec5c8cf1b9,dfc36674-03a5-4784-88b0-5fdc1aee415a,Sports & Outdoors,4,188.9971549,755.9886195,16/05/2023,a055f4e5-4691-45ee-b419-8c7ad5bfbbef,Gift Card,Cancelled
ce37c4c5-dfdd-467c-b887-a1ae960f869e,4e9e25ed-98b0-4878-bc6f-57131c50dc02,Electronics,4,420.882768,1683.531072,04/09/2023,92299a24-0ce2-4d86-b5b6-ef4143072b3c,Credit Card,Refunded
eb6e20e4-df04-4a48-a232-7ec0c05dd193,9d3b7007-bdea-4973-b1ff-409686342950,Clothing,1,26.92483564,26.92483564,02/04/2023,0a2c23a9-6106-42b3-9090-4216c825bab8,Debit Card,Completed
ed4ebb99-bcc3-4c45-a5df-6b0e4d5c3c27,609f6e80-c19a-43ae-8c94-dc8008eb91b2,Books,2,490.9468438,981.8936876,10/04/2023,b03588a5-d816-4b6d-a6c8-c90faa56c988,Debit Card,Refunded
8ecf79e1-45f4-4ec7-94fc-fafd75dd797c,a59ff874-2cf6-4c76-acb9-ea1ba24c1466,Sports & Outdoors,5,44.19825941,220.9912971,09/02/2023,d4d46872-ef57-4511-904a-2b7558373597,Debit Card,Pending
48b20616-eb27-4b18-9b6a-7046280ee9d9,f59ee0d5-2387-4d2c-94c0-d195b7123786,Books,5,493.8145582,2469.072791,12/09/2023,59044a78-2b10-420b-b16f-80c75c70c68c,PayPal,Pending
dd67d3e1-1a93-429d-9ee5-063e51d5e5d2,9352c25d-d57b-47c9-b79e-db464f404e67,Sports & Outdoors,1,310.3692092,310.3692092,21/07/2023,7c3bb939-fd7b-4315-a926-11af81e0c6ee,PayPal,Completed
bf4de428-8c6e-4e66-b26b-424c93024597,8bf97fcc-002e-402e-806d-59c81dc23a9c,Electronics,2,150.0570188,300.1140375,21/08/2023,4c4f1415-ce6a-4a72-8cda-fad005e852ee,Credit Card,Completed
0632c4e3-7f05-427b-b97b-0359b5a475f2,c09be07c-da14-4dc2-8214-b42f213d2316,Clothing,3,131.8180731,395.4542193,31/01/2023,095a1c69-99cf-45d6-b892-e58784e2d2b8,Gift Card,Refunded
53f5a88d-eb03-4f6d-af3e-44a8c1bc6fa7,6958041b-f8eb-4c73-9f43-5a4355fd7db9,Clothing,3,30.13094304,90.39282913,25/04/2023,210d70ce-fae5-43f5-8b6e-b4d3aa4cfd7d,Debit Card,Cancelled
087b4017-6c45-498d-b7c8-da4622910593,25d1e6ff-9360-4c61-a2c0-57e79e99cfe9,Beauty & Health,3,157.2714997,471.8144991,07/06/2023,ed16822f-bd2b-4677-9edd-066cf0be7a4b,Gift Card,Completed
ae9c6709-90ba-442a-aabf-d0797bb27e43,3156532a-1a3c-4306-a382-76d6925b1c01,Sports & Outdoors,5,221.4526914,1107.263457,09/12/2023,66a3e6e9-8875-4746-9cd8-c18ef0c7b4ef,PayPal,Cancelled
95b89c79-77db-4c55-a661-807ae7ffe62a,30e65962-04d8-492f-bd68-3a2f6662d51e,Clothing,1,438.5275912,438.5275912,10/02/2023,349b046c-23e3-41f5-97d1-8e9c465735ba,Debit Card,Cancelled
442f2d54-8a97-4766-ac2f-e1b752ea00db,695924bb-40c4-467f-8b87-a372ab2d7e4e,Books,1,160.191068,160.191068,29/05/2023,c84aeff6-8255-4ab6-8b6e-d429cd514df0,Debit Card,Refunded
13850ac5-a327-4653-988c-dd252a4cb9b6,a13d4a77-ace7-4dfd-ab9f-4dd9e4b9e017,Home & Kitchen,1,123.8846472,123.8846472,23/04/2023,0ca8ffb4-f9a3-4f86-8c28-652b74a3774f,Debit Card,Completed
60479e2e-a00f-411d-ad48-9390e70909c0,1170f942-b0f9-468d-a696-426370a5218a,Sports & Outdoors,5,428.7690136,2143.845068,25/03/2023,86b164ee-db16-458b-839f-d99ad1554905,Gift Card,Completed
d0647eea-c1b1-488d-9bc0-8e8ed79811f4,cef094dc-17ce-401e-89d5-6fdb72a95d41,Home & Kitchen,1,316.3118873,316.3118873,24/06/2023,aebea034-d562-4b0f-94bd-0f1f0bebe44f,PayPal,Completed
1ee6a7e6-bd4c-4dc0-8674-2576f536f6a3,45e5a296-378e-4af9-8379-5ae8c717976e,Sports & Outdoors,4,142.4561764,569.8247057,22/01/2023,aa8039b5-82fb-4f86-a7ab-a0fcdfa7c64c,Gift Card,Completed
a36482fa-d893-4473-8781-bb1d3eb29b05,478ec14b-e919-4fb1-b262-4881db89ebec,Sports & Outdoors,4,406.6201073,1626.480429,12/12/2023,e6008105-6302-4ce3-ad16-44aad2d82c57,Credit Card,Completed
a27720c5-c970-4589-a921-626ebd860497,2defd482-ce83-4f68-8d6a-00bdebad1f82,Sports & Outdoors,5,445.8679262,2229.339631,18/08/2023,9bd4a54c-fc65-41b9-a47f-508281b22aea,Gift Card,Cancelled
94ba9f34-403d-4d70-beaa-a10b5d03878d,8c975c8c-f5a5-4482-b9c9-0312e7683177,Electronics,5,271.0551423,1355.275711,27/07/2023,21300123-2ff0-45c2-8878-70aef5b2a6eb,PayPal,Completed
d82268c6-77ce-4a8d-9583-cde18b6f1890,2da7e558-23d7-43c4-a211-b28fb633db70,Sports & Outdoors,5,190.0186949,950.0934743,07/09/2023,f5728666-53ac-4827-b7aa-69c5853213aa,Gift Card,Pending
49908739-ee2c-4c65-8e64-0d8d34e0fb4a,8e9e3a35-2006-4652-a9f6-b0542d0cdce1,Books,4,180.7191122,722.8764489,30/12/2023,b2ebac2a-3187-4a0e-bf11-7ddd678d31a3,PayPal,Pending
a06cfe71-4257-48ca-94ee-1dc8fe0a0671,1578c1dc-b5c6-4d2d-b9a3-ff94d05aae9c,Beauty & Health,5,425.1629471,2125.814736,30/12/2023,3a405fa0-f858-4d08-a7e0-4469fae789b4,Credit Card,Cancelled
3e718137-61ae-48a7-81c9-06f5e4d41c08,74763b1d-624f-4ab6-a3f9-f5df8f694ff5,Home & Kitchen,2,124.796919,249.593838,08/12/2023,e1c6902c-8d18-44f3-88c2-04ebe61a83d7,PayPal,Pending
ddba793f-a0a8-4e8d-9b04-daa4d324fcd8,6d191c5b-4bce-4db6-9fcb-eb552e85ba7a,Sports & Outdoors,4,224.5442197,898.1768787,09/06/2023,c76192bf-e2c5-47c3-946a-e348023559c0,Debit Card,Pending
f473cefb-a50d-459e-ba80-0c4214f3e906,c6bddc62-fa46-472e-80fd-ea508965a740,Books,4,443.5457996,1774.183198,18/08/2023,d4eca4f6-4526-469b-9152-75f0fb933593,Credit Card,Pending
185d0aae-c362-4d15-afa4-6d88c60b6977,ff0c56f4-d929-47e5-88af-cec3a8ffc99c,Books,4,258.1643,1032.6572,13/01/2023,eee56e24-78a8-43ac-bc38-63afda8b08cc,Credit Card,Refunded
383a38c7-c59b-45ba-aa41-52adbfb05b47,e514b47b-8a01-4d88-a4e8-281a190e644f,Home & Kitchen,1,324.5567971,324.5567971,30/09/2023,11601e66-8cf9-4246-8c4a-70ee9b770848,PayPal,Cancelled
09e7faf4-fe43-4b7b-9d6f-d0343c444968,25bbcbc3-7e48-468d-a7d4-0caba54b9cc3,Sports & Outdoors,5,282.6081053,1413.040526,31/07/2023,3d2a7293-c8cd-408d-a09a-fdd179f71f3e,Gift Card,Pending
782732f5-7b36-4b35-a7f8-76f8235db248,daf347f5-a83f-44a5-b4d6-8498261b0710,Clothing,2,199.9485266,399.8970533,08/05/2023,00f23c2f-a19f-4c92-90e7-7a135745f7d7,Debit Card,Refunded
123710b6-18cf-45d7-b7a9-0a13aa9eb994,6d0f03b7-7487-4837-aa9c-c6c7bb68f769,Clothing,4,323.9380573,1295.752229,20/01/2023,531e050c-3bbc-47c2-94f0-fe98e4c92308,Gift Card,Pending
9d959423-0996-40d7-a157-11b00b6d0f6b,bc8f4a64-6e35-4150-bf52-cc8b70e58592,Sports & Outdoors,5,467.259867,2336.299335,14/10/2023,1bf42993-cdd1-4511-9cc9-f343c2054a5d,PayPal,Completed
0d51c95c-5843-4e93-ab23-c6f32d5f0124,6b9edb69-b574-4447-8632-cb66c0e5ddb8,Home & Kitchen,2,298.6136365,597.227273,10/07/2023,31825d1d-fe44-4bb5-8941-c74a66e024c7,Debit Card,Cancelled
4d6d9d68-a049-4d15-b610-53f38fe0b5a9,ead4a839-5a14-4831-b2f1-07d6d2b427cb,Books,2,226.2712643,452.5425286,13/03/2023,69424d02-a608-4198-a712-30702037a76e,PayPal,Refunded
d4b4becb-9de5-47b4-b4e5-08e85aad7433,68e11f37-9d36-405d-aac8-c026e7862c7c,Beauty & Health,4,120.8779101,483.5116406,04/07/2023,2ce5489b-f36e-43fc-b150-0301b87915c6,PayPal,Refunded
b50e1466-c255-419e-9bdd-f2abd8f74e38,35c7a9da-4c2b-481d-919c-0115d31db350,Clothing,1,48.69204701,48.69204701,31/03/2023,4fbc48fc-35dd-4f7a-868c-a0633e42f4d2,Gift Card,Refunded
5d8a0cda-d58b-4f90-b856-cc6f881a6647,9c1237fe-65e2-468c-a348-8c77b0ca6897,Books,3,46.81421689,140.4426507,03/05/2023,1f1605a2-d74b-4bd5-ba87-5e4fdbd99cdd,Credit Card,Completed
09aafabd-73f7-492c-8f6d-2f0e53a30d9d,68d4a8ce-50f8-4eeb-a4be-1a6c10878eed,Beauty & Health,1,263.3659812,263.3659812,11/03/2023,6e30861c-0f45-499f-8c12-a3c8b9738623,Gift Card,Pending
a51c869c-27f1-4514-9371-7b2ba450ff26,0150b6d5-3a17-4ce4-84ca-9586c3423738,Electronics,1,458.2416819,458.2416819,02/08/2023,5fda6084-3edc-4df4-89b8-cca927d6da16,Gift Card,Pending
1107f017-66c1-4a77-8dd4-ec2dc32ecf94,858fc9f7-2789-4d4c-8acc-014a802436de,Beauty & Health,1,168.4914698,168.4914698,28/02/2023,65ab9d11-0147-4cef-b3ba-eba538283c25,Gift Card,Refunded
40aadecc-6114-48cd-a90a-186508316601,07be2cad-deba-48f1-bcde-e2ae68edc312,Books,1,253.0245977,253.0245977,21/10/2023,493faef7-4bf1-46fc-aa05-477e52c4b009,PayPal,Cancelled
2ae7175e-61ee-4f03-b049-d7008a01ce79,b0f71a50-08a5-4a99-a6b3-4add0145eed8,Clothing,3,257.6678177,773.0034531,22/05/2023,3c6538b9-8e53-405e-94e9-4ce593eb5f16,Debit Card,Cancelled
dc025b93-3b3b-47eb-8dc6-89c5077393ab,2b6ef69a-046e-4a1f-b1b0-e048f32f82cf,Books,5,479.3783983,2396.891991,28/10/2023,1dc6e735-3469-40aa-981e-01fa40199c87,Gift Card,Completed
2ce1d6f1-a2cf-42a8-8633-ecc90f9bb29e,63ad64f7-270f-4ed6-805f-bab138e6820e,Sports & Outdoors,2,285.7250949,571.4501897,07/01/2023,77ab2fb7-52c6-42b4-a011-20c442ae8fc6,Gift Card,Cancelled
2cd7839f-3667-466d-a14c-c06a2b1ce403,6fb407e4-75ca-43b6-ba7c-7678f5b27176,Books,1,193.1102085,193.1102085,04/12/2023,516bac1c-3a7a-437b-94af-687e20f28bfb,Gift Card,Refunded
f0af4312-0629-422a-8b3a-ec3ed91a8c82,76e9231c-6f61-46dd-af8c-4d1a1fc05820,Home & Kitchen,1,363.9567641,363.9567641,09/12/2023,482740cb-c196-48b6-a85b-1f47d2a26789,Credit Card,Completed
0355be3d-96c3-4773-a617-a06a018d6511,9a5ee8c3-0c8b-48a9-8e32-ba8298a4708b,Sports & Outdoors,5,452.3301577,2261.650789,01/01/2023,0c70d15e-ae2b-4626-80f9-b75c4f9d3d95,Credit Card,Pending
e9f1eb6c-8d42-4c4a-acbd-9daecedf6133,790a44a0-a6f3-492f-a61f-c3f6b36fdbe3,Clothing,4,36.33973075,145.358923,02/06/2023,6bf2a170-bfd7-40fa-a131-cc555c8bbe61,Gift Card,Refunded
1b2a70e0-72ad-407e-9798-6974b9b317f9,8d0afd38-813b-4865-b83a-9467fd78765b,Clothing,4,476.7046228,1906.818491,12/11/2023,578608f2-e564-4fb6-b72b-07b026a7431a,Gift Card,Cancelled
e1f38139-741f-4a36-95ea-a5b8e2b72e89,59eeac79-5cc4-4e06-982e-0bd5af2cdcb1,Clothing,4,15.97893326,63.91573304,23/01/2023,b8a1a12e-ac67-4273-8509-3fe46e905103,Debit Card,Pending
ca175051-0515-4e23-8c54-bc3c83720ed7,e55da9b5-905b-4efe-9fe1-f5040974eee9,Sports & Outdoors,1,398.6672923,398.6672923,19/12/2023,35c28587-bd1b-455d-8d37-4735261e1982,Credit Card,Refunded
cabd71d7-d754-4672-9c82-e4f0b5efa994,5eadcd94-b2d6-44f9-ae08-d527cf4cb3c1,Books,2,484.5154881,969.0309762,07/01/2023,96c5d267-4531-4700-885c-e4969a60763c,Debit Card,Completed
7deb2417-dcc6-42a6-9578-5d158b0707f8,0c84b9b5-095b-4b7f-b9c4-4fa6e1548f3b,Beauty & Health,1,481.388901,481.388901,24/08/2023,8582d23a-fa05-4f04-9c11-5888057858fc,Credit Card,Refunded
4524c0b3-8e4b-4de2-abca-c1f23665326e,72f23a35-e563-42fa-9053-7040c58d7dc3,Books,4,337.792217,1351.168868,20/04/2023,485721a8-c0b3-4b9f-913b-9a906544199d,PayPal,Cancelled
76f833ed-4979-4b9e-a0a1-d5d9c3be59cf,81c4cffd-ca71-44a4-b7f1-8a46c55ac7ff,Home & Kitchen,4,105.718175,422.8727,28/03/2023,78bcc8ab-7729-49c4-80cb-c9c23462348f,PayPal,Refunded
25c34eef-103b-461f-a898-cec038fd066d,f7a1b7c7-83ae-4911-8549-65c379aed25d,Beauty & Health,1,293.1472621,293.1472621,11/02/2023,19ffcf2e-e1a8-4027-9ae4-9b955beee52f,Credit Card,Pending
ba536cb0-2e3f-45c5-bdc0-ce093b753446,e3479c66-72d5-4c17-ad82-62138050950c,Electronics,5,97.86791528,489.3395764,14/10/2023,cf7481b5-d1bc-4ba3-a229-9a2a05a58fa2,Gift Card,Cancelled
53957016-d723-444f-939b-3b1b87fd5a42,3d6b8a72-6ff6-4b31-bee8-ec19109dc383,Sports & Outdoors,3,140.3125982,420.9377945,03/02/2023,86f54ec0-51ad-488b-ac0c-6aecc3d8b242,Gift Card,Completed
d0e19050-b5ff-4014-b1c6-b1015d91979e,c8f94cdb-e12d-42c6-9cb8-4f9b7c8ce4f3,Electronics,1,157.3403187,157.3403187,25/05/2023,ed02a289-4eda-4087-b857-7b1656830ad1,Debit Card,Pending
1d653f9c-82c5-4069-bff8-852bb4f33d11,aa3d97f7-bc07-4eee-95c3-864c39136c41,Sports & Outdoors,4,499.7315786,1998.926314,20/06/2023,07f5b2e0-27d2-42da-9628-54514109ade5,Gift Card,Completed
034fbef0-113b-4b91-bdde-1b99df1d92a6,788c77b8-66d7-44f7-b578-dc8ab6e49cc1,Sports & Outdoors,3,108.305184,324.9155519,23/07/2023,b76454f5-5b4f-493c-9e3a-f3e29961d9ca,Gift Card,Pending
ee084061-5bbf-4b38-8b24-8fa22a2fb6e5,a1df9ec4-c5d4-4a31-9de0-74605d087c44,Beauty & Health,2,169.6751129,339.3502257,19/01/2023,fdbbb781-3030-4d34-907b-20702b8b147b,PayPal,Refunded
fa242b35-fac4-4caf-b423-c611bfa31246,cf8d8828-2a56-41bf-8621-cc19fcd67241,Home & Kitchen,2,435.2543354,870.5086708,06/02/2023,267c5df1-b358-416b-b298-e4ce5f714840,PayPal,Cancelled
6ddfc5e7-cd74-42bc-91f5-ead149b1bb6d,1d003f50-5b0b-44a6-9b07-250032d51ba8,Electronics,1,239.8989751,239.8989751,27/09/2023,6af79209-5f73-4ef6-bf97-0a8f6d65cbb8,PayPal,Pending
8f6fd709-5167-408f-beaa-1e2bb4aa3384,53be04d5-046e-498b-bbe5-cc12998bd492,Sports & Outdoors,5,65.57508414,327.8754207,02/04/2023,6f9a4e46-6d16-4b3c-b649-05d9de286d22,PayPal,Pending
dedee1c9-760b-4831-9eae-bea5cab55a08,2207aa00-90d4-477d-9d69-46b325205e59,Home & Kitchen,5,282.9933677,1414.966838,14/01/2023,7513d741-406b-4997-8fac-b2798e7a72e5,PayPal,Refunded
8dc8d712-0d27-4c86-8a3d-b9d3c1dc0f5e,903767e6-1dc5-469c-a7d9-e8fcd1b7ba7f,Home & Kitchen,4,278.0329074,1112.13163,05/06/2023,9a330990-54f2-4c91-a8ad-fd03d55160b3,Gift Card,Cancelled
2d54ba65-6b66-454a-a1f0-b5d04a1f27aa,87504034-26c5-4932-92e2-0a6cdf2cafbc,Sports & Outdoors,5,31.07073262,155.3536631,05/01/2023,b7ef27a8-cf88-4ab5-aebd-1ae2a3ec66d0,Gift Card,Completed
56673976-3875-42b7-9f42-e821662746b7,a8d2d101-25ca-460e-a5c7-5f4b76cdb8f6,Beauty & Health,4,23.00774572,92.0309829,08/07/2023,49ab7e75-776b-4b5f-9f94-951309ac788f,Credit Card,Cancelled
6e5c8d6d-fb48-449e-9b16-b0010104921f,84582523-3e8d-4a5c-9492-28f7815cd4e7,Clothing,2,361.4801465,722.9602931,25/08/2023,9bdbca62-e35e-486b-bef5-523e6cd0ec32,Debit Card,Cancelled
2015b7aa-8408-4256-a77e-399b07de82fd,8f4257b7-71c4-45f2-8f05-f5e932c36f6f,Books,5,470.7648877,2353.824438,24/05/2023,ba0fd29c-81bc-4f6c-959e-513287d416fa,Credit Card,Refunded
96c39fc8-07c7-4658-839f-de0fe930c85e,f6fdbd57-ddea-4f33-b474-b5487e2ab8ed,Books,3,411.5528297,1234.658489,14/11/2023,9897617e-7f41-41fd-a98a-c17884015bd4,Gift Card,Completed
63864776-e3d6-47e8-afe6-d6ff520efeca,89bbd718-388f-43f2-a099-07152129b9db,Books,3,345.5492322,1036.647697,04/12/2023,a52df29b-cc00-41a0-aa6e-464ec7b069ac,Gift Card,Refunded
8a0b0233-c19a-4492-baa1-a056139ce31c,3b396630-b47d-4ada-849c-64f6042f36ac,Clothing,2,271.4456415,542.8912831,02/09/2023,8889bf00-615d-4a9b-81bc-33dfd2d09d41,PayPal,Refunded
2bce7e49-011a-4125-9850-d0a34401ed5f,5c245e1b-6b55-423b-bb57-8f48ea8a1684,Books,2,184.5088905,369.017781,21/10/2023,35024805-1854-4e95-8a4e-1b985822e1ac,Gift Card,Cancelled
b538d2c8-a721-4479-b6ce-37d681d2b6c7,311eebe4-3e63-4d66-8673-196ccfc3011a,Electronics,4,89.04574202,356.1829681,10/05/2023,3c4934e7-12bf-42e0-b92d-9f1d35337508,PayPal,Refunded
f39b776f-20c6-4faa-8d26-305da03a4881,b9c17122-9465-43b6-841d-8a60a8de1607,Beauty & Health,2,321.9373813,643.8747626,08/03/2023,5f1e6da0-933c-43c1-8099-b7ff5852e51b,Credit Card,Cancelled
ca0a6f9e-649e-4835-80e9-4b36046950d2,c295d7af-b62b-4180-bbc9-0560a73a48c5,Clothing,1,402.2429875,402.2429875,03/12/2023,a4d65d6b-d5ea-405c-b112-7d55885f26c6,Debit Card,Refunded
6a2b14d7-d265-4640-8fff-24818db57781,9410cb5d-affc-4fdc-a7d2-490c9c164a4d,Clothing,1,237.5112832,237.5112832,21/02/2023,89b5b599-7e25-4653-a4d5-7558dd91b5e6,Debit Card,Refunded
a0faa940-4af2-47bb-8eec-d6439c6e77e2,9a7d4b07-d1f6-43b0-a77a-9e5129937669,Clothing,5,310.1393045,1550.696523,23/10/2023,f8099d10-2d9b-42d5-9888-303869babafc,PayPal,Pending
dbb6162a-f568-4bbf-8bd9-c8dd677226c0,aea0c550-b693-4301-ba10-a9c68ad8e3c8,Books,3,161.776335,485.3290049,16/11/2023,e542dc71-3f07-48cb-881b-d7e182e33bed,Credit Card,Refunded
fa24d136-1780-4b22-9f64-6672248c8439,87355b9b-8574-4272-af93-1f1b77c9ddf5,Home & Kitchen,4,206.6005751,826.4023006,16/03/2023,c79d68f6-814c-4bbd-a222-020f9d3950b3,Gift Card,Cancelled
9a371189-5c87-4a25-b69a-1cb5b9052f51,0f4f52af-3338-45a4-8685-a4ce6cecb383,Books,4,282.7641795,1131.056718,22/04/2023,29bd2b50-7b98-4e77-a59e-859b327bc86f,Credit Card,Completed
84bb57cb-22cc-4442-aaf7-46fb82a2d49b,be05fd47-04af-473b-8edc-fe4047a1f76c,Home & Kitchen,5,439.1990807,2195.995404,21/07/2023,b8532a01-952b-4edd-83f7-02f61609e3b1,Gift Card,Completed
b940cfc1-9c4c-4469-99c8-4f40f5d156a7,b5c2ca3d-4f96-456a-b908-5d07f2b218b0,Books,3,387.4469461,1162.340838,23/08/2023,9e1867c7-a8c8-4080-8ec7-646752e7d66f,Credit Card,Cancelled
95acfb4a-c39f-4a17-a75a-c55ae47a88b9,e3b0c27a-a344-437c-a4d8-228144eb1d05,Clothing,5,102.7478204,513.7391019,04/04/2023,15fa7056-38d1-4b48-bb07-caa8a69bb754,Gift Card,Cancelled
9842f1e9-bd55-4216-8d32-30b08839b443,27717b52-c271-423b-95ca-6a79e416b2d2,Clothing,3,405.8310257,1217.493077,15/11/2023,fe4028a5-92f5-47bf-a04b-0a5f1d95898b,Debit Card,Cancelled
aa0e09cd-627b-41a3-af07-1f2eea0edf15,717f4b9a-0666-4570-b610-22b3604d3810,Books,4,434.8847437,1739.538975,09/12/2023,e11e6d30-dc33-425a-a384-9e227f5d6088,Credit Card,Refunded
b31f262c-b42f-4a2d-9a63-552dd75e03e7,63d1c76e-eb32-4f4d-9f5c-bd9b99a8bde2,Beauty & Health,3,24.10302702,72.30908105,30/01/2023,c1984296-e516-486b-a99f-2951f7c81ccf,Debit Card,Cancelled
271b9e7f-9988-452f-aac0-e205e4ef8a55,710517f8-47fb-456d-90bf-0d86681d4807,Beauty & Health,4,111.7957172,447.1828687,19/10/2023,83fb603c-bc01-49d7-8f4d-a877f891ce5e,PayPal,Completed
b433f19f-cf9c-4ffb-a49a-f5b25f580305,50a58a85-c6c2-4f11-abde-86873e84e0ae,Sports & Outdoors,1,246.6602271,246.6602271,17/12/2023,0076e03b-ad31-4e67-a56f-be97b6925d54,Debit Card,Completed
3c56a02f-fef0-4f80-9e58-fde1a03adea4,ee628646-83f3-44c0-909d-f768174c8a15,Clothing,3,274.5717793,823.7153378,18/12/2023,f4129cf0-2293-48c0-affb-17c814c497c8,Gift Card,Refunded
e9ec5c41-679d-47a5-8da7-0a90da627dfc,f7aeea42-64bb-42b8-b1d7-91dfef6d5c86,Home & Kitchen,4,34.29094629,137.1637852,28/07/2023,bf80ecca-f580-421e-b22a-690f655e1c91,Debit Card,Cancelled
7332c7ee-125e-471e-a9c6-31e76f02747e,1de3e163-d0c6-4f55-b339-6c78ea1db3ab,Sports & Outdoors,4,290.0288378,1160.115351,24/06/2023,5896746d-c608-4717-b085-8dc4344dc537,PayPal,Cancelled
406829bb-6e50-43d2-9927-6e2a4225b7ff,3ca26425-1e9c-4b2d-92c7-12cd5d078dea,Clothing,5,167.2482799,836.2413996,22/09/2023,825bc4a5-8d84-4cff-8912-5b9a0b87fd09,Credit Card,Pending
9ac5a413-1bf1-43d1-98c8-7d2dff94bb13,16b6c054-ed9f-4a72-94c0-d01c347e87e2,Books,3,163.2481965,489.7445894,31/01/2023,d3ec2351-19c1-4530-bdd6-e2392fab0053,Gift Card,Cancelled
75aa8ba5-e524-4dc9-bbb5-9a4c8bfefce6,0e70c227-f255-45db-b7ca-9ad3708c3202,Books,4,285.30188,1141.20752,01/01/2023,b4ab15a4-dd88-4e9f-a574-33c965ca8389,Credit Card,Cancelled
5447f6f8-2ff2-467d-91fe-e23f01ec4c7d,7ed709ae-de88-4a61-87d8-c75e502063cc,Sports & Outdoors,4,143.5755514,574.3022057,23/05/2023,2ffcb53f-d8d1-4d68-b49f-591d0e64811c,Credit Card,Pending
1a3eac1a-1ed5-44f6-b7e4-cc165cb39aaa,f2a5c2cb-dbed-4949-9dee-d8fad61f4246,Books,5,181.4499906,907.2499529,23/10/2023,d1bc8331-0ede-4c4d-920d-e2e6fa0366e2,PayPal,Completed
c14493fa-75e5-447f-9b37-8b25ea8f2388,0b54bde1-5dc7-4c78-9191-0b0137b973d4,Sports & Outdoors,5,44.86424002,224.3212001,22/06/2023,bb65af00-84b7-4d83-bd98-4362d730cb2e,PayPal,Cancelled
54e145b4-6c61-4732-8646-b130ffc66493,3003072d-63d1-4456-831b-873cf9345fc6,Clothing,5,372.0004175,1860.002087,22/04/2023,c9d7b177-4c88-407a-8128-2c5aafee7588,Credit Card,Refunded
0f068c44-67e2-4657-bd8b-b0f754bf5cdd,b8df131c-fb52-4229-999a-3b1e556deb5b,Books,3,259.9548107,779.8644321,27/01/2023,e5562fea-ee11-49f1-8471-05b81a6124b7,PayPal,Refunded
e58b51f5-9882-41e6-aaaa-25214578a785,3e0815ba-c7f3-43cb-be87-218c96212c01,Electronics,2,14.84556469,29.69112939,20/04/2023,9d704271-ef75-4673-9b40-dc8a7ff0abcb,Debit Card,Cancelled
feef8a67-6602-45ad-b428-cb2aad9a9af5,0ffec07b-8ff3-446e-8f7e-4076db88e6fc,Clothing,1,173.248507,173.248507,06/07/2023,f3f2a6ce-6437-4727-9141-c4c4676ec844,PayPal,Cancelled
fab7e5ec-6355-474b-bc8e-6791d33b21ee,69da159c-39e5-4ca5-afcc-61c3d3d88723,Clothing,5,447.2771937,2236.385969,08/09/2023,716c482d-e2cf-40b6-b8d2-0aca792c1ce4,Credit Card,Pending
42f2153b-6e0b-4d4f-bbe6-20827b6508a5,a7069649-2d3f-4f8c-adad-81d42fe91e92,Beauty & Health,1,468.9310528,468.9310528,21/01/2023,0dd44f3a-4a51-4476-bfd5-e8a7d409c5a0,Debit Card,Refunded
e7e7bfa7-7ab3-4b42-8372-6848c0d67b2b,4c833574-f209-48c8-8acd-940f6eb493c7,Sports & Outdoors,5,97.18501404,485.9250702,13/02/2023,976e8342-66de-43cb-befe-816eccf0c04e,Debit Card,Cancelled
8d1f061d-ec9c-428a-8e11-f4a392f9e1b1,2dba26b9-5e72-44d1-810b-8dbe3f5bc6db,Sports & Outdoors,4,415.0171891,1660.068756,25/06/2023,703b36ed-9b56-4184-9ff1-73b495c601d1,PayPal,Cancelled
6f8e8226-4234-4a6f-a1fa-01df9904e208,9d96d5f3-b3fc-4d94-b7c1-39b215b87cbe,Books,1,143.8855425,143.8855425,17/01/2023,6199fc2b-caf6-4602-a9c4-d240bed69008,PayPal,Completed
a9549ac1-9c8d-4509-8ef4-86a2676fd2b8,d56329f2-8527-4038-bf80-28273a657eb1,Electronics,5,128.2087635,641.0438176,27/09/2023,2d31d452-1894-49b4-8bc5-71aa5f18e93d,Gift Card,Pending
0f0c85ed-3d99-4f21-b75a-a6d61215f44a,d41b5407-d92d-4da7-9ad9-53c549611544,Electronics,2,115.2743211,230.5486422,30/01/2023,d182de52-828e-48ba-b542-c8ecd010d273,Credit Card,Pending
15fa2728-217d-4347-a8c3-f01e7d545e86,c00e779f-7909-4e1e-9669-4f3b5e04ebfc,Home & Kitchen,5,209.2853418,1046.426709,24/04/2023,df2b27cd-c447-4ef5-84b2-024538423fb8,Debit Card,Completed
bddc77ae-16f0-4c06-8e83-df4f79d83617,3f2489ed-f64c-4ecc-8d57-4610b9885b3e,Beauty & Health,1,102.2605183,102.2605183,26/04/2023,ae4e9e1b-2e3f-4c51-9054-64b70a21e85b,Gift Card,Cancelled
32473770-2e81-4279-9dc7-59555dc75967,767bbc33-9b1e-4f1a-906d-3c33a1b48ed4,Beauty & Health,3,150.3144036,450.9432107,22/04/2023,dcbe448e-1ada-4a7b-be98-e4a44c790c3e,Gift Card,Cancelled
a28ad9e5-ab7d-4aea-9c79-7bf57c7fc5cc,0ea31796-3ead-423e-9146-2051e85190f9,Beauty & Health,1,43.71143504,43.71143504,15/03/2023,82144a5c-f014-4d51-ac62-2bc6e037543c,Gift Card,Refunded
9dfbe791-ef54-431b-9c09-a67b9ed3a80a,b4f792bf-b769-4120-8341-61ac83e9467b,Sports & Outdoors,1,215.3522718,215.3522718,05/12/2023,c9425881-fbd0-4a69-8edb-1e5e1077d4bc,Gift Card,Pending
62f67f48-803c-4d0f-9e84-35cbd403b3c0,a752ae05-17c4-4777-acbe-0bedb6ede7ef,Electronics,4,152.1922348,608.7689392,11/05/2023,cd4dd68e-4006-4958-9e79-5df7217625cb,PayPal,Pending
8a1ccfc7-c733-48af-8b0c-3f99ebc70350,94f22923-be26-40eb-8b00-b19f7efdc5c3,Books,1,481.2907066,481.2907066,08/02/2023,cbec894d-fa96-4db9-8c68-896654181a63,Debit Card,Cancelled
a71b413c-fb07-4a13-be0a-4dea0391e0eb,7f7ec747-a9b7-4c6c-9b8b-c1143d9a6d4f,Books,4,443.6565668,1774.626267,27/04/2023,0ac77f4c-266c-4f85-987d-472775f6caed,PayPal,Pending
9ad536c5-c3f0-41a1-ab24-95eacc3a6130,41c5949e-c18b-43bf-8f44-8abbff4a4f0b,Sports & Outdoors,4,435.3564236,1741.425694,19/11/2023,aae4541d-3461-4aba-922b-26b988f82281,Credit Card,Refunded
d93a6bac-23de-48c5-9405-49322dbca742,9c940178-7d8e-47db-8b00-2483ff3a7062,Home & Kitchen,2,101.0595756,202.1191513,19/01/2023,c997d811-5d44-4221-a39a-35d82a798f88,Gift Card,Completed
4f8b4c33-daf9-49d4-ab1d-69270227a029,9d767c20-2a31-4fee-a6d0-f4bcf1bf9522,Beauty & Health,4,204.2417833,816.9671333,09/05/2023,22026d5f-338d-4fcd-986f-66eb5c403b4b,Debit Card,Cancelled
8b8bc39a-2d39-4dcc-9e33-070b48891869,dedd9c6f-489e-4250-8f6b-6049d0cca48e,Books,3,211.6978995,635.0936986,04/06/2023,fbd7565c-f112-4db9-8eb3-9ac798941492,Credit Card,Completed
32ab4045-a778-43a3-b6a1-a4eb3acb8174,ba03a445-dabc-4131-b53d-36bed75ec3c4,Sports & Outdoors,3,450.8515847,1352.554754,17/02/2023,41c8436a-f974-480f-b1c3-4f6a267ee925,Credit Card,Completed
457198bc-e959-4093-82d0-f1fe28ee0343,d65c2c5c-532e-4c78-ad71-e07e1ab7574b,Electronics,2,29.54745164,59.09490328,27/07/2023,ef445ff2-7544-48f6-8cfe-d9c4d055d86d,Credit Card,Refunded
d7426fa9-b846-4457-ae64-44440e75b1f6,849fdbef-1378-4b75-b9a9-ddcb65bfc97b,Books,5,364.9555757,1824.777878,28/07/2023,e09636c5-8adf-4776-9649-47889f8b11a2,Credit Card,Pending
fd4a3c85-0414-4282-a66e-cd0e6afb7e4b,efc1d8cb-8b61-4a4f-8e04-087284bacc15,Electronics,5,32.76549231,163.8274616,25/07/2023,25b65ff4-28a4-4661-b3c1-e2a8bb93fba0,PayPal,Pending
73a9c4cf-1851-4192-9e3d-82bcb899febc,4d4bd484-acc9-42b5-bd28-82de4dd17207,Sports & Outdoors,3,108.0474435,324.1423304,21/08/2023,3c8bf5c6-9e9a-4351-b7ef-aeea343f6015,PayPal,Pending
768c7f93-08b4-4274-8e8d-dbcd0be2d36d,5cd0f188-20d5-4fb6-bdcb-c9dd99f5bdc9,Home & Kitchen,3,314.6306446,943.8919339,03/06/2023,6d093369-9475-4ef0-a37b-f548fc8dd3d4,Credit Card,Cancelled
dfa3b5f8-a609-416b-bc22-a346d53d6ac9,230cadd5-cd29-414e-be6d-67bbd8dc7744,Home & Kitchen,4,31.44194958,125.7677983,12/03/2023,8d3024a0-b9ab-4ebe-b435-f34e41d8544b,Gift Card,Completed
9f026850-2c70-4b24-b2dc-ffca4d6eda03,b84d2b33-5828-42fa-a39f-c26a3a245054,Books,4,421.7330249,1686.9321,25/04/2023,51c4dd65-1a73-4528-840b-ce8bad447a07,Credit Card,Pending
33c2e6ea-68db-4a99-8970-c0a557f1c7ef,58b75d7e-f1ab-4dcb-82a9-ac1a8dbcb964,Clothing,1,117.8548861,117.8548861,09/11/2023,12f91026-ba26-4e08-af93-396a1f5448fa,PayPal,Cancelled
753a5381-8e75-49df-a2ab-2e08c4d64f8d,4e002103-212d-429a-bb73-045ae9053148,Books,5,71.14846117,355.7423059,07/01/2023,75c010e7-c4bf-485e-af91-0c2c7a446ea0,Credit Card,Cancelled
d1d45f5b-c858-4c07-b3e7-732d9b2cd77c,cb96b86a-a7f9-4022-905e-e9d59d62b4e7,Clothing,3,446.0748631,1338.224589,27/06/2023,a1556363-57d4-47e4-ad76-3b37f007f515,Debit Card,Cancelled
001ecb93-bb69-44b7-9323-fecdd7072db8,2949f182-e55a-4623-bc00-ea8654ed0a79,Home & Kitchen,1,139.3312134,139.3312134,28/07/2023,f1213918-8d56-4192-8408-6997658b47f4,PayPal,Pending
e7abf4b5-a21a-4d41-816c-3f6387249400,8a8905a4-498e-4818-901f-818935871698,Home & Kitchen,2,117.9222691,235.8445382,07/10/2023,a251f01c-03f1-426b-87e3-05e3cf52e878,PayPal,Pending
4821df7a-5237-480c-83ce-99e4e8b64f6e,e2a6e327-2bb2-4415-9314-31205d1229b0,Electronics,3,132.6427885,397.9283656,15/10/2023,a1f20c29-a47f-4780-8703-ae4c78e6522e,PayPal,Pending
77af0154-7bef-4151-944e-f8b981b3f00b,bb6d0ab2-47e9-41a9-9336-2e5aee80b44d,Home & Kitchen,3,95.57191897,286.7157569,09/04/2023,7f8062f1-d135-4e6d-bdbe-f38683c146f5,Credit Card,Refunded
4d19a6fd-17f7-4778-9fb7-c598649717b1,d961c810-0914-4e6d-9c6d-591cf7f43e9b,Clothing,5,489.4867428,2447.433714,06/03/2023,8fe14dd7-63d1-408a-a6f4-9a57599f8432,PayPal,Refunded
904cdb7e-2afc-477a-88f3-0699576fca5f,4c078931-e30d-4175-90ba-4bebf95f624f,Sports & Outdoors,2,301.3909805,602.781961,30/04/2023,4a937055-ba4a-46d4-9598-773d07187f59,Gift Card,Cancelled
8d79a7d7-b571-4a71-bb1f-a3beee0e59b0,18b957ab-624f-4dea-b730-3a2e5a55afbb,Home & Kitchen,4,239.20782,956.8312799,13/01/2023,b2807395-fc7d-4af1-a3cf-32ca636db430,Debit Card,Refunded
b5d214c9-6d82-4d84-b47b-4e33f84c7f8e,b7a8fbe0-2dee-4c76-8d28-e0fde2016ace,Electronics,1,179.1424401,179.1424401,21/04/2023,e59c7d41-a0ca-407a-a34f-87853599c596,Credit Card,Cancelled
357fed0b-d7f3-46d3-a73e-d5f5e76bdbd3,810411ca-8742-4d43-ba77-e613fe744e54,Home & Kitchen,5,71.8201617,359.1008085,03/01/2023,cda4bc8d-f495-42e7-a81b-2b4869e5cb85,PayPal,Refunded
41dda2bb-66b4-4b50-b79b-3774720c487b,6aa476a4-7f25-4824-b1cd-7e97c9c1ac7c,Sports & Outdoors,1,288.2527024,288.2527024,09/09/2023,c8dffcee-5f47-4b41-b0b4-08b8a4cc4853,Debit Card,Pending
f2042a7b-d37f-4472-a545-79ff4d8e494b,02dd4594-19d8-4f2a-8aea-255af6078d3c,Clothing,5,406.4584398,2032.292199,06/03/2023,359d33cd-4c2e-44fe-bedf-4500cfed3a63,Credit Card,Completed
6a00af64-0bbe-4160-9d2c-d00168e543ae,65862137-aadc-4e41-81b1-844905627a39,Beauty & Health,2,245.9748425,491.949685,28/01/2023,78ee409a-dd6d-40e6-95a5-d72b948242ca,Debit Card,Pending
480763ae-38bf-429a-b43a-872b446428db,907ecef1-6f99-48f6-aaed-fdf99459ebf5,Sports & Outdoors,4,209.3776488,837.5105952,02/05/2023,17ea7edd-f742-49ed-af07-3d797d89fd1c,PayPal,Cancelled
cc4df099-fcbe-44ce-a865-39963c394266,2761f9fa-bb1f-46c7-8310-ffc4ac0d1b73,Electronics,2,32.15020137,64.30040273,19/05/2023,e9fbfbfd-228f-43dd-9a0a-d9861423ef38,Credit Card,Cancelled
68886401-7cb7-479a-a324-c729b4f87360,fbf32b7c-2bff-46bd-9978-417d5f386c3e,Beauty & Health,1,229.0322094,229.0322094,03/01/2023,4fcbfd29-8b96-48ce-99ff-f25cbe2704c9,Credit Card,Pending
8a82e3d6-b926-4d24-881b-9cbeed046655,11e8c067-17f2-4f11-b2b9-fb365b739f05,Clothing,3,178.4593407,535.3780221,17/12/2023,8c73564c-b8b7-4d10-9e2c-fc914a907bb0,PayPal,Refunded
0303716b-5ccd-486a-90c1-0dfeb84c1894,c1101e93-cf00-4a6b-86bc-a61ed6c49e81,Beauty & Health,4,51.29090579,205.1636232,02/03/2023,924bbe7f-184a-4ca5-a820-a4bd4d2b3eff,PayPal,Pending
101069d9-c547-43c2-92dc-c3f63ea2affe,149632e5-f18d-4c7a-9af3-a4e07aa0f2dc,Books,5,83.81936208,419.0968104,09/09/2023,cc15b783-78e9-4248-951f-d3e154d1c0b7,PayPal,Pending
8980c1da-6c8d-494b-ba1a-e60265d3cbf9,95a12acc-b504-4b18-bdc4-7535b2908352,Books,2,495.3822813,990.7645626,13/05/2023,57b6d5ed-cac9-4dcc-929c-eb1abc73e037,Gift Card,Completed
b269ccd8-c989-4a3d-be6b-5be0c0f6a5fb,77e2fbb9-b063-44d4-9454-b15e0cdc5944,Home & Kitchen,1,136.2857206,136.2857206,14/06/2023,9c4b083f-bff0-497a-96cc-06470809d1c5,Credit Card,Pending
742a173e-660e-401e-a43d-5be29c44ba65,2adfa6c0-eb14-4996-b6aa-1b0a00c72be9,Beauty & Health,3,189.6545478,568.9636433,02/01/2023,04b76867-87e8-42a4-bfbf-5f6642355d3b,Gift Card,Refunded
67ab4a91-15cb-47ee-a1ad-23bcefeac1fd,031bb497-12d0-4ff8-82bf-c91f128cbd9b,Sports & Outdoors,4,101.6792756,406.7171023,30/09/2023,4eae015c-cbe5-4735-bb09-4a81b3a65e2f,PayPal,Refunded
1bf650f3-3056-4d4a-8f9d-7b4b4cefd648,6b36745f-59ed-482e-9506-417c64ce22bc,Sports & Outdoors,4,376.2460117,1504.984047,27/05/2023,79b7538e-b4f4-42de-9e46-b5ba0a2af99c,PayPal,Pending
61971cfe-b216-4f74-bd5b-67f5ad052780,c344a71c-3570-4cd0-8e43-d5190d6b588b,Sports & Outdoors,2,23.1300233,46.26004659,08/07/2023,54d3aabf-7edf-4336-8a89-a92d8efdda35,Debit Card,Cancelled
bff0fa18-43c5-4c7a-80fb-7bc5067ac938,f98bb08d-a8cb-4628-9369-f7c9fbc18f6b,Clothing,2,107.0942522,214.1885045,02/03/2023,001be172-7337-4c79-829a-10de6061016b,PayPal,Refunded
59ccffd2-eb3a-486a-8283-a75272e9e6d9,26369f36-011c-47a0-beef-42242722add4,Electronics,3,449.633373,1348.900119,03/04/2023,d671f32c-a5e8-4eb7-804a-ca1495b07038,Credit Card,Cancelled
8bf3385a-8401-4056-8ad2-09a1ef243c74,4175ca33-4a31-4d04-8c48-fc6af21f90d8,Clothing,1,325.409117,325.409117,13/03/2023,02a1aa99-38ee-4c32-a9fb-50e025143b02,Gift Card,Refunded
91c930e6-e8c8-472c-87ed-f3413439de7b,bca04820-11d0-4663-82ea-1598b7de9f5a,Books,1,36.7791206,36.7791206,14/10/2023,395fb308-11d4-44d7-ae56-2a962bbddecc,PayPal,Refunded
24eb84f1-823a-48d5-8696-aff231942b77,263ef35d-04b6-48a9-a888-3939d8eda2a6,Sports & Outdoors,4,246.3466275,985.3865102,19/12/2023,b2cfd7fb-8377-42d4-8386-8c3d3d903c2f,Debit Card,Pending
4a22e14b-52ab-43b2-aaff-3b9e57d799cc,7a7c67d3-38e0-489c-a871-366ed0e4aec9,Electronics,1,256.6670035,256.6670035,06/04/2023,ff849f4f-644e-4b33-a039-2c402989ec68,Debit Card,Pending
2eb31f63-6fd8-463e-8417-379e4a29cf3e,e853691e-bd35-4d09-bdb7-4ff448937de3,Electronics,1,444.9676644,444.9676644,27/08/2023,ac58b05f-c751-45b1-8a18-5e1d8ee7d92a,PayPal,Cancelled
588f87dc-758e-497c-af66-c289d04a1025,e8bf1fc1-bc55-4924-bd3e-28b893d17fa2,Sports & Outdoors,1,336.3909323,336.3909323,01/06/2023,98d092f5-9205-4e36-a8b4-79369faed91b,Credit Card,Cancelled
1a26facf-977e-4a7f-b41d-13bc1e23aab2,38b67e45-63fd-4f42-acd1-bdf720ac1062,Electronics,5,225.6822596,1128.411298,06/04/2023,25d9283e-9558-40b0-afb0-5d3865cefb98,Credit Card,Pending
be6b3223-8533-4391-bcd9-472f168b8bf7,9d1b395f-31cd-43fb-80aa-03dc255a5e82,Clothing,3,245.8297411,737.4892233,26/09/2023,6102637d-bcdc-40c4-8bcc-4a9fe0b7c7b3,Credit Card,Pending
4c3a6afd-30d3-46b1-a9ad-8acf2919ad4b,0a4bcd84-125a-426a-9b69-84f489891052,Clothing,4,43.05260108,172.2104043,19/10/2023,e105da56-6057-4fa2-bb2a-0d1ba98db144,Debit Card,Refunded
e48d622d-cea8-41e8-9086-97092296b60f,0e3c50c8-e729-419b-884e-d1c0fed67922,Books,4,261.4065732,1045.626293,21/04/2023,9c9c83ff-6575-46a2-9d9c-415e3033da87,PayPal,Cancelled
037a20b7-4573-447c-9fa7-deda1441eb65,5ba6cca2-8230-4a49-8a41-7480c764d8b7,Clothing,2,475.327053,950.6541059,03/03/2023,1213f296-bac1-4988-852d-deff8da2cc1b,Credit Card,Refunded
64164f96-e171-4a97-b440-d29647fade2b,85f53680-019d-413d-b87c-bce8c5045730,Beauty & Health,2,125.3022005,250.604401,12/04/2023,9f1bcd56-2470-4a07-aab9-9e81afcaacdf,Gift Card,Completed
57e2015d-b51e-4b74-b53d-dcc04627e72a,57cf9476-812a-452c-832a-885a6b136827,Clothing,1,301.1718957,301.1718957,02/02/2023,3c58bf7b-56a0-47f6-92e1-39cf9151b1f6,Gift Card,Cancelled
5fab99d4-02c6-4464-b138-72e680045655,44d4ab27-b574-449d-9e4c-16f1cbf03ad8,Books,5,389.2559988,1946.279994,19/09/2023,81fc6f9d-364b-43f7-a277-43d4c624e578,Debit Card,Cancelled
40783971-51da-4bb1-b180-6074f65d87c3,60817e7d-37f4-4d09-93e5-77076d61daa8,Clothing,3,465.1088738,1395.326622,01/02/2023,c4ce976a-2cff-45dc-9ad1-3ec618aae61c,Gift Card,Cancelled
80854467-b4cf-41c3-8562-4530b1bfe0a2,47d9b63d-1123-4bb1-a069-5d4963297006,Books,3,487.2484695,1461.745409,24/08/2023,02fc54c2-c0d8-4510-bf8d-5ae093ec8694,Gift Card,Pending
174e5a38-96a2-488a-87b1-ee3f0bd48f3a,27e11a4e-4500-4aa8-b696-29f93b817578,Home & Kitchen,5,432.4100545,2162.050272,29/01/2023,d5381c1d-6c39-4e54-8bb3-68379d20ed7a,Credit Card,Completed
9aab7a3b-6440-48c1-8525-f1610efe22ea,ab24b89a-3a4e-4d18-8935-3142eda549ea,Electronics,5,483.0764954,2415.382477,20/09/2023,afbeabff-6ee2-45bc-b957-91087e756f21,Gift Card,Pending
5f99a9a7-b513-4587-9651-1f3376be281e,f6c0d346-fcba-44c8-85eb-1f16d114cdaa,Beauty & Health,3,381.2600056,1143.780017,13/05/2023,0ab31c95-c016-49b9-8a0f-b62379942f4f,PayPal,Pending
f4b35d0a-a504-46b5-ac70-68093627458c,fc4a2a11-df15-4bc0-ab0e-d048e3cbd440,Sports & Outdoors,4,152.204729,608.8189161,05/08/2023,7bc23546-1f67-499a-a546-54e329b0fd3a,Credit Card,Cancelled
e3a4ffd7-319b-45ea-9831-3a372547eb15,a93bc09f-8fc5-4aa7-827d-34c0b749372e,Home & Kitchen,1,54.34954402,54.34954402,23/04/2023,7f61f689-4381-416a-a2f5-6ca932bb43af,Gift Card,Cancelled
9bc7ee15-4d96-4ba6-bd8b-96440cf32785,1a793a8b-dadd-4b6e-b61b-bc0037a4b2e2,Electronics,2,414.5007933,829.0015865,18/07/2023,d8d68aa0-31f9-4889-bb80-14cac7f662c0,Debit Card,Completed
ba565b02-e605-498a-ad20-7d05d7bc3030,6ce15550-6dcd-4de6-b05f-3182e2b20d91,Electronics,2,173.8014951,347.6029902,09/09/2023,a5bd3912-7551-4c70-93d2-a20ebe39690d,Credit Card,Cancelled
0f3f01cd-7dac-4a29-a6eb-a0aca724b727,989947ab-3ac6-4cd2-b160-e68c8dfda1be,Home & Kitchen,2,95.14146257,190.2829251,24/03/2023,5318f6e4-e218-4d83-87e2-559d78bf2f3a,Credit Card,Pending
c6418f02-527e-468e-a4f6-1083505ca3df,6988f0ca-15d7-491a-924a-86c239eb5007,Home & Kitchen,4,50.36054925,201.442197,25/12/2023,3ae09699-c55f-469d-82dc-d2f852d36902,PayPal,Completed
f347f5ce-9d97-4734-9ed3-d6156fd62aed,95e5b351-7621-4c2e-beb9-5cb464a35cc3,Home & Kitchen,5,47.04198036,235.2099018,22/04/2023,3696338c-d52c-4c18-a186-58cfbd54847d,Credit Card,Pending
b366a42c-dee3-4acb-bc0b-3ce004ebbd61,51956130-4426-43b1-8448-8929007ce5e3,Home & Kitchen,1,236.3363039,236.3363039,11/08/2023,5c8bba8b-f396-4170-9d11-2d5dbe60a3b7,PayPal,Pending
d6730359-4708-4b5e-8b0f-5b657a15e5bd,c0387ab6-a14e-4546-b96b-415b3928f26a,Home & Kitchen,4,56.74154315,226.9661726,23/06/2023,db921766-dcb8-4c34-8d4d-4526c50f9c5f,Gift Card,Refunded
03e86417-c774-45a3-8d8e-f26859097968,70101c0d-d8a4-4929-90c1-221478edae5a,Books,2,443.7032658,887.4065317,01/12/2023,b2e6c676-5af0-450e-acb5-fe5de28ee85c,PayPal,Pending
b4b80fbf-93dd-4248-abe9-d5c67add2c98,044b7c23-1600-45bf-bdb8-51420daaa8b8,Beauty & Health,1,151.0598174,151.0598174,24/11/2023,e30e555c-10d5-48ef-bcf6-485c88f756f4,Debit Card,Completed
3f28e4c1-fbde-4e79-8b8c-bd6332a1c21d,322fa285-2f77-4304-be82-dda70c96ca58,Home & Kitchen,3,45.32830385,135.9849115,01/05/2023,a38485c9-e837-4b03-8bdf-90539593903e,PayPal,Completed
5022cce7-c678-4684-8843-fb812b729d08,a63553e9-4df5-46a9-82d3-dc895a5b3ded,Electronics,1,380.5737491,380.5737491,24/12/2023,1658bb52-1dad-4a3e-885e-15ea1ffeda2c,Debit Card,Pending
dfb9aadd-2480-4053-ad6f-cd588b09f696,b2d836f2-a8b9-49be-becf-d88f613b8714,Clothing,1,91.98709255,91.98709255,25/06/2023,c0d13aa7-6fbb-46d6-aa24-b79b72990bfa,Gift Card,Cancelled
0730789b-743e-45fe-9f25-27356c3cb7cd,09683a14-6e2d-4653-9db2-cd5e3f24602c,Electronics,1,263.0949004,263.0949004,07/12/2023,89a23fe1-e759-441c-bc20-edcfd999a43f,Credit Card,Completed
14b4d00c-2510-4d61-b6f7-e11ab594eed9,5d1320d5-393b-4180-897c-6f2f380e43de,Beauty & Health,3,120.134516,360.403548,09/04/2023,c0617ee2-5e35-4d02-9cd0-7d73a64985b6,Credit Card,Cancelled
494aa7cc-f7b9-4a63-bbfd-17e3478247fa,14c972f9-8fb0-471c-9883-577e7151987a,Clothing,2,144.7260721,289.4521441,08/01/2023,4534c045-ecc9-414d-b993-843faecc6e62,Gift Card,Cancelled
082ba597-0742-4ff5-bde1-1af6e9ee4384,062244b1-cb02-4ac2-9c95-5d004af87241,Beauty & Health,4,325.3646163,1301.458465,23/12/2023,f6b3e116-2a0a-4d47-bb50-ae6ab4c71af7,Gift Card,Refunded
c8b85b78-241f-41fd-9c1d-47c3acb71aaf,eaaa95bc-3e53-4d80-aca9-373793950c92,Home & Kitchen,5,433.2543717,2166.271858,16/05/2023,c8f8c313-647e-4036-a802-d06b97ad58ea,PayPal,Refunded
74b50e2e-fc49-4e23-914b-f5f5d5d60232,c0092beb-5b21-4a75-8afd-d332699f8e84,Books,3,179.7868638,539.3605915,08/06/2023,3dd6c6cc-216b-42f6-bd53-4e493cee289c,Debit Card,Pending
a04bb6d6-f7c2-4b8b-89d9-f30354fd344a,1f8b64b2-8864-4d10-b867-1e06a858fc80,Home & Kitchen,4,85.32992689,341.3197076,02/08/2023,18d01822-47db-4def-978e-291f20d4b7ea,Debit Card,Refunded
f91ec0b4-70c9-4307-8b8d-5ef2a81384d2,46f8526a-8138-469b-87f0-428452e7ce6e,Home & Kitchen,3,78.45933948,235.3780185,23/12/2023,2bb6b1f1-2fed-44c3-b9c8-2f50129fc45c,Gift Card,Cancelled
e58d9cf2-43e2-4854-a490-0c90b1bb897f,5af1f4fc-6530-406a-a4b7-038ed6905ab4,Beauty & Health,4,124.8695596,499.4782384,29/07/2023,0cfc521b-7d8f-44ff-ad18-bbf5f72d5f75,Gift Card,Completed
5eb98cf7-674e-4bc4-885b-71f1926785a1,5f122802-55e9-4315-8ba3-21d76b3af782,Electronics,3,126.1079123,378.3237368,08/10/2023,89e8d019-d4be-433b-abda-1f687c6af42c,Debit Card,Cancelled
2f13ebca-52e1-4ccd-8d8e-61b2a0b00a72,70741ee3-eae4-4eb8-9f92-7a8e36018eb7,Sports & Outdoors,4,152.6123989,610.4495957,13/10/2023,b0392059-f32c-4260-b67d-50ec1305d914,Debit Card,Cancelled
88b44dbd-2054-491e-bfe9-569f2e5db774,7f10eef0-a806-42fb-8038-238d224047a8,Sports & Outdoors,4,203.1457931,812.5831723,16/09/2023,8b49a5ea-0cfd-4d16-8c0f-186f3940a129,Debit Card,Cancelled
f0cb1d7e-96bd-48b2-b478-b9825875560b,12353081-eec4-4d84-bc0b-6595b612c75a,Sports & Outdoors,4,208.4258643,833.7034574,21/07/2023,0e18eb04-54aa-431c-be2f-f8dd5f4a4931,Debit Card,Cancelled
6462d19d-117e-4fc9-b317-229e9f28ce5a,447a7759-3d3f-4b45-9b3f-e3fac211a99c,Clothing,5,133.3746531,666.8732655,22/08/2023,1d88e1c2-d684-454f-9cb6-2d51962afbfb,Credit Card,Refunded
22127d30-f766-4900-9034-843dd7a8f183,c6233cdd-49be-4947-bff7-4c5b9918a0ba,Clothing,5,318.9442941,1594.72147,23/02/2023,7746b187-0c5c-4d63-8f2b-639e11ee86a3,Debit Card,Refunded
122ef35e-4505-4c1e-b50b-7e920504532b,888abba9-bf36-4135-9c56-7009332990f1,Home & Kitchen,3,220.7519885,662.2559655,04/03/2023,42969d79-4bb8-4409-a2e5-835205253ffd,Debit Card,Pending
b59d1db2-1d07-4ac7-9779-a8e848db2127,9530d91a-471b-4027-80c6-c92e10ace861,Electronics,5,259.2935374,1296.467687,22/09/2023,07130e8a-e72f-4be6-99da-61788e4ff079,Credit Card,Cancelled
30606e27-f7d3-46e9-bcc0-16afb4c8359e,aa07d262-fcac-4eb1-8f5e-1c8e2d0b7a36,Home & Kitchen,3,417.1627432,1251.48823,21/11/2023,cf88f70e-64e0-4a46-9324-018fc49712e4,Debit Card,Cancelled
3907c615-8f45-4272-af23-5fa00c6da728,445c79e1-730f-411a-816e-49f81c4f2320,Electronics,5,106.3276429,531.6382146,13/07/2023,ab83c8bc-bbe5-4b32-acf1-b1eb0bf2c36d,Credit Card,Cancelled
47d49dff-7da5-47a4-824b-f5485f4492ae,b2d54346-e4a1-45d1-a917-c85955a0d4e6,Clothing,4,438.3611497,1753.444599,29/08/2023,a932a843-45cc-45a2-bfa6-8b6766ad8eea,PayPal,Refunded
57f7dd7f-5e65-4df2-a313-57ee874d00a9,1a60bd24-be53-4b81-b79e-d6e2ee5ee9bf,Electronics,4,132.7666784,531.0667134,25/12/2023,f4043c12-95ae-45b7-8f9f-29b9182b140c,Debit Card,Pending
e5bda706-31fd-4fc4-a042-d770be417467,6dcbe28f-0518-4f64-a540-7862550ccc19,Home & Kitchen,5,123.291143,616.4557152,28/05/2023,ed2c7da1-79e1-42d4-a5fa-724567cff0c6,Gift Card,Completed
920be04c-4bea-4c46-9fa3-3e413d0ef21d,3b7bca9d-1e0f-4f1c-8373-2a8c75ebfde6,Home & Kitchen,5,170.9171885,854.5859426,09/12/2023,28acb873-2db7-4b49-a32a-d356ce0d289a,PayPal,Pending
ecb82033-c400-43f1-8776-8a8a02f2cff5,c800b688-87cc-42a9-b7d8-a7c0b8ceb622,Clothing,5,177.5561468,887.7807342,26/09/2023,67261155-1871-4f9c-81df-922c91ef11d4,Debit Card,Pending
49207e80-6437-4f31-b6ec-160ca846db1e,b7b74932-ba30-4b5b-9c3f-54eaa787a657,Electronics,2,208.8240398,417.6480796,11/11/2023,0d9d6d46-4929-449a-8299-d7d885dae06f,Gift Card,Refunded
b11cc6b5-4134-4463-a050-ccf67426baa8,387c0d3c-9340-47b4-bf38-d3107cd019c3,Clothing,1,178.508245,178.508245,05/08/2023,eae16604-c3ab-4b11-af06-e4ab18e4f9e6,Gift Card,Refunded
bee7ab84-0685-4dce-bbe5-6de20178314a,8b0b7876-4ae3-4a20-9a6b-fac2adcfc939,Electronics,3,229.980443,689.9413291,28/11/2023,3099ceb8-25b8-42ac-8bdd-56f679351259,PayPal,Refunded
da50cc9c-9cf1-47dd-8030-f4a231c82ddd,0190c689-7a2b-4ec1-a7a0-2eb002f537c0,Electronics,5,76.80592761,384.0296381,15/03/2023,5afec052-1d8c-47c5-92de-3479aa29f791,Gift Card,Refunded
b93330c2-633b-4ad9-8a7a-9128a4b85b5d,23ab0859-dbd2-4418-bd5b-515164c7ca6e,Clothing,4,414.2957928,1657.183171,27/06/2023,51282927-ed25-4a0f-9573-e177858fdee8,Credit Card,Completed
36c0a3b0-7f3e-47b5-a47f-5eb31abbfc26,6432cfa0-0645-4e8a-8068-c57068312d27,Books,2,389.669062,779.338124,17/12/2023,703f9246-21cc-4bad-b9cf-9a0d10eccb92,Credit Card,Cancelled
6f518edd-bb4b-4ecb-af33-3e2b281db868,5b14936a-e950-4897-8484-8df66fd4a984,Clothing,5,292.768562,1463.84281,23/12/2023,f6be8e28-8d4a-4522-a999-310246bd345d,PayPal,Refunded
836b6bb5-2504-4e56-bb51-1159ecb73eb6,b7bad15c-24c4-49f6-8090-7522ac0801dd,Home & Kitchen,3,384.2980283,1152.894085,08/02/2023,ce37f437-8305-4935-b2b7-9634369fccc3,Gift Card,Cancelled
b0eab830-f7cf-4aa0-ad27-02bce1a90165,fa2c96c2-7a76-4153-bd20-eaeb9dc6773c,Home & Kitchen,4,121.5169081,486.0676325,12/07/2023,faa132eb-5b8b-4a7a-aea5-607cb4980ff7,Gift Card,Refunded
97a43fed-4cea-4eb0-ae50-516e6d7c5d2c,474eee90-5ff1-498e-8b49-6480cc6884c3,Books,2,405.4831221,810.9662442,11/04/2023,68df6a32-059d-4a5d-9ae1-277d5d05c7ac,Credit Card,Pending
00961978-0335-44bb-a54b-833c4eb5af00,5ca2416b-32b1-434b-a986-4a6c0426807c,Beauty & Health,1,219.2216543,219.2216543,10/10/2023,a07a0c28-cbe5-485b-bf32-9f717ef4ab5e,PayPal,Completed
a5421cd6-05c0-4690-9313-c21a0d60f80e,6f3674f7-e0b5-4020-8f91-7ff1b308caf3,Beauty & Health,2,426.3585837,852.7171675,13/03/2023,022a7dcc-48d9-4d11-b05f-a8178a623972,PayPal,Completed
14a9cddf-041c-4c79-9340-462cc06af191,e1888efd-cc7e-435c-a9e4-dfaf310a2615,Beauty & Health,3,461.6089637,1384.826891,09/11/2023,ca9ec00c-99f3-4698-9022-79744ca769c8,Debit Card,Pending
2f09df8f-53f9-43ca-aea9-ebe16168d8a1,5b708758-10ec-437f-b4a9-2c803f18f853,Home & Kitchen,5,122.8930424,614.4652122,01/08/2023,d4d43508-284c-4b13-b661-e18d80f19df2,Gift Card,Completed
451cdf59-2354-4d4c-8528-1b7d54768c0d,4600a8ea-bc20-4aba-9b28-4d71cbdd5827,Beauty & Health,4,430.121323,1720.485292,22/10/2023,2ec81fa3-c7bb-4ef3-b422-ab71a17c3bc1,Credit Card,Completed
4352a7cb-d250-4209-b81b-91aba155c5a2,b2f4f97b-35fc-42a2-89fe-bf4102f55c57,Books,4,327.3504786,1309.401914,21/08/2023,0b031262-d60d-4131-bf81-3a30236740c4,Gift Card,Pending
21acee74-cc42-4542-a55b-cb0509f3b546,e6b99445-457f-46a1-9968-8ad4920b01ba,Electronics,2,317.2225376,634.4450752,23/02/2023,eeb591dc-09c8-4f92-87f7-2fa3e4e7aade,Gift Card,Cancelled
d5b87765-4c42-4d9c-8c07-b03128addcad,97699d42-c319-4bb1-8b4b-790e71f3dda6,Home & Kitchen,4,227.7682915,911.073166,16/07/2023,8c339ab2-4cf8-4151-9ba1-2a17811f9c26,PayPal,Cancelled
0ba79e91-ecef-41a7-8d86-83b147e433a5,78ba0302-2b7d-4fd1-8157-dafea4f82e2b,Clothing,4,62.17203222,248.6881289,10/11/2023,2478d3f5-d2d2-45b9-bff3-a8f7c2af8182,Credit Card,Refunded
c962fad9-d9c1-4438-828c-9bd735ff92de,29c3cd7b-8f79-4a55-9b97-718c1521fecc,Electronics,3,345.3627584,1036.088275,18/10/2023,85d60f11-3f40-40e8-9f46-da64ed9e9cfe,Gift Card,Cancelled
6579e59c-91c7-4a85-bed4-0aba4b3e8bf4,3d6ced10-1839-4370-bc86-105f3d30169f,Sports & Outdoors,2,117.2567352,234.5134703,25/12/2023,af642569-7c30-44e4-9553-3ec6e7b31a18,Gift Card,Cancelled
9ff4ca49-6fdb-46f1-a8b5-017229875d42,4ae9a430-2853-4a03-92c3-343d16a66c65,Clothing,5,42.04812891,210.2406445,26/02/2023,0d6b4620-9cc1-4e73-9c63-0a198b43f79d,Debit Card,Completed
3fcc9bd7-0d57-4636-b372-6c73c15409a8,9b9ebd3b-27aa-465b-a284-e6698c081ed3,Books,5,69.14754956,345.7377478,16/12/2023,caf16a93-b550-4eb1-b331-902e3175bae9,Credit Card,Cancelled
0b8131cf-9761-4529-a85b-6af7c2ca4e08,3c158531-e424-4cb7-bb05-26e43ba537b5,Electronics,3,29.02869894,87.08609682,20/08/2023,7d84553e-9d88-4ea8-a001-741f5a157c16,PayPal,Cancelled
db32208e-70b8-4726-9032-bfa073b4d1df,bcb09fe8-b106-4d7c-ac9f-b4aab6301bb9,Electronics,1,365.9809856,365.9809856,21/01/2023,0ec58e8d-d2d8-4cb9-9067-c0632e3cdc01,Credit Card,Refunded
5438be81-caaf-42e7-906d-15c5f8e70c1e,2d98a0b9-b377-4abc-af75-2132f3bb0db3,Beauty & Health,2,202.8323784,405.6647568,13/07/2023,d19b0f17-36c1-45ea-95b0-e21befefe0cd,Gift Card,Refunded
0d6415b2-593e-4dde-99db-3325e4ee963e,83b6dba0-4a24-4f40-af23-c4e5b5c94e63,Home & Kitchen,4,433.6377235,1734.550894,26/03/2023,3e18c9a3-fe9f-4336-a3cc-4aed6ca21246,PayPal,Completed
7d220161-fe48-49c1-8af9-d594b870d428,26d1f5cb-ba43-4afb-b691-1aeb3865b86d,Electronics,2,351.8875144,703.7750288,11/08/2023,8d3003de-d9af-4ba1-b04f-6f5ecb468e44,Gift Card,Refunded
8f5e2ff5-e17b-4b31-8cdc-2bcccf600115,c46ac9d2-97b9-470a-95d9-a9e800f1c2be,Books,1,263.3061506,263.3061506,11/07/2023,4ae57783-e03b-43c6-a2f4-90abc8a8734c,Debit Card,Cancelled
4f013452-417b-4e9a-bf23-ada5e4e36cc5,b4f346cd-4e8f-4a68-8aef-733be12e1afe,Home & Kitchen,4,308.6465792,1234.586317,17/12/2023,ff75eb06-e2bb-422c-971b-eeaac88e4b34,PayPal,Cancelled
6256e07a-6a3a-4047-831d-eda131ea132a,5eafafa0-6abd-4bf9-85ce-f24f14059c3b,Electronics,1,47.89556771,47.89556771,10/12/2023,856a81ee-1688-4060-8c4d-7982c0687df7,Debit Card,Refunded
f994ecc4-e931-4437-a099-96436ac9b309,f53dadcd-e98a-4768-80b2-a9a7ffad6e6f,Beauty & Health,5,291.8148328,1459.074164,13/10/2023,325ce164-7701-4db6-bc5f-f5516adf0214,Credit Card,Cancelled
728d42cd-449d-4108-8e10-9c4db319b0a6,f7255ec7-b95d-4891-a9df-b4704ae2805c,Clothing,2,270.5909486,541.1818971,02/05/2023,c94cc120-1b89-4709-9f76-f740188a87c2,Credit Card,Cancelled
a4da9157-e281-4ab6-ad4c-9a12e7cb5f9f,ac75b7d9-a6b1-403b-bf28-342ff6d802c2,Clothing,1,347.5124116,347.5124116,19/06/2023,7c361f00-c1bd-4ce2-a10a-1e406f066076,PayPal,Completed
449c0306-607b-442a-a07d-f17fbed22de3,124246a2-cdad-4305-aa73-57cce7181137,Clothing,3,195.9634979,587.8904936,14/05/2023,ca2d675a-5224-4ea0-99c1-4dc7e7f11752,Gift Card,Pending
63afc578-a362-4837-af96-ca243a9356bf,a37c4785-fde0-4679-8ff6-fa292b1336bf,Clothing,1,94.49922443,94.49922443,22/06/2023,a65b9c91-e85e-4da1-bb28-f0b61dc49477,Credit Card,Cancelled
db3a51d5-5e72-431f-8587-a7f290e53d9a,0e7bf669-84be-4dde-a855-c938f96d3d5f,Beauty & Health,5,227.4924812,1137.462406,06/06/2023,8cec48b2-93cb-4997-8f88-21437f617fbe,Credit Card,Pending
5941e3aa-cecd-4627-94a5-d37e85cd84d9,d76dbce9-64c8-4a7d-92f8-934797cce64e,Sports & Outdoors,5,217.184953,1085.924765,12/08/2023,e6eaa2b4-22ec-43a1-b300-73c705ebc93e,Debit Card,Completed
90cba6a4-0712-48c2-9739-2bb5c5f78f21,f694f4df-d984-4d95-b90b-0d89961bd193,Home & Kitchen,1,305.0647318,305.0647318,06/10/2023,5a5a491c-949d-48a8-a50b-7ca6f4a9efaf,Gift Card,Completed
0c0e714c-cb0d-4dc9-b1bd-f2dedeb42a19,b1baf12f-3cd9-48e7-8fdc-267424f25f43,Sports & Outdoors,5,98.41899229,492.0949614,27/10/2023,387f29fe-2373-4cb9-83db-290302401afd,Debit Card,Pending
8f600afb-6e87-42fa-8fba-55275f9c7bf6,3f1ced3b-cdf2-4ef0-802c-4646b7ae68a4,Books,5,395.8628027,1979.314013,28/11/2023,67ce30c6-c525-40f2-b479-cac69681ae8a,PayPal,Completed
b3b14cf8-1c6e-463d-83b0-508d6927f90b,e7c6dc3d-7b6a-47e5-a1ed-7d4fe2219cd3,Electronics,1,448.3560229,448.3560229,24/09/2023,0aa9f32d-b6aa-4b9c-b8fc-996424726089,PayPal,Pending
d6aba7c1-8eba-4212-80f9-33aa696536a0,de7e2860-309b-45f8-95ee-50185b17c6b3,Clothing,4,465.7458553,1862.983421,15/06/2023,296ef6dc-50c0-4dc4-9b91-0d14ff01e6f5,Credit Card,Completed
afdaff1e-b1b8-4486-ab5d-3ab0788cb52e,72917970-f6a0-4420-ab33-d08dfcb61b67,Sports & Outdoors,1,335.6151144,335.6151144,24/03/2023,221ec768-5011-4ad6-bb75-1c61c057715a,Credit Card,Completed
9600a731-9ddb-41d3-acc7-5c3ee8beb0ea,d2007ec3-88e8-4707-b442-43c11c66d1f0,Electronics,4,477.9594232,1911.837693,12/08/2023,c2266f93-404e-480c-b558-1013ee1353bd,Credit Card,Pending
d7d1b35f-9819-4c32-bee7-a1af6fd447a9,fb49f61c-6cf8-418b-a089-3cef29857be9,Home & Kitchen,1,273.4105903,273.4105903,31/10/2023,213a0ca3-6e42-438a-8d3d-dea8611f317a,Gift Card,Cancelled
699e12ca-8189-4a28-a835-510662f845a0,46b45cf9-2c07-4bcc-96e5-ae374ed448eb,Sports & Outdoors,4,216.4092895,865.6371581,09/03/2023,5cb71a9f-0f44-476d-8692-fb028d7080ba,PayPal,Pending
31ff1af3-fdd6-45d2-b81d-3d07b2358a1b,285125db-ad76-48ac-9360-e94957ef5d6b,Books,1,16.84427601,16.84427601,04/08/2023,af9e676e-e11a-48f2-ad56-63fc17691b42,Debit Card,Cancelled
6e268d61-cea7-45b3-9594-8b1de0e78808,845ad082-694b-4434-972b-1b4b298b5720,Sports & Outdoors,4,359.1186146,1436.474458,18/04/2023,15b5ea06-1cbc-42f4-804e-82b64984b4eb,Gift Card,Pending
ff6a4b84-dbb2-4977-a23f-2a12f28ec675,e3b73993-1cd5-4e80-99ec-95f58ba56085,Home & Kitchen,5,442.3900258,2211.950129,17/04/2023,79264994-810b-4e4a-8ccc-34ee26e1ff3d,Debit Card,Completed
9cd5a3ff-45c7-457e-b4c4-ec5d6175b7e5,eecfcadc-6260-4afb-81f5-49b17c852f82,Sports & Outdoors,3,61.53284562,184.5985369,19/07/2023,a05d76da-202e-48d4-bc43-8e742945c0d9,PayPal,Completed
7eac304e-e2ce-4e13-a489-0c35c5cb7b99,400397be-fca2-4b2b-ba40-a0320754ff49,Sports & Outdoors,2,65.00191642,130.0038328,30/10/2023,9901596a-2968-4867-8a14-1ae7cd653e29,PayPal,Cancelled
d5c4a05e-0468-4f1f-9037-28055a55d7cf,8c4f5c68-f15b-473d-8dcc-edcfd286cff6,Books,5,388.6184161,1943.09208,25/08/2023,ff412617-e6f2-46e1-9592-43c8d1339471,Debit Card,Cancelled
6f8af8e1-5e54-4c4d-8aa0-850b80159b94,9ed42334-3f24-44aa-9083-89b591a83ad5,Home & Kitchen,1,191.9376638,191.9376638,21/06/2023,3abdde77-97ed-463d-b380-3abde127a182,Debit Card,Cancelled
059309f3-2869-48d7-a173-ff44dc202384,99c6e334-635e-47d7-b880-f224c87521e5,Home & Kitchen,5,10.26560205,51.32801025,29/04/2023,9ff7b200-85cd-45f2-9dc0-45a715ce694f,Debit Card,Pending
0a02e77a-7c28-4515-a6b5-b857b2491c9f,5c1bfd2d-05aa-4eab-9cfc-ce62fe819321,Beauty & Health,4,468.9698786,1875.879514,14/11/2023,39427b4a-459d-4d91-a4fb-e0c1861e2ac1,Debit Card,Cancelled
cd4a6c80-d323-4ff5-8d32-375adf45cddd,d0619610-d05c-41bc-88b0-21151909d231,Home & Kitchen,3,237.9507124,713.8521373,12/02/2023,84284212-e865-46e1-ad2f-51725851bbc6,PayPal,Completed
f5c4ef78-9689-4034-9de4-b38b99afd2c6,09cdff62-bb93-4081-8577-f4adaad8f601,Home & Kitchen,3,182.4889703,547.466911,05/01/2023,b254049f-69f7-4293-b23e-9d6ffd966077,Debit Card,Cancelled
8424120e-4896-4aae-9324-1f8f9ac52b33,acfd0a62-6e79-4dc8-a0b6-531421468b30,Home & Kitchen,2,308.3953293,616.7906585,19/02/2023,1f2badd6-bae9-4158-97d5-83e10a832aae,PayPal,Completed
cb5aa27f-d889-463f-bff7-1da47439b541,307f3e87-e90f-4a66-b07e-e579983d2341,Home & Kitchen,1,192.5875645,192.5875645,04/10/2023,b1a8326f-5a86-4580-bcb8-976fc233eb11,Gift Card,Pending
e64384ad-00bb-4ff6-8c6d-4d5479136ad6,6a1a763b-19ea-47d2-9f35-05dc992d796e,Home & Kitchen,1,480.3386185,480.3386185,20/06/2023,d09f0727-3aa3-49ce-93c1-408a950e8ffb,PayPal,Cancelled
20b802bd-65e5-4259-a49a-6b96d128eb6a,5d923f67-e3a4-4d3e-9035-ce6a2a890d21,Beauty & Health,4,134.8477824,539.3911297,10/05/2023,3842a742-1488-40e7-9fe7-42592e572c8e,Credit Card,Completed
2d87c798-c20e-4d85-ab7f-958c2d13e794,04f2d78b-fc9f-445b-be3c-2d7df7ee3bb5,Sports & Outdoors,4,194.4897999,777.9591995,21/11/2023,0f71a132-5671-40a1-8f26-9d83996169fa,PayPal,Refunded
e15164ac-2e58-4264-a513-6411d01c60ae,7947d654-e6d2-4da3-bba1-b6932a85ff3a,Electronics,3,384.1514279,1152.454284,06/04/2023,02a6a9b9-4877-476d-b3f6-0ff8ee40299c,Debit Card,Completed
30df5d54-a80d-40db-89c7-8e336e6ab9f2,7969471e-d0c0-4271-8307-e295ef3e2869,Home & Kitchen,4,405.0313461,1620.125384,03/05/2023,f38fc809-4aad-47d3-a822-bb60892c695b,Gift Card,Cancelled
bb454b05-5da4-41eb-a8ef-1ba2fc9e4980,15ccdcbb-491d-46d1-bfd7-f0d30f5eb545,Sports & Outdoors,5,397.1497796,1985.748898,02/03/2023,2ca0a536-e2c8-485e-82ed-51ce0212f421,Gift Card,Completed
18b01a9d-bc91-4e6e-bac7-dfd37fde2c2c,a5a25bbf-15a4-4bda-bd8d-978286154040,Sports & Outdoors,2,337.3610771,674.7221542,06/11/2023,84123a0e-aaee-487a-aa58-08ec2e6ce107,Gift Card,Completed
8f0c3d3d-327a-4439-860d-b4de638ddd44,6527ebc4-6269-426d-9eba-8b66803b2590,Books,4,220.0698621,880.2794485,04/07/2023,3304b443-be5b-4565-8841-045bff258ecd,PayPal,Pending
2d2c97bb-4946-4589-9fe8-82817876c969,83cc930c-1e3e-4d8d-96b7-9a678f940ae5,Beauty & Health,2,221.3641888,442.7283775,03/10/2023,8af5928f-ca42-4c35-9042-f9a1b2f8a1cc,Debit Card,Cancelled
ffb89b20-1bde-46b1-85da-0676bf6b532e,2b782626-91f2-4816-b2ab-8eb2e66855f1,Clothing,4,391.1904239,1564.761696,17/09/2023,0eab9826-d89b-49b4-8d3b-c3661f63d84a,Debit Card,Pending
653d8119-0a4e-4a03-adb1-10cb2141a466,781576e8-6042-4d71-bfd2-d5b94531727b,Beauty & Health,2,109.8878353,219.7756705,27/02/2023,62205e42-d56f-4fc4-af80-a01b4a1d81a0,Debit Card,Completed
77157a50-64ef-4814-9f0f-fdab83c1d90b,df70806d-bd46-436f-9e8d-f0cd4618e987,Books,1,29.70037579,29.70037579,21/07/2023,c474aad1-6f29-4c3f-9b6c-9a1ae8ae6f1d,PayPal,Refunded
4cc980ed-72eb-4411-aab7-6646a193cc80,d8d4964d-820a-45e6-9a75-fac17d900d87,Books,3,395.160535,1185.481605,05/06/2023,07bc037b-97ae-4b22-8fdf-7dc5a24002cd,PayPal,Completed
26855fbf-4cf9-453a-84f8-59f9f876316a,7fc6e82b-b1e2-42f8-b5b2-77a700d7b07e,Clothing,3,215.1705182,645.5115545,03/05/2023,75cc6cc0-0c09-4d8b-8840-d7b954fc5461,PayPal,Refunded
b1341f2d-385a-4db7-8973-b232926249bc,95b1d870-aa43-4855-8f7e-72cf6eb49d94,Clothing,5,305.0478902,1525.239451,11/03/2023,dc590b8e-a2e6-4d3d-9193-6d69ac311402,PayPal,Refunded
9f4bef46-1f4c-4d1f-b610-5fc895385421,05bac87c-f0d3-436f-b294-cb18d7298ba1,Electronics,3,218.6846344,656.0539032,16/11/2023,2a940158-25a5-4a9e-8ec3-932d8760d82e,Credit Card,Pending
c5420ef4-1695-4c0d-b868-1341cb669afd,b45ead0b-7b1b-4ffc-af2a-85381c2cb934,Books,1,440.4123186,440.4123186,06/07/2023,ff678288-4011-4390-a457-6175886e980f,Credit Card,Refunded
0199bba0-eae4-48f0-a760-2075576fcbf2,9d8baf77-b4e9-4901-a872-173ada6fc915,Home & Kitchen,1,489.9870565,489.9870565,15/10/2023,466a5a5e-9278-4f7a-a5df-8e381fff7ad9,Credit Card,Cancelled
ead5ea33-fb17-4890-a617-ed59ebcefec3,603e4bec-8607-4fff-8f80-6028b7447261,Home & Kitchen,1,464.1107329,464.1107329,06/01/2023,ee1c3f0f-801a-4118-95e8-091a39944fe2,Gift Card,Refunded
6ca5577f-d848-4c7b-a9cb-ca437afe1eac,b822dfba-0582-4b6b-953b-5613ffbb2ad1,Clothing,3,380.2232048,1140.669615,12/02/2023,0b260086-32ec-4e3b-ada6-ea6a4b6f9e47,Gift Card,Completed
3eb9c9ec-b7dd-49f5-ba99-95f1079a63eb,b65273bc-55b2-4442-90e6-d4d5a819c6e7,Clothing,1,81.56830162,81.56830162,19/08/2023,5a48d8b5-8bf3-40fa-861f-d1a6f4f21917,Gift Card,Completed
98d43c61-ceec-4d42-83af-9ec645c8b31e,83e13611-eb35-45c2-9a85-ecb1a8ebe808,Home & Kitchen,2,479.8636623,959.7273245,17/08/2023,b36f23da-9200-4d8a-a8ce-8acf2c87f494,PayPal,Cancelled
bd7e8f90-45a1-4827-bf70-064300711f33,f247512b-1fea-433a-a8d9-330aaf647275,Beauty & Health,3,181.0428515,543.1285545,31/07/2023,b1481627-0e8e-47e9-95c4-4f298deea176,Gift Card,Pending
0b560df8-0d0d-4330-82d3-29911ab86c9e,bea9e02b-ac30-4fc0-b058-091b810b335a,Home & Kitchen,3,166.7083222,500.1249665,30/05/2023,50af61f5-98f7-48ee-b760-ed1b58f653f6,Gift Card,Completed
e6beff4f-a7cf-4fd9-9d34-5d512772e2a8,0c501a08-1607-4c4e-8cd2-ed41cd54c7f9,Clothing,3,318.0287591,954.0862773,02/05/2023,4dbaaac3-2962-413f-9464-e5c0895cf365,Credit Card,Refunded
0c7e2060-63f0-4574-91a4-79a85159edd4,0d8f4cad-471c-493b-852c-93ba67a530f3,Clothing,2,347.5320404,695.0640808,05/03/2023,e631c8c0-440f-4e06-a984-32ef9c1506fe,Credit Card,Refunded
9e06ff6e-14c5-4fd6-97e0-4e45f4010ced,f839e494-9645-4fcc-82f6-4bfda2154ee5,Beauty & Health,5,432.9480957,2164.740479,02/04/2023,35f952c7-392e-4861-925b-ab3179ded027,Gift Card,Cancelled
1cc38ccd-04b2-429c-bb91-1dc221b3bdb7,b1ec7c43-b724-4d1b-b17b-bfd5fd54443c,Sports & Outdoors,5,230.0219814,1150.109907,13/01/2023,d37b8c3b-e121-4339-8588-e19ce77e4319,PayPal,Refunded
d3404d70-d176-4297-9ca8-f8a43ed5c73c,d81d956f-a207-460b-b3bc-4ff48ca039e6,Clothing,3,137.5211665,412.5634994,27/08/2023,cbf7249e-77ef-43f3-9672-d0b512dfed8f,Debit Card,Completed
8655bb75-fad9-409d-8415-fe5fa2112081,475377d1-a1cd-4887-b767-70df613520f5,Beauty & Health,5,349.7313598,1748.656799,11/12/2023,70952ff0-a5be-43a2-b77f-0e4d2b43d768,PayPal,Cancelled
ad27d94b-7fa5-4cb7-b23a-65ebd6c54424,56e3a88c-a3d3-4231-b383-e02497e80bb1,Books,5,110.0685372,550.3426861,14/02/2023,38fe8901-e324-4909-aab3-67179dd79d0f,Debit Card,Completed
a02c2c17-a098-4657-8290-8a4308e85880,05ecca19-fda3-41f0-98e5-09bca6644a8d,Beauty & Health,4,349.2872705,1397.149082,31/08/2023,8fb63ed2-84b4-4d40-8a96-8f1e0b9d8d6f,PayPal,Completed
df5601b0-60f8-4738-8a54-4cfc249542c6,074918d0-9cda-49db-853f-bd40bf329a28,Books,3,38.01673912,114.0502174,08/05/2023,1301c8c5-4623-4ca8-9cf7-6da9ef706999,Gift Card,Refunded
e24f8d0e-f2f1-4ad6-a703-ae3b40347d5a,85b76fe9-d2d3-4a4e-9d96-01b6880a71c1,Electronics,1,429.1657905,429.1657905,12/05/2023,64a4e27a-b154-49ce-a94e-794cf3917a84,Credit Card,Cancelled
25574285-4171-4c74-9f13-8d9f14598b90,cfc74bdd-436a-4bf7-8a71-44a81ba38324,Clothing,4,309.1145173,1236.458069,31/05/2023,18139ae6-e6f8-4dc0-9a6d-c9df14354468,Debit Card,Pending
66b7a537-4927-4f99-9c7b-fac25c97a38d,c0845b52-d5a4-47d6-ac69-2ee461114bd6,Sports & Outdoors,4,448.666008,1794.664032,02/05/2023,c32c6f89-3924-4866-b947-662cffd8d3c8,Gift Card,Refunded
365b5465-9e9d-4179-9637-889f53c2d71a,7070f966-2dc9-4686-8180-a385e5e53777,Books,1,86.19747619,86.19747619,01/06/2023,113bfb50-2c30-4e8c-9717-b2a7fcff02db,Debit Card,Cancelled
37395ff3-78ea-4060-8e8b-38a4c18b2e35,6684a1f8-f94e-4d1e-a364-4ebd20ede8d5,Beauty & Health,5,254.5834055,1272.917028,24/10/2023,a9d54169-2320-4776-b1e5-8deacbba5cf4,Debit Card,Cancelled
b58e4073-b756-49dc-a259-ca13469b1cd2,af868f0e-9ff8-40af-8720-eae5638d02b0,Electronics,1,358.6500171,358.6500171,31/07/2023,3b4a4f5d-518b-4c74-a543-a48ec52c9c9b,Debit Card,Pending
6ddfa297-a6f7-45b9-9fc5-1f60439f4230,03e75ad7-c619-4989-923a-35514c48e976,Beauty & Health,2,141.1477544,282.2955088,01/02/2023,ea076cb5-34aa-4040-8564-134c2506cd74,Gift Card,Cancelled
3f63e682-cdc0-4f19-a173-7928dcdc1f6f,2a825399-fb41-45f3-867b-e022582dae52,Beauty & Health,2,126.353153,252.706306,18/06/2023,fff16838-4ad7-42c1-b82a-f12db5f728da,Credit Card,Completed
f0afddb1-7f81-45c9-a001-b70b3ac2b321,fa1093c2-2b51-4a51-b3af-d9b1447e2064,Electronics,1,302.9047598,302.9047598,13/12/2023,3d830bc5-6166-4c82-aa06-8c860710e07b,Gift Card,Completed
e629ba03-cd6c-4e93-a907-d1f5401fd5dd,e7c96c34-2b2f-443d-9748-78ef3b160b67,Electronics,4,103.6344322,414.5377288,21/04/2023,dd6d619a-19b2-4d94-9c25-ac75a9779665,Credit Card,Refunded
ad6e50f0-d75c-48cc-9d18-323c95ba5d70,57e01e72-2713-4bce-8421-874fce3f7f62,Beauty & Health,2,127.959393,255.918786,25/04/2023,6c9883c0-07ff-4a0e-b8f3-d10549b33b4d,PayPal,Refunded
ba010ff1-16e5-4591-8668-271948aa04a6,03ae0907-d4f9-4cc4-b7fc-653f445a24f0,Sports & Outdoors,1,301.7897542,301.7897542,11/03/2023,769a608a-b2f2-40d3-b55e-3df57073f38d,Debit Card,Cancelled
0439b0b8-2dbc-4788-bc5e-6955e4f05990,08108538-0cec-4ee8-ab85-7dcda1af1de8,Home & Kitchen,4,478.5239829,1914.095931,24/03/2023,a60d6257-5c34-4191-9da1-a1213c195b86,Debit Card,Cancelled
b352a241-f772-42e3-ab30-b413bc0356e3,660e585b-50a6-47f3-ac31-fc5e08973be5,Home & Kitchen,4,199.7424919,798.9699676,15/06/2023,3ee87e75-0c92-4936-9250-38ac238a19fe,PayPal,Refunded
50750d9a-8912-40d0-ad35-15480b398c74,018c6831-6afa-4403-a5c7-95122e7a9c22,Clothing,3,463.1777619,1389.533286,28/12/2023,c280c4a3-4415-4c22-9f6e-322818d87220,Gift Card,Pending
4f4228d8-6581-4da0-a5cf-d7866441c1c1,5aa2bc30-88dc-407f-971c-4a6f4abcff3c,Beauty & Health,4,223.9762333,895.9049332,17/02/2023,108386a3-4b9d-44be-bc1d-62ff9e66bd57,Credit Card,Refunded
53db5926-d5e5-4e3f-ac3b-c252b7942279,6d5d1f6d-46bc-431a-a791-e55320bc7a13,Beauty & Health,5,236.5360491,1182.680245,10/01/2023,df675e6b-bc96-4c9e-aa9b-33d876a3b5aa,Credit Card,Completed
497748b9-b7f0-44ea-bd9e-c8da35de26fa,7880d166-a38f-466f-be7d-bae555306315,Books,4,378.4781876,1513.91275,17/02/2023,98fa883a-f61b-45fe-802d-3e5e86c69749,Debit Card,Pending
996d4098-43ec-43c3-bb36-91cc413bf34b,90690b98-95ca-413c-9973-5caad3f39dc0,Clothing,5,327.1934291,1635.967145,14/03/2023,cece1564-0ac6-40f6-ac77-62a421911690,Debit Card,Cancelled
f697a8b4-154e-4659-942a-288c18e1c26d,6688269e-4092-40f7-bbb6-c8c3e38f7e31,Electronics,2,232.8433576,465.6867152,07/01/2023,71606007-a563-4b8b-92d4-4b1d536d3c30,Gift Card,Completed
388f48ee-9afa-49ae-9199-05de796d4c11,fdca895a-2cdc-47da-99ed-8a7d1800acc7,Electronics,5,48.5486737,242.7433685,04/02/2023,499064a4-f7dc-413c-8a8d-257fcc3e3e9b,Gift Card,Cancelled
feb0abd0-8375-4332-b854-818f2bad8117,be95d983-eabf-420e-b6db-d2fed69cc8e9,Electronics,1,115.9973359,115.9973359,02/02/2023,f9f4df83-83cd-4746-a301-9131eda9f1fb,Credit Card,Refunded
d8fb863d-224a-4654-8268-1374513962b6,2241e83b-b6ef-48ca-9045-ce2e5e266491,Books,4,133.8210297,535.2841186,21/04/2023,59899448-c059-4ac9-9728-bbbb9575fafd,PayPal,Refunded
5a1c4373-849e-436b-bdf2-304a9682f807,41adcab0-b72b-4831-8b1e-3aeadf5a9d98,Home & Kitchen,2,126.0459704,252.0919408,20/07/2023,f72d022c-ec45-47b1-b26a-f598405cb130,Gift Card,Completed
ebf65f67-5b01-4c3a-b26b-4e1b261dc2c7,8cb4fdef-22f5-45ff-8884-17f278304332,Electronics,2,405.4441225,810.8882449,29/11/2023,a403e3b3-d9e2-4031-a1de-c91785307968,Debit Card,Completed
2a73115a-0836-4cbc-99d7-da5437c9481b,91a0655a-15c3-43f5-b80a-00ddc661193e,Home & Kitchen,4,98.93327168,395.7330867,06/06/2023,484b9159-f45b-436e-88fa-fb3d7993d485,PayPal,Completed
57529f8b-a592-42c1-9d3e-e6b576d70666,a544b574-1288-459d-9d2a-d4d2b5bcb2b7,Beauty & Health,1,29.54021329,29.54021329,06/01/2023,17db5b94-7821-450d-9c34-46c08b5a6614,Debit Card,Cancelled
5121a4fa-3a2f-4d69-abae-5f2e10819556,2502f2c6-212c-447b-8a0b-7acf692e4874,Clothing,5,183.1687469,915.8437344,04/04/2023,f09aafcf-1902-4335-89cc-00bab3b9b071,PayPal,Pending
b2fff2a1-f43b-4829-b7c5-2cd305fd6402,ed9fd95f-4adc-4844-af24-238a0fb9bbdf,Home & Kitchen,3,155.3749609,466.1248826,31/10/2023,dc7d949a-2aab-40ad-9c31-4fbd25006228,Debit Card,Pending
aa756f62-eb00-4d89-a05a-b00c663c35af,f153606f-164e-4666-aba2-0a12a3fc0797,Clothing,5,88.95132804,444.7566402,03/06/2023,ff148974-ae77-45d7-a8a7-1157ede21835,Debit Card,Completed
fe7c5639-2ebe-4c54-8a7b-93e168ca3ccc,b1f1a4f6-f885-451c-81ad-2a0ee8cbf8c5,Home & Kitchen,5,181.6878946,908.439473,31/01/2023,8c275d9e-052c-45c8-b943-e485bcea61b8,PayPal,Refunded
c70f15f1-3387-4431-8a13-faf6546008a6,81b181cb-8ec1-4df9-b570-7b3da780a5e2,Books,1,152.4486567,152.4486567,27/07/2023,8670f74d-4e79-4949-bed6-9b44fc9822f6,Gift Card,Pending
9e0cf6a6-3045-4c0b-a9a0-f21c9a37bdf1,1f36b6b7-ed29-45ff-b972-978f2c8d1c9d,Home & Kitchen,2,216.5084086,433.0168171,19/10/2023,6d93ea4c-c3ed-4064-ac0b-fb5dfbffcd1a,Debit Card,Refunded
a3830549-69ef-424c-9510-330986fa3b45,9a1c59df-c9f4-44e8-9fd5-4423b37b197c,Electronics,1,356.2480371,356.2480371,20/09/2023,230b442d-9c0d-4c05-b8d7-d0d04d2cfb7e,Credit Card,Refunded
635a12b0-2ff7-44f6-859b-fc894fdeed24,50065afd-171e-4a1f-bedc-13db6a434ba6,Books,3,77.46045343,232.3813603,03/10/2023,0c8c51ad-c679-4eea-be32-8deeaa6e7724,Gift Card,Refunded
67dd1914-6256-46de-bda5-38fb34ce7b4b,2c33fb04-d940-422d-8ce5-0d912bdabdb8,Clothing,3,126.8604701,380.5814103,25/11/2023,275c3047-aaf5-4cae-9814-c43df22ab9c4,PayPal,Cancelled
fb530383-b8e0-48bf-84a2-f15acc05892a,a3ea6911-33fa-42f2-b09f-f476758fd70a,Beauty & Health,5,37.36094124,186.8047062,06/02/2023,4dff4b2b-befb-4011-bc93-8ee78e3bb7bc,PayPal,Cancelled
40e02f95-fb4e-41d3-9975-de46d827ab2f,9c2a58fd-4b8e-4c50-ab99-f95e6704cf9a,Clothing,2,253.6587346,507.3174692,05/03/2023,744afd8e-5567-4483-ab2e-fd835d8958eb,Gift Card,Cancelled
43186402-6405-4af2-9dc7-5446246bc0c4,c9da2c9a-6eca-459e-9c91-8a329a39e107,Beauty & Health,3,65.35352806,196.0605842,29/03/2023,1fbe90aa-46bd-485e-a91d-61d4a1789afe,Gift Card,Cancelled
37819c5e-39ab-4b06-acc3-d3e863aaa139,ad971c24-2271-49a0-afe4-56038d1fde37,Electronics,4,364.2565531,1457.026213,01/07/2023,66ff0f3c-1f40-4a8a-985b-af174eb50968,PayPal,Cancelled
be82ea3e-6ed5-47e3-b31d-d414903075c0,ebe297ba-48da-426d-b076-2afb5f30fcc5,Books,3,232.9014641,698.7043923,24/06/2023,9bc56317-ac46-4866-9030-52f59bf3ea73,Gift Card,Completed
8628c20d-7e12-4b69-a2c1-db1195bf5f8e,c1338faa-1c13-48bb-bdaa-c07bb02e27aa,Sports & Outdoors,1,155.7759869,155.7759869,18/03/2023,fe5f0e61-6ead-4cb2-9fee-47819ed488e8,Gift Card,Pending
385369d6-96b3-4bc7-bddb-ec8a1f970848,ea403cdb-c774-49cf-9a85-957502234363,Electronics,1,201.6838019,201.6838019,24/03/2023,d413d6fe-c708-4403-bce0-b83125154daf,Credit Card,Completed
02930ecc-ebbe-414c-a2b1-fc8af579aa98,1e75aee9-7a9b-49ea-a68a-648e17d58715,Home & Kitchen,5,305.1425169,1525.712585,21/09/2023,dcb03bcd-46ca-4bde-843f-3e7ce567415c,Debit Card,Refunded
a46204fa-5a91-411d-ab4b-b7ee85a066a0,47fd1723-788c-4976-bf62-7823eb984101,Home & Kitchen,4,169.5577079,678.2308315,30/06/2023,f9fee41a-0c62-49f5-acf7-53876543e594,PayPal,Pending
b3ae1803-6b15-4064-bda3-287e6ef982da,ff03082a-df16-422d-b822-fa10bccba90a,Electronics,5,466.917141,2334.585705,23/11/2023,3194133e-b911-43ba-b46e-1d8b5edad068,PayPal,Completed
8811e086-33c7-44fd-aa6d-41e8162f905d,ea727fa9-c777-4b0e-8965-f7c98de13779,Clothing,2,297.7620402,595.5240805,14/01/2023,8b85a398-1aa4-4072-8484-edac76da97c9,Credit Card,Completed
9792a132-d8e2-49bf-9c78-21dcb7d22a91,07d9d202-a1b1-43e0-983d-03395e21b7cf,Home & Kitchen,4,125.181953,500.7278121,25/08/2023,762794eb-205e-4863-9eee-2ab8d4a0674d,Debit Card,Cancelled
8850bd20-dbda-4330-bea9-0a7f65b1cf12,b05258cc-9e7b-49e7-95ad-9be416cafa4b,Home & Kitchen,5,490.1730679,2450.865339,16/04/2023,84022f3d-7673-4787-8d84-ac4416e4fb8e,Credit Card,Refunded
4ff223a7-371f-4de0-bb09-5d16c0e5e4b4,25ef8644-e127-4359-b2df-7ba83fefeafc,Sports & Outdoors,3,434.7476737,1304.243021,17/09/2023,fae5f793-dc22-42c9-b711-3cee367bc81f,Debit Card,Completed
6530348d-d71c-46fb-b8c5-dd99c08749a9,8e4c9987-eb3d-4659-ac86-de241521a5ab,Electronics,1,305.7221713,305.7221713,02/08/2023,1898b522-a67c-4c11-8130-9ded5ecc5416,Debit Card,Cancelled
bd12ce41-a036-4b5a-ad4a-054b9917040c,c646da16-edd0-460f-b3f7-6c7e3e164991,Clothing,3,367.9363817,1103.809145,20/10/2023,d4af6cbb-b138-4a24-abd9-99b0a448944e,PayPal,Pending
1b864a62-42b6-47c3-b160-7a9359558725,2af459b8-5864-4f03-88c4-221006fa55c1,Sports & Outdoors,2,40.41801821,80.83603642,28/11/2023,b836e354-253f-4cc9-9c7c-6f5d68bd9085,PayPal,Refunded
e0940fbc-75c0-43b7-8175-e142e6ec0db9,e5ea687e-be76-4477-be8f-b1e42b6e75e4,Clothing,3,499.8192258,1499.457677,15/02/2023,b88a7f47-5d57-432a-8ac7-cf337f3f030f,Debit Card,Refunded
81a98f24-c950-487a-a46b-35b919886757,47b1ef3d-383f-477e-a1df-d89557a4fc3e,Home & Kitchen,5,159.8133354,799.066677,02/10/2023,9a2485d7-800f-43fb-9cb1-c6a137a7b3e6,PayPal,Cancelled
12364863-9d88-4a0c-8f7c-defe39c0a142,a8688c93-8431-4b93-b296-641ae856d2f6,Sports & Outdoors,5,404.5322043,2022.661022,16/10/2023,773d3a02-4502-4652-bc7c-df39b0f036ce,Gift Card,Pending
a33b3762-f0ee-4281-8bc5-fe5ce76cc08a,1e1daeca-6a5e-4d0c-9fa8-01bf6da50faa,Beauty & Health,5,43.1156803,215.5784015,27/03/2023,d636f2a0-cbbf-42fd-b280-9f25e20f9e8b,PayPal,Completed
21a9760a-dfd6-44f0-ad1e-b2f0606d5e67,33f09cb4-8cd8-466d-8b32-a308832a890a,Beauty & Health,1,131.4793192,131.4793192,12/08/2023,c990371c-4b75-41d6-8d18-9e7509f407c8,PayPal,Cancelled
68088340-1d6b-475d-a643-0bfec90f6a93,77049d17-29b7-49bb-8506-6dba95143590,Electronics,3,271.7933747,815.380124,07/10/2023,ef506a34-4469-4183-9d48-59744bfcb7b4,Credit Card,Completed
70181f63-c7c5-4442-a298-37cd7fa6d7c9,d87ee4ca-cc2d-4e95-b8b7-866e8cc69809,Electronics,2,17.79794782,35.59589564,05/08/2023,6150783d-1e1c-4883-aa1f-e18311ce7cd9,Gift Card,Cancelled
66cd766f-e824-488a-91d8-85cf3eb34b48,b001be42-e7cf-447f-b92d-cdbfd289459e,Beauty & Health,5,102.09796,510.4898002,22/08/2023,a9cb66fb-363f-476b-ba7d-ba62df83d810,Debit Card,Refunded
12c7f842-fc4f-4955-bf98-0a2007d762d3,6e008d76-65cd-445b-980c-14ea43b905ad,Electronics,3,247.4508397,742.352519,15/04/2023,1bec7dfb-990a-4bd1-a35f-24eac342f22e,Gift Card,Refunded
83eec864-abde-418a-99c9-62d58d799145,2a2c8e5e-6b60-43a0-b0ca-2afbf8747c9b,Electronics,3,465.5833819,1396.750146,02/05/2023,8ed39b73-71a7-457b-a9b3-91b8ee774a7b,Gift Card,Refunded
6f4c0347-e7e1-4dab-bd7c-35bb50804fd4,66e456f5-ff91-44ce-9409-b7630c29b5d8,Home & Kitchen,3,170.6638699,511.9916096,05/05/2023,c3a8b0d8-46b7-4917-bd57-ff06d3a84481,Credit Card,Pending
d5f46944-b378-4824-9d3f-cf149ec3e64e,7a69864d-de2e-4eff-b106-1b8033f93270,Books,5,209.6354776,1048.177388,27/05/2023,174ba17c-4ab5-4d1c-adb1-6d9527113779,PayPal,Pending
3f18f727-d23f-4407-900e-db19512dd0de,849ae6d7-0b4e-4643-bb57-a422cd0161f9,Books,2,277.7046787,555.4093574,19/05/2023,a418c5be-5f17-4ad2-bf8c-f5f839aaf8fb,Gift Card,Completed
68819cb9-19c3-4fa5-bc69-f19eeef98b3e,6c06a3a6-a9d6-4c61-8873-6b8e68bb1ca0,Home & Kitchen,5,253.7855345,1268.927672,19/03/2023,4e873df7-b790-4b0e-ae2f-bcac8e2abdf9,PayPal,Cancelled
a15530ec-9173-46ec-89b5-2882b0d9dbd9,6c934cbd-879d-4473-a292-32b09501cc1b,Beauty & Health,1,334.2231839,334.2231839,11/05/2023,2c10bd47-1c83-489c-b126-04779eac4a72,Credit Card,Refunded
f7a4ecf0-212e-4fb1-af86-37e5cd3c1c7c,ba57eadc-3b92-4a0f-8f64-5cd31ad74f78,Sports & Outdoors,1,192.0120754,192.0120754,24/11/2023,f1c3117e-1327-40f3-b4ad-adf73c0c2a5f,Gift Card,Refunded
142a7fcc-a3bf-4415-b78b-1fd56e9fce91,df3b1317-75e8-4404-a141-0280714bba23,Books,4,497.154457,1988.617828,11/05/2023,39bc69ad-cb46-47d7-af60-eb2361393785,Credit Card,Pending
ef48e458-9c4b-40ff-8573-1ade92631541,afbf24c9-df97-4e6a-8e43-d805fc3e123e,Clothing,5,194.5625644,972.8128222,08/03/2023,1f0041da-48ba-485c-b5b2-6be52e5c484d,Credit Card,Cancelled
404e06cc-7fee-48f9-9676-8ebf0c8e32ab,84612707-0f20-471a-aee9-8609a5e65bcf,Home & Kitchen,1,408.1163955,408.1163955,05/05/2023,689542cb-3a56-4d6a-8ffd-169976abd775,Credit Card,Cancelled
48b2fcf9-726a-4925-8f13-368b0412e98e,ed9f446d-7e38-48d7-b123-e894281273c0,Electronics,4,265.3240813,1061.296325,21/12/2023,7349c519-e0fd-4773-affb-e124af2bfdef,Gift Card,Completed
33061f78-75dc-4507-9e34-a8dd2d88c1c5,bef2a5f2-c18a-4c20-b565-b571f4085a44,Sports & Outdoors,3,54.84002781,164.5200834,29/08/2023,6ae7e7be-5293-4a85-9273-e4b700a09454,Credit Card,Cancelled
bbd1bb9b-a6b3-4d83-bbc9-28368b31a79a,f4d7755e-d887-4d74-baea-32dd854c747a,Sports & Outdoors,5,203.4221263,1017.110632,21/06/2023,776916d1-1a91-48fc-a349-876fdcd6ac6b,Gift Card,Pending
90e3745c-d98f-4b7c-b800-009c4cfb9588,3f58908d-8f02-4669-9a37-df2bf7bc06ec,Clothing,3,344.4629172,1033.388751,06/06/2023,33ce2a66-e154-4c02-9b28-75c1c24fbf17,Debit Card,Cancelled
37f2126a-eebe-4382-a200-32781004f9ff,64e0ecd6-fbe0-4151-b9f0-8d06f21cc36a,Electronics,2,363.3537847,726.7075695,15/12/2023,514c637e-e0d0-419c-ae24-6be68ad8727c,Credit Card,Refunded
03c078bf-6855-4a7d-ab59-3480ba9527d2,46309cbe-0f88-4f2d-8370-fc415173b741,Sports & Outdoors,4,431.6160655,1726.464262,10/03/2023,6c2b0a03-348d-4da6-b0f2-4799e440963e,PayPal,Completed
29068a95-7bd9-4835-8a00-96e83054ea4a,ce8359eb-6078-48d0-908b-01aa0531498a,Electronics,3,460.9623284,1382.886985,24/03/2023,d896e7fa-e167-4f81-8b17-49032e34a92f,Gift Card,Pending
0c4ca3b9-aa9e-44eb-b474-cba6a9b6f076,ea8fcb95-cd43-4d51-91d8-aeab46ab6738,Electronics,5,440.2774624,2201.387312,24/11/2023,2324a411-6e06-46bc-acb4-0b7a682c429b,PayPal,Cancelled
cd53d64f-4c47-456d-9214-e4d98fad0375,5d476d52-c673-4a76-86ed-b52a29cc147b,Books,1,340.7472687,340.7472687,16/01/2023,4cfa6a7c-204c-46d8-91bc-553ff0ee7557,Credit Card,Cancelled
9c802a12-d436-47e4-93c1-e120d70219ea,ed172a45-eedc-48f6-af65-a352a070ef61,Clothing,3,437.893921,1313.681763,10/01/2023,a3185dcd-aa5d-4548-ad4e-ede4e8b8a48c,PayPal,Pending
9c06b821-928e-442d-9862-2576c5b4aef6,60a8bac9-c4d1-4ff4-b6f4-fe4914cc3b20,Electronics,5,124.3057329,621.5286646,05/05/2023,2c137cec-b3d3-4304-9561-176390691c63,Credit Card,Cancelled
dfcc9ab5-7db7-4dcd-ae3d-a71d5757c07e,a6636dcd-c0f0-41f8-b9c3-4d29efb63f5c,Sports & Outdoors,2,324.422313,648.844626,23/12/2023,490e9321-b6f8-4371-aec6-1cab21c9e5fa,PayPal,Refunded
55ad74c4-bda0-4312-aace-dbff8b7e61b6,0d5b803c-e9e5-49b5-847a-8add642093d6,Electronics,5,461.5513017,2307.756509,20/12/2023,a1628965-6b61-46f4-962b-205b80fbc283,Gift Card,Refunded
9ffed320-797d-431b-9764-389ea56f30f0,3693ca8d-ac81-4d62-b09e-e9709efca246,Clothing,2,113.2990308,226.5980615,18/01/2023,01e09c3e-ed66-4ff1-a762-76788cd77a20,Debit Card,Refunded
bc6af613-0d3b-4744-85cd-d1cff93c5ede,fe6c315d-8937-4faa-a7b4-4795e2ff159d,Beauty & Health,1,45.43153627,45.43153627,04/09/2023,2d50d612-54a0-4ee5-84b0-342aa8d75bba,Credit Card,Refunded
c044a6b2-f7bd-410e-ab70-af8ab2b71aa9,2af03cc7-33fe-40b2-8c0f-a096d2b329bb,Home & Kitchen,4,133.0335732,532.1342929,26/12/2023,45e7319a-f6c4-4d3e-9301-7f334293c564,Credit Card,Refunded
d2264f8c-e6cb-4d56-9b01-c5f041264ec7,e2c0d1e2-09a1-4bcd-b69e-52df6ba0f850,Electronics,5,133.3464488,666.7322442,29/04/2023,a4044a82-11dc-4a9f-bcd8-1427efe15322,Credit Card,Refunded
294fadc6-e313-41d8-9f4e-97be18383808,1835771a-beca-47e6-8031-0f53cc1c9807,Home & Kitchen,3,480.5100549,1441.530165,16/12/2023,9ce35296-78a0-4d7c-9acd-20acb29d798a,Credit Card,Pending
cfe2e2ca-1f7c-4f2b-aab0-9897735053ad,280fb18c-90a8-410a-b6fe-bf7b1759f627,Home & Kitchen,3,441.2655987,1323.796796,05/02/2023,f89e0bcd-f464-4a5c-9b99-40e8cd9a0240,Debit Card,Refunded
e0bc361a-deb8-496d-8916-244cdd633732,6cc5847f-6253-4937-a2ba-af2063285b22,Beauty & Health,1,20.99609451,20.99609451,28/08/2023,342e4b03-3f41-48d3-8d23-8e292ef380ef,Gift Card,Cancelled
27b27b6e-f51d-4cf8-9cd9-1ced7f7b9d6e,1d8a7499-7ae9-42d5-b61b-6d296eafb970,Electronics,5,433.2644471,2166.322236,15/02/2023,bdcbda5d-9864-406d-ab55-a08f3b5ff1c0,PayPal,Refunded
976ee82b-9694-40c9-8a1b-8d9f68265814,9a1c4a7e-2195-467d-80ce-c43077992a49,Beauty & Health,1,200.0560459,200.0560459,28/09/2023,ce0caeea-adbb-451e-a95c-ce8a58f54074,Credit Card,Pending
d95df461-f82a-4d0f-8034-42e7f36086ba,e032f834-1328-4874-b2de-c99710f78438,Clothing,4,400.263707,1601.054828,14/07/2023,46e15625-029c-4e06-b0f8-aac9146875d5,PayPal,Cancelled
76e61b24-02a6-4542-892c-c23eab29e3a1,087f1ade-1ff5-4ba9-af0c-7ecc4eb10209,Beauty & Health,3,103.5842936,310.7528808,10/02/2023,aff2a426-5ea1-4bfc-9f36-225348e5812f,PayPal,Pending
bd533d33-c89c-4150-ae29-5c7ee85bbfde,fbfd8bfa-adfb-4022-a264-2ff573a25a01,Home & Kitchen,4,371.9596586,1487.838634,25/05/2023,3c037ced-e0e0-480a-b01f-e0b40ff81dcf,Credit Card,Pending
f66f6f08-18fe-41d6-aeee-e521d8147c66,789caaea-ba6d-42ec-99cc-e1003f2e6c4f,Books,3,285.3239679,855.9719037,02/07/2023,23ebb8c3-690a-40f0-8fb8-4749709453ab,PayPal,Refunded
d24be840-b29b-4884-aaf6-c1f7579bd76d,7321e9ee-bb33-4020-a016-37ad286e1e0e,Clothing,3,454.5152191,1363.545657,27/05/2023,ead560d9-7445-487c-ab20-6858fb7a84c6,PayPal,Completed
b83204ae-22d8-4f0f-93c5-4c8e7050e7a9,bc20a35f-66a6-4750-be80-a08ce1b673e7,Beauty & Health,3,145.7598763,437.279629,05/01/2023,baaff43e-e79c-49dd-9371-ca641686e7f9,Gift Card,Refunded
5b83f221-ab87-4549-8b32-b346f4b00f56,93323dfc-e492-4648-95d8-f802866782dc,Clothing,2,226.027274,452.0545481,14/11/2023,4d48b286-6186-4734-a73d-ba94a3bfd88a,Gift Card,Completed
60d2b564-aa23-4945-b067-880df75c1f1a,c35b7f66-3b3f-433a-ae5b-599745563cee,Electronics,2,310.1253066,620.2506132,27/12/2023,98b62f42-f613-4679-ad4a-c60263a1fac6,Credit Card,Pending
f766f1d9-a6e1-4717-bc3c-9131ec573e53,81017013-bf62-4387-a331-f2c30cb696ff,Sports & Outdoors,5,114.236436,571.1821799,13/08/2023,bdf21838-ed6b-42ba-8997-27ed03c3dc33,PayPal,Completed
6cb6b7f9-8d1a-4662-a6c9-fceaf06a0353,a0f0c12f-96a3-42c1-83dc-640f3aeed0b0,Beauty & Health,4,29.81256174,119.250247,24/06/2023,4c7e4b45-2993-4391-b4b5-72b42b315a77,Gift Card,Completed
9044b617-a850-4d03-aeff-ecccee3bc825,eddb8fb6-00e8-4fd1-adc5-053e45e4c47e,Sports & Outdoors,2,264.3324775,528.6649551,02/09/2023,299da53e-265d-473d-a687-7b03a70642c0,PayPal,Pending
2410a330-7004-4a84-bab0-1c05411a7db5,4bf2dd13-5697-47a8-9959-8b8d1a08be19,Sports & Outdoors,3,40.92168281,122.7650484,16/05/2023,bae1902f-f50b-44bf-aafe-be8de58e676d,Debit Card,Completed
61a1f11d-5864-43d4-9f6e-ffad54af2eec,52bb3fa9-b2a9-44b0-8f57-bf60c72842ae,Clothing,5,11.24199442,56.2099721,06/08/2023,a4a06cbf-6e90-4f68-b4c0-dd0af840f465,Credit Card,Completed
c951bc5d-90d6-40c7-aee3-a522ee023329,06788df4-836b-4fc5-a969-9e3910bdb781,Electronics,1,168.5364375,168.5364375,19/08/2023,7737fe6a-29bb-4b4b-9f99-8607f108ab89,Gift Card,Cancelled
21ae39ca-0a69-43d9-be15-480d8fbf4494,49329465-7400-49f1-939e-06f7bd6ff327,Sports & Outdoors,1,188.966196,188.966196,02/04/2023,f7ec19f5-7fce-45c2-9ab3-8971fd8c31fe,PayPal,Refunded
6556ce44-b6bb-4ee5-973e-e5f9b2676af0,56dabe43-1440-43f2-bd80-a42d7d694935,Clothing,4,376.9398103,1507.759241,17/05/2023,334294d2-355a-4600-ad8e-4d63f06b584d,Gift Card,Cancelled
f48f63e1-034d-478e-9ae4-69b9bb61652f,3d7da669-f68d-424f-b5c2-15f13d587f2c,Clothing,5,319.7588907,1598.794453,05/07/2023,a88d11ca-fbae-4813-ace6-a57fc8d4a9c7,Debit Card,Refunded
d36a879d-0930-4d75-9514-efaaefc7775f,52c52a3a-90bf-4eb7-b1b8-134ea6babde0,Clothing,4,477.3138497,1909.255399,30/12/2023,87492df4-8e63-4ec3-8dd6-deca5476d68c,Gift Card,Pending
63c0dac1-afb8-41b9-bbce-da1e57646315,d2bae91f-887c-4747-974e-d944c5c28cc0,Electronics,1,466.9709344,466.9709344,05/01/2023,e5cdae4b-885b-497b-a437-030fc6f0d716,PayPal,Refunded
a7ec86d6-42e8-4035-bb63-8a377116f085,ac040731-b7f0-4e76-86fc-3b9568f0ce28,Clothing,1,180.5178464,180.5178464,27/09/2023,f6e9091c-a705-43dc-8540-98b12657f975,PayPal,Cancelled
e7e2289e-aac6-4da3-8c51-c348812e86e4,ce3f61ea-c46c-4ef0-904b-08fa0e5e80f5,Sports & Outdoors,3,176.1384928,528.4154783,10/10/2023,6f3ccefd-2f58-49af-a03b-991a767080e8,Gift Card,Refunded
597d6a16-325d-42f3-a338-45502e33b543,4ff3d871-619c-4bc4-94f6-2e3d1ccf2466,Clothing,5,15.45412609,77.27063046,07/08/2023,2ab0ddb0-9bb3-4998-8c55-23fae750098e,Gift Card,Refunded
103e0c05-a504-4cc7-9c26-661df19f1210,43a41830-4ae7-4fdf-8f62-eb5c1ce7b3ea,Electronics,3,104.9086619,314.7259858,28/01/2023,3a102b05-6597-428b-92d9-f0d51854dd8e,PayPal,Cancelled
0dd2b27d-f44a-40b9-b783-9ccfe7980ce8,ad33ee5c-5bf0-4c62-af10-f360717adb4d,Electronics,3,414.4060354,1243.218106,29/12/2023,cb3c3132-72df-4c87-b311-32e2eb8001bd,Debit Card,Cancelled
f88d0227-5f76-4a73-9186-b2726e6568ed,986db7ba-2c77-4790-9757-386f51c0b65c,Clothing,2,314.8345446,629.6690893,01/06/2023,65125c40-65bc-4418-99bb-d8e833009d62,Credit Card,Cancelled
be890c8a-4c0f-47de-b7ba-cf1eea14f2f1,33404b50-c0c7-468d-acf6-06d2b3893cd5,Clothing,2,133.7803334,267.5606668,10/12/2023,3f9c5673-23a7-4795-8b40-f75beafe5d32,PayPal,Cancelled
b586f57c-51bb-40bb-b4d7-1ccc1fb879b1,1daaa2ea-12d8-4962-af2e-948ba0b33d28,Sports & Outdoors,1,128.5423672,128.5423672,06/11/2023,eeed99e6-189c-484f-af7c-3ebfdd9eea10,PayPal,Refunded
26a77303-f890-4ec7-b0d0-a86651bbebc2,3baac045-7f30-49b3-a9c1-6710ce38ada0,Books,5,238.8245005,1194.122503,01/01/2023,62683e36-fcd3-4e58-9bae-694157ec9187,Credit Card,Pending
6e67bf4a-d5c7-43a9-9229-d651711dc117,807325ca-6973-4815-a62c-feac1b6ae2a8,Sports & Outdoors,5,309.2730809,1546.365405,27/12/2023,aa5b74b0-50aa-4bfd-b8b7-eb28c5d455e8,Credit Card,Pending
08fac3e2-8411-48e4-94f0-bc63752eff29,aa136463-f8b6-4c22-b5a3-3923f3f790ab,Books,5,195.0051535,975.0257674,24/10/2023,cfd10ac2-94bc-4f81-ab04-051da4a77df1,PayPal,Refunded
69a2ef11-7949-4305-946b-69c9ca7f0618,1e254e9c-ba70-4b3f-ac38-43a670d283c8,Sports & Outdoors,4,201.7793573,807.1174291,19/02/2023,3da78d74-7b17-4c77-be56-e0ce715a84c0,Gift Card,Completed
8f75329a-0e86-4f48-a6b4-ac58eecd0d24,f33da184-9129-4bea-a739-c23ca2c77810,Clothing,4,279.6343749,1118.5375,25/01/2023,45f78eff-45af-4ef6-8863-e984d81916e9,Debit Card,Pending
b41bdc7c-29c8-470c-b0e1-4e54f13e30b7,a28ca747-4d46-4687-8197-ef909d50518d,Books,4,267.6026408,1070.410563,11/10/2023,2b1f8367-444e-42b8-8c52-a454c63a22f1,Debit Card,Refunded
2ae3ab85-dfd1-422e-8559-cb5a1e227a4e,44a76c3f-d677-4d90-8009-ee671446ba52,Home & Kitchen,1,464.2198029,464.2198029,13/05/2023,9922635e-5d39-4003-8601-f45a58f015ed,Gift Card,Pending
19e3a3e8-e5c7-4162-8c7f-8d025000f54a,2c6777ab-11e3-4cfa-9fa2-0e9ec8835919,Electronics,5,490.5055648,2452.527824,17/03/2023,8a7c9013-75ed-47af-979f-ef2cb042beae,Gift Card,Pending
6a54de21-4dbb-4502-9dd8-e556360fd028,c097b5c0-c594-4703-8d85-ae63286d5994,Sports & Outdoors,2,26.33267677,52.66535355,23/02/2023,f5803721-819f-4603-aef9-fc44c32cd21f,Credit Card,Cancelled
2d410afd-62eb-4bde-8c0b-ead31d34bf96,26ab66a3-6146-433f-b7e2-d687f0d21499,Electronics,2,177.0540474,354.1080948,10/08/2023,96511a95-c3d7-41fc-825c-52202cbe32f3,Credit Card,Completed
d6e4c289-69be-408b-9bfb-3fc6cf3f7df6,f0c0d2d2-5e08-4f28-85f0-862d13adb852,Clothing,2,376.8615977,753.7231953,12/09/2023,9422a94e-e349-4d86-8cd7-4b8661a7fac9,Debit Card,Refunded
ed14e055-eaa9-43ca-84d9-72cea85cfbd6,37bb80b8-b6fa-4906-9cb4-7c9b78190f6d,Home & Kitchen,2,486.0168795,972.033759,21/12/2023,9af24bcf-314e-44d4-b649-282ab68af8eb,Credit Card,Pending
7343814c-f273-42aa-8a45-0cb733b54a59,d57ecffa-1b34-4c28-9a22-40830abbfac3,Books,4,356.4806541,1425.922616,05/06/2023,47307147-b96f-4465-8f21-c39e5bd63c33,PayPal,Pending
3260c14d-cd4b-4dc2-955c-57bd6657f975,01e54516-2bef-48c7-aa41-831abc8930d8,Beauty & Health,3,300.7941359,902.3824076,06/02/2023,90737d37-e786-4840-8d4b-4297d9b9835c,Credit Card,Pending
fe98856d-89bb-4d47-a2c8-b12d3d668484,0c2d9b1d-1a10-4937-82ae-2c2f1e0f12eb,Sports & Outdoors,3,369.3569184,1108.070755,06/09/2023,cea75f53-f77f-406f-b080-6169e9e97c5d,PayPal,Cancelled
9d3590b1-cf75-4bc3-9043-964f16c26070,4eff01b5-ece1-4254-9703-6fb8a8efdfbe,Books,5,497.6257436,2488.128718,08/09/2023,9b3091ad-a238-46ad-837c-97f980a0c8a6,Debit Card,Pending
8a254b50-5f30-412e-99eb-6c765af80a87,ef73b6fd-ca13-4db8-b67f-a2b3666aee02,Home & Kitchen,2,226.5102889,453.0205777,09/01/2023,dfb6cb91-3a89-4405-81a7-974a413f5c50,PayPal,Completed
7a34d0ab-ba81-4405-8d5a-e50ecb512d7a,3ef3447f-3892-4a0e-9030-e8ca3aa5c533,Books,2,209.5996262,419.1992523,21/08/2023,4962f605-0247-4626-975b-bb45ab59b45e,Debit Card,Refunded
e83dc440-aa7b-445b-8ef8-4412699dc9fc,acc8b9ec-5f8e-459e-a023-5ff390a41fe3,Beauty & Health,2,57.84308772,115.6861754,04/02/2023,b6c3dcdb-f169-43ff-9920-6cee191d0f57,PayPal,Cancelled
88733427-b53f-4b27-935c-6f468d6c3a91,0ce5d2e1-e9b4-44eb-b67c-933b538fd776,Electronics,4,162.1894551,648.7578203,06/05/2023,8add342d-5912-41e9-95a8-063bc443e23b,PayPal,Refunded
add10fcf-2dda-4c66-b87e-0c00653782e0,d0044603-cfbb-4e3a-a1b1-830fa66b04d2,Electronics,1,175.856447,175.856447,01/04/2023,9e174b52-59c3-4b01-84ff-1242838c6b29,Credit Card,Completed
b2d0f013-f360-4c54-af37-de1ebc4316db,aca32ee3-7d40-48f9-8cda-2ba90d456778,Clothing,3,258.2441855,774.7325564,31/03/2023,c599481d-7ff9-41f4-99bf-3623d79990bd,Credit Card,Pending
56f906ff-5be3-49db-b1c0-bbcf2ee7a167,a342d466-572c-42f9-833e-d834302383ae,Electronics,5,142.721953,713.609765,21/03/2023,97e4fe36-7128-4d53-90cf-a5c09b754776,Gift Card,Refunded
855cb45b-6cdb-46f9-9655-24636cbe7ff7,11ce6b9e-5c0c-4f75-8ab1-67b2b1cd5e16,Books,4,112.6219753,450.4879014,12/01/2023,693fc7b0-f4fb-41eb-a207-ec6f6ca70918,Gift Card,Pending
1dfda3b1-fbb5-4026-84ab-17e2bb5ad776,64489109-162b-451b-bc2d-fc98ca18bfb2,Home & Kitchen,1,217.2119205,217.2119205,18/03/2023,f2f804c9-632b-479e-bbba-c334327e29b8,Debit Card,Refunded
0d8c5d62-3ba7-4606-b9ea-b62b17b42b5d,3922f177-e10a-4948-85b4-12bfe04111ac,Electronics,4,445.7914026,1783.16561,25/09/2023,f9f64342-f7f0-4b2d-acda-3e228caf5503,PayPal,Refunded
dff29d57-9ea2-417f-8c6c-093d6d530d7a,9fcaec0e-a4f2-49ae-9e06-242902fa87c6,Electronics,1,16.44857983,16.44857983,08/06/2023,6dba7421-c9c4-46d9-a10d-dcf41c6e6fd6,PayPal,Completed
9a044e3a-6c24-4f4e-a807-555fba7ef70c,2f511f11-0450-4f33-a5ee-87b39c2125f5,Home & Kitchen,4,480.0055964,1920.022385,09/05/2023,2f7caef5-ca30-487b-9d14-80f1c6bff985,Debit Card,Cancelled
ba7b83b8-bb15-47a8-a6bb-8c37fc25705c,719f63fc-4aec-4694-8aa8-ef769c68f31c,Books,4,184.0987618,736.3950471,18/12/2023,e32a9776-9a18-4ddb-a88c-42f36ff14ad8,Gift Card,Cancelled
d007a7f2-9a90-4e34-ba13-46f105720541,02bcbb03-3121-41b9-9302-9a1c2441e995,Home & Kitchen,5,240.1973612,1200.986806,30/12/2023,2e6beac5-ec5b-4366-b74a-4370adfc93cd,Credit Card,Refunded
ad287f64-2ef7-4d7c-b66e-8e2ed4e30276,af759bb8-22dc-460a-bea0-e5657148a43b,Beauty & Health,2,443.6936503,887.3873006,29/11/2023,4aa951a3-bfad-4fdb-8ecc-6fa9ff680c77,Credit Card,Completed
b8317683-de1a-483a-9002-75e2e493c20e,23373630-01fe-4f0b-bf61-16c23df96acf,Home & Kitchen,4,246.396728,985.586912,02/12/2023,a1471dde-c189-4503-b523-1d9ce254a8e7,Debit Card,Refunded
f7c47816-71a7-4314-afdb-2dc028555abc,f3187163-2d71-40a2-a470-cdd317e40d33,Sports & Outdoors,1,411.6896665,411.6896665,12/05/2023,48139fb3-f3fb-48a2-8c8f-8775be586cfb,Debit Card,Completed
9f17d98d-4191-4caf-96a0-8c1647261f80,73daa470-ae76-4a2b-a3e1-49edef55f396,Clothing,3,107.6480358,322.9441074,09/04/2023,a0faf753-9848-4503-94c7-7938106476dd,Debit Card,Cancelled
caed5db2-39f1-4aea-a159-5bda5e8cde19,16444982-8f76-44d7-bc9f-c0f6eac976b6,Electronics,1,261.124537,261.124537,22/02/2023,4635bca1-32d1-4378-a9d1-18a4c28fa940,Debit Card,Pending
23f1f427-aff1-4fef-b94d-eefaad70de29,6a360352-dd0e-4002-a625-d9806959fed4,Books,5,36.52857296,182.6428648,24/05/2023,76bdbd71-2e4e-4403-9262-04a3e993e9df,Credit Card,Refunded
53785280-1b84-4594-978a-8d45812ac706,f2d259f2-25d9-4c82-a7f7-80d816da435d,Beauty & Health,2,333.504201,667.0084019,19/02/2023,cdb6f99c-d955-4883-aeea-69fa4f5f2694,PayPal,Pending
c1216b30-6dc2-4cc5-80cf-a81963b806f9,52859082-6e4e-4d0e-bc03-d8b9a5078da0,Electronics,3,127.6306392,382.8919176,23/02/2023,5258d401-c2ee-46db-a98f-33e910abe758,Credit Card,Completed
5f17b14e-827e-44a9-acb0-13bdf46c400e,418fd86d-13bb-4b83-be59-f616dab042f9,Beauty & Health,3,438.4577069,1315.373121,12/01/2023,2ab38b35-5a97-482c-9fe1-0cce226cb37a,Credit Card,Pending
7163c22e-46a6-4582-86a6-06d87dcb2be0,16f29931-09b2-4e73-bbaf-6507a5fa8715,Beauty & Health,1,193.260649,193.260649,15/01/2023,2ff8a941-813f-4a56-8205-01e16fb67777,Gift Card,Pending
38b8f8f0-a5d7-4a1a-b552-59f4b35d949f,6b69386a-6041-4561-b318-089e94292173,Books,5,256.6118779,1283.059389,23/03/2023,4a28406f-cfda-460c-8083-ee0198e01574,Gift Card,Cancelled
d14c4a01-245c-45b7-b260-6555d8a8c615,2bd68f6e-479b-444b-9f59-0612f075f0e6,Beauty & Health,4,485.7595751,1943.038301,28/11/2023,b22912cc-0e17-48b7-aedc-489b9e5fd0c7,Gift Card,Completed
eb71131e-1818-4b69-9a6d-f888a513914c,0b9fe017-73c6-4c99-97d5-14cfcff0f43b,Home & Kitchen,4,165.6565691,662.6262764,06/05/2023,06c9f274-fbd0-4c98-a9bb-699f5b33f13d,PayPal,Cancelled
3df865db-a839-4398-b70e-5be3354a8de5,0e4e7d61-521c-4b4d-9aa6-bddd0b5d92cf,Electronics,4,400.0599666,1600.239866,28/04/2023,2fb5633d-8ea5-490b-af0a-a52993fc99ed,Debit Card,Cancelled
2e93985b-19de-43e9-af2d-77ead90d80ec,8e0495d9-1db9-4700-8792-51abf78023a7,Home & Kitchen,1,18.77451149,18.77451149,06/03/2023,b10d60fa-4cfb-4dd2-a965-e4c6e97033f8,Credit Card,Completed
c6a27aa8-ea5d-4446-9882-eab73bee34ba,d8714d6b-9dcb-49b5-bfbe-804828067294,Clothing,4,32.97821219,131.9128488,07/06/2023,4533d331-6b58-4380-9564-4c8d13b55dd0,Credit Card,Refunded
e3dbdee1-cd2f-40dd-b131-a639f7fc29ee,dec4267f-fc33-4f4f-95c6-0247791fed0f,Clothing,2,212.2202742,424.4405485,21/01/2023,0235e523-8b11-4960-9af9-fbba6fc0c0ba,PayPal,Refunded
6948d5b4-8f31-4f26-a259-97f19335f4de,128d7c8a-75fc-4781-8d4c-c84f220d6554,Home & Kitchen,4,239.1946366,956.7785464,19/06/2023,9bff79e5-8202-4dbc-8338-27e42b8890c3,PayPal,Cancelled
3810e9c8-6d56-4062-9c4f-a196dcbc2344,b823fe54-2299-4582-b401-f5770d89d8ec,Books,1,269.4344022,269.4344022,21/01/2023,7e531929-35d0-4095-bc27-7e289d1e0a3f,PayPal,Refunded
78162b33-67f2-4799-8010-0cdb89c60b44,a827ecbc-7edc-4a0b-b544-54ea8662d441,Sports & Outdoors,2,427.537177,855.074354,08/03/2023,77314a95-ccb9-43a5-a70c-528803d2822d,PayPal,Pending
daf7239e-0a7d-4384-b8a0-c6babfc4c622,1305337c-4ebf-4e92-bf10-96ee8af97493,Home & Kitchen,4,213.9943544,855.9774177,09/05/2023,b1ce7635-d8a6-4a6c-8542-53c6bd44d0c9,Gift Card,Pending
e53cfa07-fca0-4381-9bc7-46a6438b3f21,2c705b0a-7dca-455e-b595-a838cfda05d0,Sports & Outdoors,2,478.1079723,956.2159446,10/06/2023,8578b9c1-6b50-430d-9e10-b1a556a62606,PayPal,Pending
f0bd67b2-81ae-4bf6-b781-b99a443b1350,5b20ee7b-d043-4748-b414-6f0554138aa1,Clothing,5,480.7839558,2403.919779,16/02/2023,62a3bef3-1cf7-4206-ab17-b52b12f20fe0,Credit Card,Cancelled
9f17d031-848d-4dca-83be-5b15cd198567,00c77b95-fc88-445a-bc6f-1175807700d6,Clothing,1,483.4912904,483.4912904,12/09/2023,421f8c43-54cb-4e8d-87ec-315532b448f6,PayPal,Refunded
064526b8-1e09-4eb7-80db-10d513dd0078,0df39be2-ca53-40b1-9d13-9d8befbb8c4b,Beauty & Health,1,284.3045684,284.3045684,03/02/2023,136bad5c-6a12-4b41-bb6b-559d7cd74de0,Debit Card,Refunded
7abbbff2-ea9a-4f4d-a2e0-55efa2412a9e,8ebaaa6f-cbcf-467f-b82e-b4a75fc18a81,Sports & Outdoors,1,142.1436411,142.1436411,19/05/2023,252c5c9e-6b4f-4125-8bb5-44aba4b0ad48,Debit Card,Cancelled
1b4bd76a-f9c2-4c6b-839c-fc2fa2908f34,a9ce40b6-0661-4bde-8df8-823380d96ef6,Home & Kitchen,2,369.4283181,738.8566362,24/07/2023,d74d72ba-a8ee-40a4-af09-aa6503ae54e6,Credit Card,Refunded
fbb3b0dc-b4ee-4f8d-a6dd-5ebe854664bf,163b1f59-acda-4dca-8ad5-bab30a9a8cd5,Beauty & Health,3,296.9657933,890.8973799,26/06/2023,15397ebf-4fa6-4ea0-b4ff-47ea39f7fba2,Gift Card,Refunded
27bc5dac-d9af-45c3-902a-be4c0a39c1f9,d77dd9a4-36e1-4f77-9595-89750488acbc,Sports & Outdoors,1,117.5497954,117.5497954,16/05/2023,aa25b2e4-91bc-41db-a615-e4335ede6df3,Credit Card,Pending
08eedf9e-5add-46a1-a36d-be347e4d6434,87147656-992b-436a-9ffd-2b06c991924e,Clothing,3,369.7784243,1109.335273,07/07/2023,9ee2a4db-4307-4a62-97b4-1534ba01e04d,PayPal,Completed
aaa5db1c-3163-4d50-8f20-755e6023e59c,40537667-f41c-432e-b400-4a1e876e4357,Clothing,2,274.6151116,549.2302233,17/07/2023,045024f8-85f3-4a5a-8359-61d66eecd7ea,Credit Card,Cancelled
b932f49d-e06f-4d06-ad73-a3c8cb698928,3adb80a9-e648-4ca6-b68e-e9fc985cd21b,Beauty & Health,3,178.7472342,536.2417026,14/06/2023,85532abf-8c64-4a56-a4ab-93822d77b17e,Debit Card,Completed
a112bf09-c721-49bc-8e75-be79c67d8723,92309587-5ff3-43b6-b172-5f43e26aa406,Electronics,5,250.4311818,1252.155909,26/12/2023,4aa449ef-56d8-4f8c-a7a3-29a953972a97,Credit Card,Cancelled
1a4b3de9-d2b0-4b92-b517-a922be65be44,b502eb49-02a9-4090-9968-0868a3af38ff,Electronics,3,494.7859989,1484.357997,07/11/2023,19866733-a325-4b40-84af-e244fb75069e,PayPal,Refunded
fff8821d-250b-4cc5-8683-d5ea0feb51fe,043aa999-ac55-4470-b6cd-120f7bf05fd7,Books,3,102.6012363,307.8037088,06/06/2023,d757e9b4-ebdb-480e-b238-e5474089bc5d,PayPal,Completed
db2d36fe-01fc-45c2-988b-03b5e5ffb2ff,ef70768f-f077-46a4-81f6-89693c236132,Sports & Outdoors,5,454.9224697,2274.612348,16/01/2023,e209f83f-5059-40a4-9f42-94e4d072fdf3,Credit Card,Cancelled
c38a8f81-7cd1-483e-ab76-a9e3517a9236,5f35073f-6c63-4ff3-b125-50e738a0ea76,Electronics,2,160.5489442,321.0978885,16/12/2023,27755f56-7d4a-4ab5-af9c-e14a017a4990,Credit Card,Refunded
5af8a3fb-ba08-4af9-8db3-19d485934b0e,510d6cfc-710b-40d2-aaca-aa207b89b2e0,Electronics,1,60.29992415,60.29992415,23/10/2023,0a33dcac-ad6c-4b5f-ab96-80d51e67a9e2,PayPal,Completed
0edbe9a3-60ad-48f8-aca5-8bf4e076a8c4,f28a3db4-d2b3-4980-91f5-be16fdd0c059,Beauty & Health,5,32.15159919,160.7579959,15/10/2023,8480fbed-f5ca-4c5c-bc01-6e515eb802fd,Debit Card,Completed
74edca5b-8f09-4d3b-a0b9-986ec1265abe,5265d10c-358e-4fff-9916-31ed9c4bc1db,Sports & Outdoors,1,228.6697458,228.6697458,07/02/2023,5511978a-12da-499e-baef-092ca721b8d7,PayPal,Completed
f4f2667f-c441-4cbf-b22e-860043922265,80b10642-b549-41ab-a22f-0b902078527e,Beauty & Health,5,189.0362105,945.1810524,08/10/2023,d1609f2a-bbf1-4616-a8f7-d57655e39f8a,Debit Card,Completed
98491d3d-e758-4596-9fb9-c747e811f7f6,913bae47-215e-4c08-acd2-6eaff1a6d572,Home & Kitchen,3,232.6705888,698.0117665,13/11/2023,3496eadb-21b1-41fa-91c7-b3dcbb40319f,Debit Card,Pending
21c8ee1d-fa04-42a1-8043-8e3843547fe0,9c183638-7795-4fc0-a6ea-61282dc5b06e,Books,2,37.81099307,75.62198613,31/10/2023,eb1ef26d-b574-477b-bb0b-4acc130ed893,Credit Card,Completed
27112435-ce76-4327-ac80-cb537e94816f,88f003cd-664a-4329-ad44-c7a913918fa4,Sports & Outdoors,1,487.1503568,487.1503568,07/09/2023,cc7204b4-05e9-4881-878c-a7a3ff35cdac,PayPal,Refunded
b0031f22-a9d7-42c9-9c1e-f0f423d2b6f5,aded8243-7e43-40c3-952d-b6de4af02de4,Sports & Outdoors,3,117.0599959,351.1799878,12/05/2023,6efc6f0a-5185-4d93-8078-3a6d5e810896,Gift Card,Pending
1f36c97f-9753-4aa3-b77c-00e365c308c3,08f62621-509a-4055-828f-8e1759f5483f,Beauty & Health,2,341.2083345,682.416669,07/03/2023,5dfe9308-f092-4d3b-9b34-3f7868549d0c,Credit Card,Pending
322e5c2b-b31c-4110-a4c9-51680faf1acf,1d1189c8-cafe-4dec-ad73-71a8dd9f1a68,Sports & Outdoors,2,86.09646387,172.1929277,20/01/2023,1dddff58-8385-4fa2-a30b-5a68cde46bc1,Credit Card,Pending
2208898b-b178-475d-a728-5a9c03f61f9a,0611c8d4-310b-4266-a3ac-d22194a40119,Books,5,244.5040151,1222.520076,08/04/2023,67ba3597-838e-4e98-84ef-3eee1a6269ed,Debit Card,Cancelled
89df48a8-29dd-4a47-9571-7be1571087b8,e385d30a-cce9-491e-9596-248cdcd1a750,Beauty & Health,5,477.8444256,2389.222128,26/05/2023,4fcac66f-1af4-43b9-b7cd-0504c66fe6d9,Debit Card,Cancelled
1053faa6-944e-4972-aea7-d40bbe635e68,a6d6dc38-6745-41c9-95f8-f8cdf9fac34d,Electronics,1,272.6363473,272.6363473,12/06/2023,cb745bc5-9111-4ef4-9b23-b01c6451bb87,Debit Card,Cancelled
688e50e5-d9e4-43bb-8ce6-c3d283aa0ef2,8401aff8-d375-4486-9f67-093af5ddc2c6,Electronics,1,209.7426121,209.7426121,17/04/2023,17519426-ca59-43a3-bd47-e6f0bcc395f0,Gift Card,Cancelled
d6c48d66-32dd-4ec3-876f-c1e742fb1420,b7a0b60a-ac75-4ec0-96c2-d60bc26421e8,Books,1,90.94730324,90.94730324,27/01/2023,d94ab8e1-fc7c-4136-b173-465e9f7bfd07,Debit Card,Completed
33a6adc0-5b8e-4e0f-aac4-73e637327078,157fb8c3-f781-4a9b-8ad0-b09012bc83f2,Home & Kitchen,2,60.46591173,120.9318235,22/11/2023,3fcf3dab-754d-488c-a9e7-7de80697c047,Credit Card,Completed
21af6291-db0c-43ee-a2a1-7ff1b2f555cf,5050399b-b891-41c4-8a35-6752993be1ff,Books,4,386.875263,1547.501052,19/04/2023,1b72f801-938a-46cd-8d80-ce21e883b3ca,Credit Card,Refunded
00348f9b-e129-4605-8488-6e61af3c758a,a25fb98e-8950-45dc-a63f-f600380811f8,Clothing,1,122.4244609,122.4244609,30/10/2023,bb7b9fd2-8d50-4dbb-82b6-96785ce073a7,Credit Card,Pending
79fffb89-e524-4c47-acd4-77d3b6719ffd,de697636-5194-4c1d-8895-5395ecd08a50,Home & Kitchen,4,126.7545151,507.0180605,18/03/2023,0d936153-673c-4cfb-9f4a-cffd5ce29698,Credit Card,Refunded
cdfe387f-aa13-4d4c-b2bd-671fac3ee971,bb7dc1dc-a6fe-4680-aad7-78694c84ed52,Clothing,4,156.2910669,625.1642675,30/11/2023,d4eba219-7c9d-4bd8-a280-ab0b154a3a0a,Debit Card,Completed
13342921-0b75-4265-bb31-d0d616849821,89ad9225-80e1-4d48-b523-36cdaa58adf0,Beauty & Health,2,150.3874936,300.7749872,06/01/2023,760255d1-1114-4e2e-aedc-54182ce446b5,Gift Card,Completed
b0492427-6a93-4e22-8551-361eee281b10,3156772b-f542-4eaf-9747-10b742c94f81,Books,1,375.7384952,375.7384952,18/02/2023,f511250e-45c3-4fcf-8098-52acd99dc599,PayPal,Completed
6573890c-54e3-4a8e-b28a-82de6bab7cf4,eb4a1d19-5014-4df3-a444-c6af5fb2b36b,Books,3,146.9950528,440.9851584,18/02/2023,42b753dc-568e-4e13-bfb9-a17dabca11fc,PayPal,Cancelled
b2641fa1-2b02-426a-873d-275d485037fc,087418e2-5890-4ce3-8430-dba5d26b2088,Sports & Outdoors,3,332.5989954,997.7969863,13/10/2023,3345dd2d-1643-46e2-abe7-1122c17867e8,Gift Card,Cancelled
915d25f4-968e-4177-bb08-457e7a1b321f,af3be553-d1ea-4a42-a1ab-2980789e9243,Books,2,410.5149538,821.0299075,29/01/2023,f6106f6a-4d38-4232-b85d-057d5d01bbfe,Credit Card,Refunded
2806ea74-c697-47f2-b07c-fcd20481db03,fedb5038-3378-4077-91e3-7172b5c4c7a5,Home & Kitchen,3,431.4215809,1294.264743,15/12/2023,6c7c2588-a35f-4f4d-87f8-3e7858677f09,Gift Card,Completed
eb94ff00-1ef3-4f37-817c-d3fafd1d8d12,4c8576f6-e455-4369-b037-f8c89ab84cd9,Beauty & Health,1,55.02730354,55.02730354,07/09/2023,43770823-0c3c-4c50-98e7-239b4d90b4c8,Credit Card,Refunded
7cc3a618-7563-42c2-bd24-1749c2b33310,a15100f5-b422-4125-975e-84d90db68c8d,Clothing,4,447.4029588,1789.611835,26/03/2023,ad58aaa0-2adb-46a2-baf4-dadd8755fdd8,Gift Card,Completed
b08a1868-f1e9-40c8-8a47-ee0dc6de52fd,fe747d2c-3447-452d-829a-c0909e10b083,Sports & Outdoors,4,136.9793653,547.9174613,27/06/2023,7531d0bc-8c21-4b4f-8eb5-013fd6dbcde0,Gift Card,Refunded
243713de-8e8c-4695-974a-719ee6bcdca9,7376cb33-4537-4731-b89e-51b4e33b06aa,Books,5,82.71693018,413.5846509,27/03/2023,e4ea536f-4295-4389-83ef-25bf030add98,Debit Card,Pending
7af2629b-258b-4374-9cdd-042f4670c1e3,bcba39b2-d665-4b40-89cf-4ef4a21dca34,Home & Kitchen,4,385.6711433,1542.684573,15/03/2023,d2816b18-ca69-4e30-860f-b5acbdc78325,PayPal,Pending
35cd59e4-6953-422d-b3bb-298d1d001898,f9c3a1c6-e7cd-4519-a13b-0dfe76497373,Sports & Outdoors,1,112.835516,112.835516,22/03/2023,a1cb1fea-9eb8-40a8-a782-7f82ff64368f,Credit Card,Cancelled
be3be65d-dffe-4603-9a16-f5b2be2eb45a,6a3dc51f-124d-4e3f-9243-217dbcfe0152,Electronics,5,285.0632804,1425.316402,23/03/2023,5c62f43a-b978-44a1-8b70-c53ebf93a550,Debit Card,Refunded
24e3940e-1552-4a2c-8216-cfe3345eca60,4ce55615-f204-4a4d-a0a5-af2fb5ad372b,Beauty & Health,1,65.43240512,65.43240512,14/03/2023,f1d9ed51-1959-43b2-8796-c97cca775506,Credit Card,Completed
5e866b19-a060-4e2a-8b73-d90b46349e3c,b26d6d1c-84f9-42b8-b2ea-241fef0cc9fa,Clothing,3,136.7091578,410.1274735,21/12/2023,5b414f8b-87cc-490e-8c71-f646e92b08be,Credit Card,Pending
1f4e4234-b904-46ea-aa4e-6bf35fb7387d,b5b06a03-e3f7-43ec-a649-15ac4740b553,Clothing,5,348.2935739,1741.467869,01/02/2023,c78c7dce-4b46-40af-a95a-d71bb9ccd7f9,Credit Card,Completed
bfbbf7ce-489a-4c14-b7cc-48e14eaed903,8b5a165e-cead-4a70-af16-905b025fb5bf,Home & Kitchen,2,285.0132361,570.0264722,13/12/2023,99a100a6-7b80-4663-8ece-fdf051110c88,PayPal,Cancelled
cdcdd1cc-1809-4e33-b6d3-2d7d5278a6c5,af1cfac9-8638-45f2-bca6-a7b4e18f70d3,Books,5,303.2833714,1516.416857,12/11/2023,fe15dbe2-05a1-41fb-81a3-1b011d1a611e,PayPal,Refunded
76c8b62d-5b6f-4e68-95f0-f1c9da8c3c6e,e8c3c6cc-3922-40d0-8203-6b4aaf2bcfa1,Home & Kitchen,4,296.8931587,1187.572635,13/07/2023,639cd3a9-a97f-421e-b01f-50e7ef0f99bf,Gift Card,Refunded
e30c2d37-6e0e-4dbb-bf56-96b761239baa,b5ad0984-751c-418f-a941-1772dbf61496,Home & Kitchen,4,109.6312112,438.5248446,21/03/2023,50de6163-6afb-42e5-86a4-a2608e354d08,Debit Card,Refunded
a88012a2-68b1-47b7-a01e-1eb429f9bb16,c5e499b5-b716-4752-9e34-a7345cc37600,Clothing,4,120.9412107,483.7648429,16/04/2023,be68ab05-88ba-45ce-be34-64001c13d72d,PayPal,Pending
3a6be834-195a-42da-b7f6-27869446cd09,040be403-ad16-48ac-806f-854ef381dab8,Sports & Outdoors,5,12.00626162,60.03130808,03/10/2023,f412439b-0511-49c1-8936-5172d874219d,Credit Card,Cancelled
1cd868dd-b084-4148-b288-d8d31a53e3c2,d3c91922-2619-4e9b-9f78-db67573102e6,Home & Kitchen,5,52.47791555,262.3895778,15/07/2023,bff54a56-a678-4c93-900a-21940b2fb13a,Credit Card,Completed
0285bf8a-2554-475e-a866-22506e61f1ce,b2f5ac21-7d7c-4e76-b34c-5f05d3d8225d,Electronics,3,180.2930648,540.8791944,12/03/2023,05dc2f47-ee31-4c14-987c-bdf0e110b075,Debit Card,Pending
da6c04da-9ae2-415f-9033-c299d11ce374,37eb4785-d82d-468c-8375-76e45d3bf878,Clothing,4,481.9260521,1927.704208,05/11/2023,648330bf-59f5-419b-a2a1-47ea5c0e14a9,PayPal,Pending
43a66ad8-d1db-4409-8755-1493fc160722,c85f129a-2c68-4134-9949-4b7a5d6a8590,Electronics,4,139.4466624,557.7866494,19/02/2023,b8c659bd-626e-4b93-bd0e-ec0fe3c4109a,Credit Card,Completed
f7361c62-175b-409f-bfc9-2fa67c951b26,b383d075-125c-4bb0-859c-8f9900632bb0,Electronics,4,201.3421003,805.368401,29/04/2023,6df58e69-451b-4d85-b91d-da7d943b1c3a,Debit Card,Completed
13252dc9-f12d-47ae-a5c1-69b179f1885b,83418e76-e283-471d-a4d1-76e4d1ee8002,Beauty & Health,1,36.25678621,36.25678621,29/09/2023,6b14b724-d0af-40b1-ad3b-0a94c9634de3,Gift Card,Pending
7169af34-e35b-4631-a114-822530a756df,1675a16f-c2c8-4151-991f-44a66b647ed3,Beauty & Health,5,71.61328326,358.0664163,19/02/2023,7b8bb3d6-5bf5-4881-b117-d6ed0fce4b89,PayPal,Cancelled
3cada5cd-6244-4287-8bef-23eeae64ca24,dbfc7154-59ff-4421-84c3-d4526b0969d2,Sports & Outdoors,2,186.4881723,372.9763447,06/09/2023,37f262ad-8f17-4f44-ae00-3256439e5525,Credit Card,Completed
ce1933b3-a1d9-44f2-a727-e367ed1bc12e,ed860f00-1baa-4e7c-8a60-676e1f6703e3,Books,4,337.2811424,1349.12457,20/10/2023,35a418c5-97da-4f70-aad8-fb69ca19bd37,Debit Card,Cancelled
b7db6434-3804-40a3-b859-91a6e7df2b96,7f52154e-6444-4731-8d13-4614e1b2b256,Sports & Outdoors,2,380.251562,760.503124,11/05/2023,5edaa83d-a33f-4521-8393-ac61c13256f1,Debit Card,Refunded
799c07ef-f9a6-48bd-bfbd-f32334714b26,ae2d72a4-178b-4418-9f1f-a343f514ce8a,Electronics,4,130.8126562,523.2506246,10/07/2023,441417d1-9fe5-4487-b841-77bfe86c7ed3,PayPal,Refunded
03583170-2adb-430d-8952-40cf69242cb0,56bc8c7b-2fe5-4f75-bf9c-1ebed9f52e64,Clothing,3,121.6083381,364.8250143,28/02/2023,c54ce331-298d-4a57-aa4f-de30f8e2c2c3,Debit Card,Cancelled
e46aabf4-349f-4e39-9619-93581c32a64c,35be8ce3-9100-41ec-832a-7adc0ee5811a,Beauty & Health,4,405.6830549,1622.73222,15/05/2023,71c7cfd9-8eca-4a31-b0a1-b8c2895fe458,Debit Card,Refunded
5d719744-9097-442d-8cd9-62136986e7bf,48a12654-8843-4c2f-9227-f76e2042938a,Electronics,5,461.7801382,2308.900691,05/05/2023,cf3e1bed-c47f-4ee8-949d-9c188bc8969d,Credit Card,Refunded
66ba4153-c125-43e8-ae97-adb4f01fe4da,0076cd6b-2533-4d06-9252-e707c1a433b0,Clothing,4,107.0420113,428.1680451,29/12/2023,e9bebf31-fe04-40d0-a206-8959715648e3,Debit Card,Completed
fa29b7e7-2345-49b9-94d0-eedee1733bfd,82a92db7-438a-4901-ab7e-995cbe0781cb,Electronics,4,300.0403548,1200.161419,29/06/2023,053bfd49-57d9-426d-b9b6-0abf724bf3f5,Gift Card,Cancelled
c18352e2-7b3d-44ca-9dd1-cd91aded33a9,de184d3a-6f66-46c7-90cf-b1661072860b,Beauty & Health,2,366.0792433,732.1584865,09/02/2023,1d3d1c2e-5f57-4155-9e71-c7faa44ae1fb,Gift Card,Completed
4dbd39f3-1841-4f83-956a-fcd6a1c531fb,6a83dddb-ec3c-4b5f-8d76-afea05a7055a,Electronics,2,498.216843,996.433686,09/01/2023,fed4c6fd-eeb4-4d61-8416-9e9cd9c1a94d,PayPal,Pending
55294cb3-b53e-4038-91b3-1fd27d4756b4,5a6226d4-2062-4f5e-b110-f41d53b76be2,Home & Kitchen,3,408.8783744,1226.635123,06/12/2023,4198e5eb-0518-4022-ac1a-0385e21cf76b,Debit Card,Pending
d225d4e4-bcf8-45cc-b7e2-b6f32eb27770,c46c57ff-c95a-49c0-8907-b37c4ef9a234,Beauty & Health,5,93.40165507,467.0082753,22/11/2023,e9d67319-84ef-440e-8bc0-709c34f84c34,Gift Card,Cancelled
508e1c90-0a2e-482d-a635-6f8eebaf4689,77390a4c-f45c-486a-84d5-f347a3d026c7,Sports & Outdoors,1,281.2021351,281.2021351,21/09/2023,f1b9bf63-b09f-486b-a220-8ced3cac5e6e,Gift Card,Refunded
55edfe36-8f7c-4131-a7bf-d75922bc7424,685e77d5-1fe4-45fa-a97a-cecb991e00ca,Electronics,4,306.6411782,1226.564713,26/02/2023,d58bc9bd-ce64-40c1-8f21-f2e57f28d933,Credit Card,Completed
f2ee6961-eede-4716-bbf9-9db89ac4aca6,213f20e4-1b32-488e-80cc-5a11aeeb448b,Sports & Outdoors,5,279.9418779,1399.709389,16/12/2023,0b59c090-3662-4a98-a3e0-b2a89a9dfec8,Credit Card,Cancelled
829bb896-cd9a-462a-82c9-679af3f58955,f35f3dca-2d95-4c8c-ad92-c0ae04cd207c,Books,5,314.5081394,1572.540697,19/12/2023,1d7136b4-cc01-426d-9822-af11912c4ce1,Gift Card,Pending
4bc0d271-7c00-4fab-8dd9-81e0785c4e81,dc48b185-65c3-42a7-a423-f452c0fba7ba,Books,4,295.7626362,1183.050545,29/11/2023,0099090a-4077-4665-932c-c24cbc589b4d,Gift Card,Refunded
34988a8b-fc9d-41d4-9527-0ed866ae2fe9,9dd22236-09c2-4805-a6cb-726510c9eb88,Electronics,1,257.7651945,257.7651945,05/01/2023,514015d4-8c7f-464e-a9b1-0e7622cfd8da,Debit Card,Cancelled
0508ddca-af9c-48fc-817c-a4d637241e79,c90dcbf4-9bbf-4643-a4b5-3c83a7ac1ba6,Clothing,1,174.7079951,174.7079951,06/04/2023,6286fcab-6edc-4ec8-abac-f3f47fe208ce,PayPal,Pending
bb1d5980-b85c-4c69-973e-ffac5e219a47,41837d17-ce1d-4b2a-a40a-3a50e43b2fb6,Clothing,1,498.7367141,498.7367141,02/01/2023,68dfe926-2b2f-43a8-9d31-ab7d5c06a0f4,Debit Card,Cancelled
9d647998-38e1-4881-aaf7-f71804cf6c39,09d34c19-6547-4a1d-b13f-071a3ae26279,Home & Kitchen,1,465.8721753,465.8721753,12/04/2023,789324a1-fe41-4989-b18c-8617f642398b,Credit Card,Pending
4130a07a-ede1-4770-a5a8-e11326cd04a7,d44f3a77-276e-42fc-859c-ff8b1ed10f5e,Beauty & Health,3,101.8014333,305.4042998,25/09/2023,50740c24-1891-43a1-bdee-0bbaf84946a8,PayPal,Pending
8a27f5ea-bdf9-412e-af5d-fe303e2353d7,252c673f-9203-44f3-96bb-bb9ac231201e,Sports & Outdoors,3,17.82003721,53.46011163,30/04/2023,0ccd43f7-e1c3-4a7a-b265-a158c25a9222,Gift Card,Pending
f058a8a5-95ce-4b8e-a5b8-74fa7b6e9e69,bb43b9e9-4ec2-4203-a6c3-9d6ae9df5e1b,Home & Kitchen,4,426.9134422,1707.653769,23/07/2023,458e5a32-bf9a-45a2-a4cc-ea2f611a5820,Debit Card,Cancelled
5752ddcd-4df3-4a05-bb9e-79fde9acd439,22eee0d3-6473-4b0c-9a36-c9c9cfdd0f06,Books,4,154.4397385,617.7589541,28/07/2023,3707bfe8-697e-4acc-9b8e-78ccc298b759,Credit Card,Pending
c0ca682b-3f13-47ec-9e66-b8edeceae7ab,658f0b8e-8b2b-4f03-a0af-a58baacf797d,Clothing,5,47.34756699,236.737835,20/02/2023,be4f6b77-ce19-4326-ab66-1df8bc134ff1,PayPal,Cancelled
b474092c-2970-4e69-8928-3901c57bba6a,049c159f-2b34-4097-afe9-8105b8ccb08c,Beauty & Health,5,109.0261613,545.1308066,24/11/2023,bec7f2b2-c9cd-4bca-8e50-c9b17ed2de53,Gift Card,Refunded
66080eb6-7ab2-441d-a314-096223697e50,26ef31da-2509-40f0-b0d8-f73ceb79b8c7,Electronics,4,362.5280717,1450.112287,31/03/2023,a6e90913-6564-48b3-aa04-cb4c60696b76,Credit Card,Completed
5fb41b25-d36e-45f5-95da-7060b25218c3,3a8f7e01-2fbc-4bbf-9d01-872e56f46228,Clothing,4,128.4224912,513.6899647,19/08/2023,533464bf-ee0f-467d-8dfd-27dccd957ead,Debit Card,Cancelled
6ff65b02-97e2-4895-89d6-e1061db4fd9a,980af3e1-45e0-4d24-b2e0-3ca858c93225,Books,2,311.9544256,623.9088512,21/08/2023,9192ecd4-b961-46ae-85fa-931020c79fcb,Credit Card,Refunded
191f48c7-8fa0-4920-a5f5-cc1f75d9887a,dc6a9fbb-d4fd-4b8a-94ee-5fb396b7f90b,Electronics,1,460.4325696,460.4325696,15/09/2023,63885783-7a40-4d04-95bc-fdb983790a32,Debit Card,Pending
6f59469e-60ec-4c68-ac25-36b43496ad49,7948a073-364b-4867-9a62-2ddbc8fb6e0c,Beauty & Health,4,464.6944729,1858.777892,16/12/2023,0ae92bce-78dc-4819-a5c4-cdabc0c9aabc,Gift Card,Completed
4344cbc5-dfc0-4e27-b4d1-a218e34af6a1,b76c2808-5f29-410f-a1c0-c15fbb664dcf,Home & Kitchen,2,167.2964093,334.5928187,06/10/2023,687aebe5-9ee5-48ba-878d-c127fc48e8a1,Gift Card,Completed
84fde13e-05ea-4e62-b07e-2d8b1e63a3e6,9b60af9c-4096-4f9c-9b11-d33a3e7a462d,Clothing,4,165.8885575,663.55423,16/07/2023,68f36375-3000-418a-977f-70dc8af9b35f,Gift Card,Cancelled
35b6d71d-0ecf-4ee3-8cf0-1b8ea0b8b614,5b72962c-e04f-42c6-991f-50b15785e8d4,Beauty & Health,3,334.7615943,1004.284783,17/10/2023,c99e7c8a-632f-457b-84c2-10e201daba1e,Credit Card,Pending
28b0d5c1-ee56-480f-963f-1e98c0b659c1,9d08b15d-26b4-41e5-a677-456537106a9d,Books,3,421.6070711,1264.821213,16/10/2023,8b2dca58-9a1c-4ef8-b6d2-783e0fe6483b,Gift Card,Cancelled
05f46ed2-907d-41ee-9c46-db32e5498ae8,f8789f44-0d0a-424a-bbdf-3cc1d41d5bc2,Sports & Outdoors,3,62.67541291,188.0262387,08/01/2023,e241d8e8-2e39-472e-8ab6-c6c2d66a72e4,PayPal,Pending
32d3b931-cdc1-4182-9ec3-bd77cb5c2ba7,a4d9f70c-560b-430b-bc7d-433209de8c46,Electronics,5,29.15476645,145.7738322,08/10/2023,38fccea4-d04b-4f4e-bd15-b3ccad3d28ff,Gift Card,Cancelled
e52b682f-0de5-4567-af68-bf7439136f67,eebd313c-c99e-4554-b2aa-81636c562808,Home & Kitchen,1,10.80242548,10.80242548,19/09/2023,fe8f3f44-8be1-4647-a72a-e961a0233e91,Credit Card,Pending
888bc6bb-db48-41c5-a5cb-1f938aa99a62,a9530963-2a24-4de3-b166-902b6874bd0f,Home & Kitchen,1,395.9669451,395.9669451,21/08/2023,ae3fe7f4-6a6f-4ea4-bce5-75a9fbc75971,Debit Card,Completed
223b1fd8-1613-45bd-94a0-c9b925d27b5e,0963b6dc-8c3e-4a5c-b171-5437827f2316,Electronics,3,440.6370842,1321.911253,25/07/2023,4afd22d8-a056-4142-b033-f8a0ab438861,Gift Card,Refunded
bd1a1621-fc0b-4ad2-9e4a-3ede8c14e2d3,f3ecfd04-2f9b-4e25-b797-2bf2775945f3,Home & Kitchen,5,469.021551,2345.107755,27/09/2023,e62decc4-79a8-444d-baf7-a913c9379e28,Credit Card,Cancelled
91bd69d2-bf62-47aa-ad47-82e8ce536199,002c5570-a63d-4e99-b311-70b5f9d5f6b3,Electronics,4,236.8228351,947.2913406,16/07/2023,68318452-6160-41cf-a5f0-1d818e7a794d,Credit Card,Pending
a521f295-53a6-4627-84e7-93064324ab67,4d92ff5b-a4d4-46d4-8850-d9b0c5bc41c1,Sports & Outdoors,2,155.5323492,311.0646984,23/09/2023,79a1b09b-3f6e-4234-826a-28423547da68,Gift Card,Refunded
a417b9de-3adc-499b-8443-97cc039914a3,8800c74d-93c2-41bc-91bd-e2217705c27d,Clothing,1,267.1220557,267.1220557,30/09/2023,f13457d2-2552-42ec-b204-0fe72909bf61,Credit Card,Refunded
6cdf5354-d84c-4577-842f-17b2dc16d563,0f64aa66-1ff3-460a-b3aa-26642f2ac55e,Books,3,78.01007538,234.0302261,28/04/2023,441cb59d-662f-4f90-bb5e-55eb6925f45b,Credit Card,Pending
c084dd6a-da26-48dd-b785-382a6d90ccc9,4001df70-4d4a-4685-9a7e-deae1d6e630d,Home & Kitchen,4,110.2915966,441.1663864,09/09/2023,c08231a4-14d8-41d9-a6ef-f2223c91cc81,Credit Card,Pending
b1912214-20e9-45aa-be4e-ab4213a66f95,95ba911a-aa9e-4e4a-b5f3-71bbd3bf4215,Clothing,4,171.0632816,684.2531263,22/07/2023,18318b73-f5fe-47cb-8937-337ea1c30c75,Credit Card,Pending
4cdd1fbd-ae8c-424b-a1d7-2ffcf4a89e3a,fdcaac5b-32cb-4712-840a-1e44c17942b1,Books,4,87.00327303,348.0130921,26/11/2023,59586189-68da-4845-a881-a93eaf004733,PayPal,Cancelled
aef49167-4218-4fcf-a3ba-a3dd59ba9665,9936ffbc-ac06-483a-a3ac-c989af3757e4,Clothing,2,36.0394101,72.07882021,15/07/2023,262a391d-de9f-433f-a46c-b90b0442c8e2,Gift Card,Pending
0f8eb81d-5e13-4fb2-90a2-dec8221a9542,8cf0810f-772e-4d13-95c8-adfff155a626,Home & Kitchen,1,89.05725988,89.05725988,17/01/2023,36f22b18-a614-4e22-8c29-ff1a74cd2cbd,Gift Card,Cancelled
34fe93a1-8d41-44b7-a2b5-39f1c4bb7bc8,ccf863a5-1075-4f92-93ac-abc8b5ce9324,Home & Kitchen,5,254.2814415,1271.407208,07/11/2023,40c38433-2a92-4dfe-a54b-6d1829fab3d1,Credit Card,Pending
5b9a0481-1f7b-4fcc-a0aa-65390226c5ca,6664d6a9-16ac-4bd6-9eb4-51df2a4ca016,Electronics,3,20.21913825,60.65741475,09/04/2023,c8cf1d79-fc8f-40f5-94b9-a12e0fd9ae93,Gift Card,Refunded
1d2d66aa-ef26-4091-9c87-95a003556ef6,ecfebf49-d8ba-425a-8a4f-cf56ed0aab1c,Home & Kitchen,2,354.1655984,708.3311968,21/01/2023,e14d2b6b-0a31-4364-8d63-799f881f399e,Credit Card,Completed
ebcb758c-654c-4a7a-b987-d6d8a2e2f4c9,e1f061da-bd5d-4c1f-a41a-b87a80f65ace,Electronics,4,254.690344,1018.761376,07/07/2023,47f7a57b-088d-4993-8b0c-f3ca9281a43d,Gift Card,Refunded
536e071b-2a21-4474-b9ee-5b97fd842386,b8cd0bf0-a931-42fc-9ac9-b4fcf09297b7,Electronics,5,477.3374949,2386.687474,19/05/2023,25ed10ab-7100-48c0-a3ca-c148f6d6fe02,Debit Card,Cancelled
377b9f37-0f37-46bf-bb4b-982f700d8d62,2f7bcaa9-3200-4635-992d-f65d3aa0b747,Beauty & Health,4,405.1536021,1620.614408,15/05/2023,a8174049-f49f-4c68-acd4-a46864829a15,PayPal,Refunded
2236c794-2228-48aa-9336-dad7e3054dbd,36b678c3-c9e8-4fd7-a9df-4ad27c601ae2,Beauty & Health,4,497.6098356,1990.439342,31/10/2023,43ae8444-6b4d-43ec-8b39-5c4acc1b62f2,Gift Card,Pending
768aef1c-c9f6-4293-98c2-e8b761a33488,5081747b-4197-4869-bf7d-f210780c5231,Books,2,354.1757538,708.3515076,01/04/2023,09546ca6-3205-47d5-b573-528b07e5a2cc,Debit Card,Completed
e60928e7-7714-4765-9f1e-da03781522a8,4d12eacf-ec28-4c40-a4a6-d102b391a8c7,Books,1,228.3383064,228.3383064,07/11/2023,2a0ba6f4-d583-4ac4-9061-af0beb8b25ee,PayPal,Cancelled
2d95378b-afac-4604-8386-f173a9b9e710,0388d0b3-90cf-4592-a1c7-e6bdae4daa6e,Books,3,227.5491446,682.6474338,15/12/2023,03546bd4-82a9-4015-97b3-7c8bc529aa1e,Credit Card,Refunded
444da245-2a54-4766-8c14-2b7e6dee7a4d,6a3a37ca-761e-42c8-9727-0ef797650a33,Sports & Outdoors,4,177.5037022,710.0148087,14/08/2023,473c57d3-b461-4fe2-a884-1499c2e2f280,PayPal,Completed
93a48a00-1d14-496d-afc6-0244b2c17ed0,ad42e29f-49b5-423d-babb-1625e2f68375,Sports & Outdoors,2,440.8626805,881.725361,21/04/2023,146f1a30-7074-4968-91e3-20255712e4d4,Gift Card,Cancelled
f92159b1-21b3-4488-9f69-b44653d75a25,aaba2ac1-ff1f-40f8-bc37-ef43631cb61e,Beauty & Health,5,264.1224181,1320.612091,13/10/2023,c18ca1fd-ea4c-4cba-88a8-8648c462d701,Gift Card,Refunded
95031544-6ce9-4e89-99b8-99d9deea6f8b,70e57e80-be17-4832-83f0-fef48c232976,Books,4,28.80240146,115.2096059,30/12/2023,cf2b0fab-656e-484e-b0e9-690738e8f33d,Gift Card,Cancelled
8f405580-f7ce-4117-97c1-6b53e495ee35,4819ae9f-bc5b-434e-9de8-6b6ca0c16242,Sports & Outdoors,3,175.0637005,525.1911014,26/11/2023,b224f277-d207-4be3-a141-c45aa6c996b4,Debit Card,Refunded
d5d34d1f-3202-4c9d-893c-09cf214cd1e8,b3eedd09-e658-443e-846a-a71fbbcf47a5,Home & Kitchen,3,391.8582485,1175.574746,25/06/2023,a5423894-a97b-42cb-a0d8-944befe14be3,Credit Card,Completed
754e8edb-f2a9-4571-adc0-493ebb342799,eef44b9b-74f0-4bdb-9e29-179e90093621,Sports & Outdoors,1,256.9587439,256.9587439,17/10/2023,f2f9b17e-76d0-4a9f-9754-ab198a26b15b,Credit Card,Pending
2fdbdd1d-e19b-47f5-b360-6b04030b673a,c912955b-09c0-4843-b328-27da99dc8071,Clothing,5,444.2055186,2221.027593,20/09/2023,9085b244-78fa-4676-8087-becc40abfab9,Credit Card,Refunded
f9e8ea1d-64cb-485a-96b4-7b6b7400cb21,6f02fa3a-4046-454a-80ff-fdd4f5527df2,Books,2,73.51920381,147.0384076,09/12/2023,968adfd5-fa6b-49fc-8387-c9ae35b55ff0,PayPal,Pending
1c9e445f-f678-4d44-8c44-b4f2d29ca2b6,de591d6b-bebe-4b66-b58c-d2f34f18bafb,Sports & Outdoors,5,276.1595089,1380.797544,23/02/2023,6fea9cd7-a978-4cd8-a3a9-20cfa5f26c79,Credit Card,Cancelled
f77ae54e-09ca-4f3f-af87-7a0597d73517,925f8f48-f762-4993-9836-582f007d2344,Clothing,1,489.5622533,489.5622533,01/12/2023,2ee0939e-570c-4741-97da-2e519f17699d,Gift Card,Completed
21c1be0e-8da5-4da8-9cdd-c63a936f39c8,64e2246c-9803-4949-b837-0f96764720be,Clothing,1,290.0546792,290.0546792,04/11/2023,41830f9b-3c30-457f-bc3d-81ab031def73,Debit Card,Cancelled
bb733d93-0136-4aa8-95a6-3844b5758d98,4854d71c-335c-4bc3-a6ae-dbf98fdffcfd,Sports & Outdoors,2,477.8115408,955.6230815,11/07/2023,be5aa89e-864c-4000-b8c4-9603cecc1dd3,Debit Card,Cancelled
ff69edc9-550a-40ba-bfcb-9a26ab8e2975,1d6eb8b6-02d3-4a04-8063-c9182eac8eb6,Sports & Outdoors,4,83.86112797,335.4445119,30/10/2023,4a6eef23-bca2-479a-be86-7fedbcfa5824,Debit Card,Refunded
7441da80-3584-4c58-924f-9bdfecb8de19,08deb8b1-856e-47f0-9322-f72d25902f9f,Sports & Outdoors,1,447.5988098,447.5988098,26/09/2023,f93afdd2-7256-4731-986e-ee3fce10451e,Debit Card,Pending
1ba88128-b1a6-4675-82f8-2d2b38258f1e,12124b4f-627b-41c4-9fea-aa1662e08bf6,Beauty & Health,3,170.8037412,512.4112236,04/03/2023,444057f8-ea02-4a32-ac81-13df333d4c9c,Credit Card,Cancelled
9182b035-6ef6-4406-b852-2fa7e956f668,19590859-38ef-4e56-9207-676057b846f1,Sports & Outdoors,4,489.1663397,1956.665359,21/02/2023,2d0fbf74-4bd2-4775-b9a6-b024f35818d1,Credit Card,Refunded
eab0fc10-6527-4674-b191-c19e15d0add5,94a4d65f-25ff-43e1-866b-aa345b1d0e53,Home & Kitchen,4,110.6659032,442.6636127,07/06/2023,a1657ee2-691d-4d39-9c4b-082ac0fd1a37,Credit Card,Completed
4ac57600-ba94-44d1-a7f4-d043cf65b358,e89b948d-b8f2-4f54-ab2d-2b3355d9d6bf,Beauty & Health,4,285.4757055,1141.902822,04/11/2023,601256d9-6797-4fb9-9a63-7e52e6a04169,Gift Card,Pending
bfbdabc6-76ad-4899-8fbd-6a42f0b38615,0902169c-820a-485e-a0cc-335470cee6ba,Clothing,4,419.0921224,1676.36849,09/08/2023,84d3c6a6-fdf2-4dd9-bab9-2f2b158d5403,Debit Card,Cancelled
d2c738b2-c235-4692-82d9-14210ec1377c,2dad4d06-8f97-481b-bd62-7c26c950d39e,Sports & Outdoors,5,65.8154919,329.0774595,30/08/2023,a68d39bc-9d28-4039-8f14-8a0214608cbb,Debit Card,Pending
2c84622b-f304-4c78-a669-f01ab67cd97b,7b7a81f8-0905-4e3e-956e-187e37753d9e,Sports & Outdoors,2,68.95847231,137.9169446,31/03/2023,c2082185-cd4a-4d3c-a769-23392631fc05,PayPal,Cancelled
e9809287-cabd-4c0f-91d3-a72ea012a964,2648cd1b-69e4-4ad9-b108-9106a7846fc1,Books,1,347.4064432,347.4064432,29/10/2023,a44170b0-bd50-4a8f-a1c6-0eba70470fc1,Gift Card,Completed
a838c13e-ced5-4d6f-bb41-d31ff78aedd7,d22e79dd-845c-4eee-8bce-9489b3f4b0f5,Electronics,5,199.1835409,995.9177045,06/09/2023,c507f20c-8d52-4cde-99b8-13049319ece7,Debit Card,Cancelled
970c248c-d085-4c0a-8879-118ff0b67267,be021a62-8375-448d-9f32-4cb1b630e1bf,Beauty & Health,3,386.6075456,1159.822637,25/08/2023,d199abe6-8d26-4b20-8b01-d4104aa76495,PayPal,Pending
05e48080-0bbc-4516-9770-b6afb05983c8,1869d0fc-8bd1-4eaa-8858-a4dbadd458d3,Electronics,3,63.36779479,190.1033844,04/04/2023,44fb3b30-e512-4ffb-a3c1-2d03dfc1ed55,Gift Card,Completed
4fcf2750-ad0f-4e57-a05c-72c9fca0a8bf,85254bf2-3a74-4204-a727-ca97c32264ed,Electronics,3,493.1269193,1479.380758,23/12/2023,6ff07880-a7d2-4a51-be8b-5e15a006dca9,Credit Card,Completed
27f83a33-c061-4a68-bf66-ed40aaeac7e4,8bcadb19-98cd-46ad-af4b-460d9442a129,Electronics,1,170.6514771,170.6514771,10/09/2023,4b34d464-d809-4500-b845-d72748aa6ddb,PayPal,Completed
e3d62fd9-95e1-48cb-86f4-749e40ee4b7b,7ec76225-4843-4b70-980b-99cfb62eb004,Clothing,2,38.87795758,77.75591517,17/01/2023,8f093e38-d95f-40be-a5ea-7f52fabe25c7,PayPal,Cancelled
4ecb4c27-41f1-4c57-b3fa-527591623e6b,9aaae7fe-8ff8-4ce1-98fe-9064c9768f92,Electronics,5,103.9801777,519.9008885,09/11/2023,4621e0ff-cc46-4284-a92e-b21feb9751d7,Debit Card,Cancelled
4786ee8e-6810-4a76-8a4c-02191c0fa877,c35e0ca3-489e-4328-bb49-9aae146a5e38,Home & Kitchen,5,414.9627292,2074.813646,13/12/2023,94d3612d-c97a-4758-97da-e05accfee19a,Gift Card,Completed
12d7cf72-c0ab-4d4e-bd1c-0cb7887f9073,6d7e3d6e-867c-4fd4-9f95-d8986ec3b05e,Clothing,2,136.1302693,272.2605386,28/06/2023,f856fda1-8875-44e6-881f-9fb653c38add,Gift Card,Pending
a89cff21-8237-47ed-b33c-72964065f86b,1eda9fde-a45a-4e8d-b7c6-5560aee2913a,Electronics,2,133.8339416,267.6678832,28/02/2023,48107f75-3f8e-4c75-9b15-daa42b2cc8d0,Gift Card,Refunded
3fae29ba-a137-410a-bbd3-47744f6a2c0a,d6d37a87-4a1b-4b34-bf3d-af6fbfa46674,Sports & Outdoors,2,352.3520122,704.7040243,08/09/2023,64ecac7b-7fda-438c-b3b1-2e431d2c0518,Credit Card,Completed
70c04be0-1bb0-4cc9-b81b-99b43c76de57,0b32c543-ac3c-4f1b-9213-326e985e6a60,Clothing,3,166.592277,499.7768311,28/10/2023,9e1c8591-1349-4cca-8a46-e514b595d8bf,Debit Card,Completed
cf35e20c-5f45-4f29-b70e-b5a7fbeee126,f7337ed3-d2e7-4c19-ba18-480404a0806e,Home & Kitchen,1,476.2420422,476.2420422,20/04/2023,2c22cb1a-0475-406c-9f4a-7ec64fe5e587,Debit Card,Completed
4d0f499d-aa82-45a4-88b7-f8eb412a52ac,d48e39eb-be59-45ff-9ccb-b8d72745beb8,Home & Kitchen,5,494.2452087,2471.226044,05/09/2023,d8b4943a-a1a8-4d55-b071-f9e6207b57b8,Gift Card,Refunded
64242822-dfe5-452d-ad97-ae720656020e,1af1d6ef-8f32-4396-9635-2e87102380e1,Beauty & Health,2,113.6677289,227.3354578,16/02/2023,f6603a56-ce75-49cb-9605-cd23b28acde4,Debit Card,Completed
6762b1e5-d0ec-4e63-bf70-a56f4589f3ae,d9fdd45d-c37a-4338-81ec-5b9121c6acb5,Clothing,2,489.706107,979.412214,22/07/2023,1cb9266a-a0b4-44c0-b725-927fef691b4f,Gift Card,Completed
8002b434-894c-4ddc-ae49-2979260d33d9,f8094851-e0f0-4f85-97ef-ae9c2833f218,Books,2,161.6612307,323.3224613,02/10/2023,a3ce699b-43c3-4b89-b1b9-3ee4b43120c4,Credit Card,Pending
fd64994e-003f-45a1-ac02-8c5dd042d4c9,27413169-67e0-432f-8565-a5325fc00ae4,Sports & Outdoors,4,205.3677769,821.4711078,01/01/2023,888c9ca1-0ff8-4f72-8e06-d6ea58ec9599,Credit Card,Refunded
3fcf6d63-1f90-4f7c-9aec-a4c93600d3aa,a258c201-3c4c-4643-a640-2015b1e7e43b,Clothing,5,430.7207763,2153.603881,22/11/2023,d8347acb-f181-4f92-852b-8e82a8733b96,PayPal,Pending
857b02f4-8f07-4777-928b-4d02821e00e6,e92fe77d-59b1-42fe-a72d-aa35046aa031,Electronics,3,303.4182614,910.2547841,22/02/2023,b2daa5d4-b796-4469-abc7-4256fa524c12,Gift Card,Cancelled
a91db276-8e8f-4756-80de-40952de24aa0,06e70d3e-ad0e-4539-9d2c-e16507346d09,Sports & Outdoors,2,153.2889322,306.5778645,24/05/2023,0526e40f-c23c-482a-9ba6-9ceb8b75260d,PayPal,Pending
90b40a24-6e4a-42db-bb0e-e5dfa4b34b5f,92f7e2dd-0f64-4fcd-b311-37a051e40d16,Clothing,3,83.32192045,249.9657614,30/09/2023,9ce0379e-bac6-446a-b3bd-4fed90839570,Gift Card,Completed
51af61f7-14fd-4ba3-a191-2ca4cd965cee,ba431f36-fa21-4429-b655-0de13a8fc043,Books,4,115.4105366,461.6421465,08/12/2023,72d43311-07d2-494b-91aa-7e173db29356,PayPal,Completed
a9526a2d-67ff-43d2-8f4e-1bddb33095a3,38838883-ce5b-4d15-9f4b-e71401d17045,Home & Kitchen,4,111.9762382,447.9049527,13/08/2023,ed4705a8-896b-4952-9e3e-23840ff12fde,Gift Card,Completed
65aa549b-0d74-400c-ab86-a96b46435fc4,16d5e74e-879f-4108-b2fb-288dc3e052be,Home & Kitchen,4,477.224073,1908.896292,12/08/2023,12f5f930-3006-4094-a34e-3a145420bc87,Credit Card,Cancelled
5a32d53e-ec76-4744-84f5-c506ff08e78d,5fa87c6b-f120-4e2b-8f0f-c34a8937d04d,Clothing,4,227.2950336,909.1801344,23/09/2023,3b640fdd-3137-4ead-a418-44858f910df2,Gift Card,Completed
04a5a5db-0b91-4c1d-821a-6903f1f65274,f63953f1-42cd-4d63-9149-bd1233a40fb2,Beauty & Health,4,399.1407781,1596.563112,14/09/2023,17c9f5c1-400f-4fa3-96d8-ad53d29c2320,Debit Card,Refunded
8fecb78d-b55d-422b-a133-b878de181b94,f812bbe6-1fba-4893-8d30-56227a24ad21,Home & Kitchen,3,243.5491056,730.6473169,22/05/2023,9051a210-5023-494e-8d3f-ab6685c6d8c0,PayPal,Cancelled
6956e820-ab2d-483a-8c0d-261d29a49d30,5c0898fa-3bad-4fa2-a53a-1b0cea395930,Sports & Outdoors,1,169.6344067,169.6344067,21/05/2023,acdfbcb5-5b2f-4b33-a1b7-2664ad0f2251,Debit Card,Pending
69f369dd-147a-4a2d-864b-eaec528f6dde,c3768adb-7ada-436e-9ccf-50e667f6a40b,Clothing,3,78.98337084,236.9501125,02/03/2023,5791a0d7-9767-4697-a2b6-312a12c53d42,PayPal,Refunded
3428b9d0-9487-488c-b697-55dd655fff7f,a6a0e0fa-2540-4bf8-8de2-bb446933456a,Clothing,2,478.0732832,956.1465664,15/05/2023,b23cb573-5d6e-4751-9446-7af35d2a67a1,PayPal,Cancelled
dab7218e-1699-4bdb-9407-828b3da703c3,2678a8ac-9520-4ae9-968f-775cd2f2bb99,Electronics,1,192.5664731,192.5664731,21/12/2023,d146a3a6-442e-491f-a34b-2af7fd7604f8,PayPal,Cancelled
d304ce5e-4d07-409d-8625-eddd8bb31f78,effbae52-0a5f-460a-929f-58d59301d421,Electronics,3,333.8446972,1001.534092,23/04/2023,c1209c5b-7cb3-4b4b-b0ba-c4db6d003964,Gift Card,Pending
0d153e15-9907-4d0b-9c0e-d7ec350d07c5,1c8d7866-5a64-498f-9b89-5c9499961ee4,Sports & Outdoors,4,209.0059956,836.0239824,20/02/2023,2079cacf-643d-4c3e-bd2b-d76406d71f92,PayPal,Refunded
d8f673d2-77d6-4474-a2f7-2ae201d4cf06,51d5a82d-b5c6-4b2a-b4c3-9d4b37600c70,Books,3,159.1655126,477.4965378,30/07/2023,eb0f847a-60a1-408e-b98e-b384c9e90bfb,Debit Card,Pending
d8f0bab0-1e3d-4a7f-b0e1-4ed36d6fc45e,7269f972-3cbd-4da6-b46e-8d5870f63250,Sports & Outdoors,2,186.7486318,373.4972636,23/06/2023,c8fcc853-4b3f-400e-8ddb-8b5a459f80c2,Debit Card,Pending
b6d0b76a-8fc6-431a-bf83-fc0e6097e196,0ff0a49e-52aa-4f15-9cd9-9171656821f0,Beauty & Health,3,234.1595376,702.4786128,09/08/2023,62bf509c-7760-4461-a507-21e9c351dec0,Debit Card,Cancelled
d9a7f7f8-0952-4337-a4ca-d45735d599e4,729ca123-0a8a-4101-aeb3-c491dde588c9,Books,1,268.6772843,268.6772843,16/07/2023,56f38fdc-0296-4c98-9ef2-4b34f10b36ed,PayPal,Completed
0dd99b83-71a8-427c-ab77-0286477e9e07,482a234e-802c-4503-9646-8b27bded8f4d,Sports & Outdoors,1,122.5697776,122.5697776,01/12/2023,6bf9ebd7-b09e-4f93-b963-55175d00fab5,Debit Card,Refunded
335e857e-3fb1-4adc-8a66-74c3ae235791,e1ff5aca-ae07-4729-8f6f-3f44d57239aa,Books,2,176.1995767,352.3991535,03/04/2023,e54d6420-033d-401a-8a7d-c6b2d7a8ebfb,PayPal,Completed
ed830011-29ae-4794-9835-052d1b414c0a,7f02344a-1109-4988-bbc7-d501fbe6d990,Beauty & Health,5,487.6143379,2438.07169,27/02/2023,e8b241cc-7858-48c4-bb98-15c4fdb8b23e,Credit Card,Completed
d89a57c3-b7c7-400a-b652-32730ed160a2,0ede90bd-7a41-4df2-ac3d-126d94fe70e2,Beauty & Health,2,389.8049619,779.6099237,14/07/2023,a9952208-60ce-415a-8f1f-3a389bae3c0f,Credit Card,Cancelled
4c2d91bd-5482-4890-9a41-ff081036bbe9,c0cfb655-d5b7-4578-a22b-e21858c06a76,Home & Kitchen,5,249.199431,1245.997155,19/03/2023,f4edb97d-8f61-4ab4-82ec-836a17ec38d6,PayPal,Completed
44447cea-e986-4058-8d35-89893502386c,c0db533d-e0fe-434e-a34f-06e031f330fd,Electronics,2,134.6122608,269.2245216,29/04/2023,baf086f1-b17a-4054-9b01-cbce2fc25425,Credit Card,Completed
7db12002-d729-4050-9ba5-b7f768aebd9a,b1dc43c1-00c4-49dc-badb-54f812fe1e89,Electronics,3,117.3612865,352.0838596,19/08/2023,fa65ce87-826c-4aeb-a47d-2a6f70a80d5f,PayPal,Cancelled
d1a2ae35-7a46-4040-950c-10a72a40f245,7561391c-1259-4967-9813-baa29df25f8c,Books,5,320.4582253,1602.291127,27/12/2023,dff247fe-3224-4e28-a1e9-8813efb8f56d,PayPal,Pending
459d0b85-8126-4f28-ae59-0e3491b50e24,beb24319-053d-4096-b225-867214413960,Home & Kitchen,2,434.73576,869.47152,12/04/2023,35898f72-a800-4ed0-90d0-7f4d5b9c7d52,Debit Card,Completed
05520607-af9f-42c3-9ae7-913b122fd583,e7fac985-ca18-47a2-aae3-c60cb00f27f4,Clothing,2,375.9742991,751.9485982,31/05/2023,e060b039-a8f6-4ad8-aa69-714cc8f35599,PayPal,Pending
8203e072-8c8a-4f9e-8848-f3385631e62d,231bc185-e0d5-4814-bb70-f26a0865e4f6,Clothing,2,37.19985445,74.3997089,23/02/2023,a106650f-6b3c-48b5-89b0-7c7909c3ea75,PayPal,Completed
38db5175-3706-4a93-9d47-a97a47091378,705860ec-12e0-42d5-8544-43864a193bcc,Beauty & Health,4,182.2728919,729.0915674,19/06/2023,f59872be-5db8-4614-9521-1772b7188a4e,PayPal,Completed
1a102140-0b38-44a1-a307-6aa0eaa6dcaa,817ea17e-682e-4d2a-8aed-0ee5be34c7e9,Electronics,1,263.1178825,263.1178825,01/09/2023,351a2862-6a8c-415e-aa70-7c3fdb959171,PayPal,Cancelled
d7d3ee05-ce18-41e3-ac5b-179acfb7afdd,b89ff1eb-5550-47b5-ada5-27a459a7b0f0,Sports & Outdoors,2,359.9054647,719.8109295,14/09/2023,64fa83ab-58b5-4ba7-add0-f4775a2e3892,PayPal,Refunded
934e5256-9ca8-46ab-9d94-828bf3f54335,9a79f4e9-f7d2-44d3-b96c-b2f1da15c607,Electronics,5,471.7822547,2358.911273,18/09/2023,dac21b2f-84cc-464d-b0f1-cb011eb7bdb6,Gift Card,Pending
791e5536-03be-412e-92ee-09ef1c700582,b227a316-40b3-4b4c-8ddf-d64dc3d5f870,Books,2,95.81697962,191.6339592,08/02/2023,eb8b92c1-76d9-4ccf-a9a0-4eba4e959463,Debit Card,Completed
9f7d59e1-0c99-465f-afcf-f1bf4d2544db,7f6c6a6c-2414-4e1e-a312-39e28ddc245b,Electronics,1,423.8250851,423.8250851,08/04/2023,6a8aed1a-f442-43fb-b44b-314cecc8b06e,Credit Card,Pending
eae7d408-e048-4514-b2cc-53d2e85d3c5f,214d615a-be8b-4414-8abe-d31c13b71e85,Sports & Outdoors,3,256.7824631,770.3473894,15/10/2023,405fa7a9-cecd-4277-b697-41c75abffb1c,Debit Card,Pending
8678f072-55e5-4907-bc4c-f748bd725a7c,4a7faec1-01a3-49d9-8c91-ad482fe13fea,Electronics,4,404.1541075,1616.61643,02/09/2023,cf9bc19e-3171-4d28-9ce2-aa04caa7c73a,PayPal,Refunded
29ae7013-b624-42a3-9e3e-a3800945485b,f14a515a-f579-4299-8bbf-fb57ba5fd3ce,Clothing,3,248.6116512,745.8349536,13/08/2023,8bdbaa7f-500b-4756-a006-fdc834998834,PayPal,Pending
52021751-678c-4ac0-a5bc-1fc34b616b07,202afa4b-5017-431a-bd03-7cee59e4450b,Home & Kitchen,4,347.9259795,1391.703918,27/08/2023,0d7e1676-0aaf-4fea-b82c-1e1d40d2707a,Credit Card,Pending
560197f8-fbab-43ec-81f2-013a9f63043d,32c134bb-4a22-4a38-b930-67886fd9ca71,Beauty & Health,4,483.9361849,1935.74474,02/11/2023,e2d04edd-a557-44f9-848b-f1bac9f40289,Credit Card,Pending
bbd30217-2922-4f8e-90be-d32f4377af8b,586b3fe1-23f5-44af-92ba-fd6010d0afa8,Electronics,1,445.2177908,445.2177908,11/06/2023,70724b41-e433-4dbb-9a07-b51c85095f6c,Debit Card,Refunded
bef4fb73-6912-43f1-b439-330ebad9f442,2881a789-9100-4612-8af9-28ef2176cac7,Sports & Outdoors,1,283.6710754,283.6710754,23/01/2023,4b969968-65eb-47c4-95ec-251553444170,PayPal,Cancelled
b381a4a6-6498-46fc-8bf6-75a75fe9acb7,d6978ad0-f0e3-4123-b80d-952b7956357f,Home & Kitchen,1,444.7989262,444.7989262,01/04/2023,26fa4363-c739-466a-8469-47ad73b05175,Debit Card,Pending
2e81df24-bdf5-4ffb-81d2-49bc81ebe374,70b1567d-9594-48d4-95df-c390d4bd29dd,Books,2,426.2241921,852.4483841,10/06/2023,6c20d973-f80e-4a96-89de-a00b6a50fe2f,Credit Card,Cancelled
77c37423-1920-44b5-b25d-4f73d4b788b2,f0a0c15d-07a2-44aa-9537-29a5f5e85754,Clothing,4,170.4346498,681.7385992,14/09/2023,075ee624-1b17-424e-8f0a-259b81dbd995,Debit Card,Completed
33db9372-2cf5-4930-8b53-ce7e0ac9d3f3,42d5681a-cb4f-4802-a0ac-a1cf71c33839,Sports & Outdoors,5,353.4179164,1767.089582,05/12/2023,897f6313-2c39-489c-bb2e-380dd9acc36f,Gift Card,Cancelled
e79ee824-a187-4a2e-9748-289c5946f3d1,234f4e55-62e6-442b-9675-d4141824d2f1,Books,1,406.7990117,406.7990117,27/02/2023,0d63e5d6-7629-47cc-8fb3-aba2c9298d4d,Credit Card,Cancelled
d91fb3ca-d792-4901-adca-16e2b8be8e9c,88cd8a75-f802-4b9b-bf89-0fb0107b4094,Home & Kitchen,1,434.9569919,434.9569919,09/10/2023,69d6442b-4d53-4fb8-88c2-e235c675e5d3,PayPal,Completed
b9282b43-ba77-46c4-8adb-bbe3d39cfe30,113a5522-648f-4f79-a53b-25f6a6df2a5a,Sports & Outdoors,3,375.492639,1126.477917,18/02/2023,eb846d87-3270-4eb9-b278-b1518c1a55b0,Debit Card,Refunded
20d3abda-7bd7-4ffa-9779-e5afca2c8b4d,d6bbbb6b-18f8-4703-8ea9-9c201e27d122,Beauty & Health,5,243.6835882,1218.417941,03/08/2023,3a5a207a-a906-40a4-91d4-dd87e304a95e,PayPal,Refunded
89a67051-d590-4bdd-97ce-17da66d695c9,ede7fd25-b4e4-427e-b958-341f1fa66ea6,Books,4,271.0049072,1084.019629,05/06/2023,09f5808c-4083-4d56-ba8e-9b1911df4c90,Gift Card,Pending
25d8c1a1-3c0b-40d2-a651-8a8771735562,fd7f9d87-a086-4c04-bdc1-cdd76638fc12,Home & Kitchen,4,243.5218422,974.0873689,23/07/2023,b1257a3b-fe4d-4e3d-a6bc-fb1733e15656,Gift Card,Pending
046ccefc-2dae-4042-8364-1e228f69365f,401b21a8-f5bf-4573-a16d-f5cf1b38a963,Electronics,5,462.2405708,2311.202854,01/02/2023,312f0369-5ce9-4c3a-ab6b-dbf81806fa1b,Debit Card,Pending
e6ea9ea8-5a35-4ff7-a7a1-fd3c5b601153,002d07ff-4730-4a02-a3b1-34fd4306081c,Sports & Outdoors,2,189.0333216,378.0666431,24/08/2023,19fba27a-a483-4f4b-acc7-5c7712c5e9ee,PayPal,Completed
c67af486-9202-40b6-85a6-cb6800ab3862,bc175562-949d-4d7d-b016-d7ead80eb7c3,Sports & Outdoors,4,477.607217,1910.428868,28/07/2023,84997171-6d91-4741-8be3-b2a366cd55af,Credit Card,Pending
250da909-5f55-4a45-9d0e-0222ea28cf56,d61d5e85-04f6-46f2-b95c-40677ffd4870,Sports & Outdoors,1,262.2952459,262.2952459,21/08/2023,25fbf15e-fe96-4ee1-9b76-722d4dba41de,Gift Card,Cancelled
656111eb-ca5a-471f-8d82-41a22bba72ed,5c5d524b-94e3-40c4-b26f-caeb801e6766,Home & Kitchen,4,243.5726124,974.2904497,27/11/2023,688e3e1b-79ba-4961-bc20-ea1f0ad72a96,PayPal,Refunded
82cf8ac1-a548-4293-a6a6-85af8da2e319,76ca3a3e-1e5b-451e-9460-cebfd6148e2f,Beauty & Health,5,281.6984278,1408.492139,07/12/2023,5085f5c9-df5a-4634-b93b-373691cdaf2d,PayPal,Completed
66c06813-3f98-462e-82c2-5bc377d3b479,55d36f83-9b9a-4412-a5fd-166e8cbee64b,Home & Kitchen,2,406.584125,813.16825,30/09/2023,9faa5f7c-6150-4ae4-a9fa-08020aecaf11,Gift Card,Refunded
2f4d44d2-9fd7-49e4-90bb-6b56ca8200ba,3d7c41e9-a425-4fca-928f-b20f8f7b9127,Sports & Outdoors,1,408.7066094,408.7066094,01/08/2023,f8a80e7b-92e4-44af-8946-4c8cf3226b01,Gift Card,Completed
8590eae8-8df2-43c8-bdb0-33e19672ec93,1f9a4707-bc9b-4973-9a51-d96bfaac055b,Sports & Outdoors,3,267.9083884,803.7251652,22/03/2023,87295b79-7821-4ec4-abfa-6ebc8cad8401,Gift Card,Pending
96edf8a3-8557-4dca-b9f4-27b74424e66c,dcbcba8f-2dc7-4887-8d97-91dbd540ad9b,Clothing,5,455.452394,2277.26197,27/01/2023,016bed09-9dd9-4ebb-88fc-08f57746cb2c,Debit Card,Refunded
ef681472-595e-4977-aeb2-31f5599802db,8735e5c3-2208-47b3-9a3c-3a6a41819799,Books,1,292.2290251,292.2290251,27/05/2023,999e352d-4829-418f-b8ce-176aab8002a4,Gift Card,Pending
15b594d8-05d7-4ebe-927b-b41dd8191bee,97c38881-e76f-4dfe-8caf-fcb0748dad74,Clothing,5,394.5324423,1972.662211,10/02/2023,36af2720-7aa7-4a28-8910-fa8ca036be06,Debit Card,Completed
b853ea6d-a999-4824-9e64-f4330ee1f171,2125e55f-52b9-4fd7-a84a-328421aace7e,Beauty & Health,5,98.79178149,493.9589074,04/02/2023,91b3652f-6699-4a23-a226-55a1b87bacab,PayPal,Pending
74da0087-bb85-40c3-ae69-e9b9d79e591e,240ec59e-590a-4e26-abab-2c7370799865,Sports & Outdoors,5,302.1780326,1510.890163,27/05/2023,eaa5542a-ffd4-491a-8fa4-ea3e5742a540,PayPal,Refunded
ecfb1760-b10a-47b1-92eb-74df406c9164,8fa32b26-7109-4e28-a00d-9a75be14db2a,Home & Kitchen,5,335.5629155,1677.814577,09/07/2023,bb1fbf9b-7b40-46db-b860-2727b25926e9,Credit Card,Completed
f3a0c43a-2fdc-4cf1-8177-9afcd944fbf8,9d5cd073-590e-4ddb-aed9-f4e8c6fc65e6,Beauty & Health,1,225.35165,225.35165,28/09/2023,ae26f71f-4cc9-4062-8447-7214e03668d4,Gift Card,Refunded
9c7e1028-8d7b-4d16-886b-fee939eea334,0d9b60f3-5db4-47d0-afe5-ff9276b470c4,Beauty & Health,1,56.15505938,56.15505938,09/06/2023,43af87d6-19cb-4047-b0b8-565790ed519d,PayPal,Completed
21dd07a9-46e1-4708-a5e1-37b0149fc5b5,c72620f0-68ba-43b0-8f49-dd8438a6a6be,Clothing,1,31.45090719,31.45090719,04/05/2023,45cdbee8-7b26-4908-8057-a63d9fca5145,Gift Card,Refunded
1d3cea01-ae33-4261-a91f-5a55d6abd31d,c6e995e7-bdeb-4400-9488-cb8326aa5c9f,Beauty & Health,2,228.9897667,457.9795334,26/03/2023,44fe9ef6-6bf1-4c5a-a708-d1ffa651c202,Debit Card,Completed
42e151a7-3841-4d63-927a-612f5214f89a,24fcbe6d-95c6-4d8c-b126-ea018f357dd6,Clothing,5,153.5046376,767.5231881,11/02/2023,32314fa3-5158-4c44-8c7a-5d34407c226b,PayPal,Pending
9c55343c-77b5-4b07-8192-df6888b33f68,3fa02556-035e-4266-b5e6-c0d21c4357b0,Electronics,1,419.1041345,419.1041345,19/09/2023,d3092dc8-c808-43f6-92db-fd3486decea9,Debit Card,Completed
d6531eb3-ca86-4e0b-a427-67025564816b,f1a14406-750f-4b68-a362-a4fa18ddf4a0,Sports & Outdoors,5,118.6800378,593.4001892,22/05/2023,52a0c786-1b48-4bf3-80c3-cda8611cb46a,Debit Card,Refunded
10c67c1d-6ad9-436e-848a-f66a78b74ec9,43c8e0dd-950c-41bb-930f-730f83879718,Beauty & Health,2,309.9755673,619.9511346,12/08/2023,dcb21cb9-be73-4156-9915-e2b7899ba677,PayPal,Completed
d745ecb0-f23d-4e01-af37-97185b038060,24815ba9-d3f0-40e5-b085-e56c0f81ab00,Sports & Outdoors,1,210.9642314,210.9642314,03/11/2023,8679fe77-df52-43c3-bbcd-2f793b4c998a,PayPal,Refunded
4fa4a8d8-62c3-41bc-8937-ea88e511004d,ff131429-ead4-422b-a12a-577409d64575,Sports & Outdoors,2,298.1242642,596.2485283,24/01/2023,33eccc5c-df55-4efb-8662-9142c8960bac,PayPal,Pending
ab7e3a8a-42ae-4966-8c15-99e5e3eacd32,80f53f5f-81fd-4ce3-bf90-4fa8162fc549,Beauty & Health,5,191.3910016,956.955008,29/06/2023,c74aa6ac-041c-4459-b95a-fdf6a036f205,Debit Card,Cancelled
12553454-57f9-4f0e-b5de-ec9605ef9c52,4e44e98b-d505-45a4-92bf-66c04244b2c9,Electronics,5,14.25024234,71.25121168,10/07/2023,abdd4b7c-e248-4dcb-b87f-f52819b7fc05,Gift Card,Refunded
22db3e34-fded-439e-8209-f0ed351ba28a,e8fab2cf-2d83-4f7c-b9be-83a86430f8e0,Sports & Outdoors,5,181.257811,906.2890548,30/07/2023,c72c773e-1ebc-4405-8774-e56a5136452d,Credit Card,Refunded
39bca95a-65bf-4dc7-81bd-a7ae2c3ff799,8093f6d2-b2db-4577-9ca5-648fb9ff0a53,Beauty & Health,1,198.7809923,198.7809923,31/01/2023,57f779d4-56ac-4a96-aa03-3ef0d12314c8,Credit Card,Completed
38509881-2450-4c94-b929-76436b743218,718bd2ab-d5e0-46c2-b449-f855937cc1d8,Home & Kitchen,1,391.553587,391.553587,17/04/2023,ca3599ed-4b74-427b-9189-dbdab51a9182,Credit Card,Completed
833b28e2-121b-4298-b9a5-e61c22efc401,c876c795-26c4-4c10-845f-cbabfe9e4b93,Home & Kitchen,5,207.0673521,1035.336761,28/04/2023,5503f0d8-84a3-4031-8659-98e010c72221,PayPal,Refunded
13fd15e7-ac2c-4eca-a40b-e67bd06585bc,58faa7c7-d0e1-47c8-84a6-3629952c4fb2,Books,3,72.56325432,217.689763,13/04/2023,27d17fa0-e049-415b-b591-a0a421338f6c,Credit Card,Cancelled
2ca482da-da53-446e-91c9-c2d060653404,15ef4c26-6557-4133-b997-561bced886b3,Books,5,214.1850753,1070.925377,01/12/2023,892987fa-ad2b-46c6-b948-03cb1cf97837,PayPal,Refunded
8be53354-6afa-4f18-934d-2f80a31b2b09,d2d559e0-5be0-4970-8045-6a827889cf00,Sports & Outdoors,3,395.2747475,1185.824243,03/03/2023,e42deea2-8728-4c47-b930-82bb9443ff8f,Gift Card,Cancelled
4e8cd825-7141-461d-a803-a6b3172b534d,6a7d5ae8-a508-4c34-99c7-77edf9919829,Sports & Outdoors,5,324.3194534,1621.597267,30/07/2023,2d5fe075-8c70-4d1f-a41a-05e3c0adc881,Credit Card,Completed
cc7a1e0a-7593-414b-9824-174201985e2c,adfb3188-cca8-4132-a536-e1ab4b66d2ab,Electronics,2,191.036426,382.072852,15/04/2023,dc215043-cb55-43b7-8bac-3d3c29b633ec,Debit Card,Pending
898dc134-59e8-4852-a74c-4cdcc23683e1,1345cc6f-f1f6-46eb-a572-b51339b5fb44,Home & Kitchen,5,469.5167318,2347.583659,13/10/2023,d35b77e4-77bc-4748-bf3c-38fdf6818016,Credit Card,Refunded
66bc133f-66ea-4081-a8fc-898e3866c085,1c796a81-94d6-47ec-a63c-0cd61ed951cb,Electronics,2,120.0429373,240.0858746,23/07/2023,03d305c4-0391-4b29-af79-09d25593e7fd,PayPal,Completed
7204e2ea-5144-40e6-8c50-4c7fa802b8ae,9f5be14c-5ad6-4dce-b39f-6f1c96d1dee2,Books,4,93.29771043,373.1908417,02/01/2023,9f3c2770-021e-417c-be9d-d155db216569,Credit Card,Completed
a16104b2-3e79-418b-9d3c-6befc3356bab,6519d322-420d-43b1-bbf1-5415625da8de,Home & Kitchen,2,10.13314618,20.26629236,25/02/2023,00381e17-a361-42a6-9db7-9406038de864,Debit Card,Completed
443d061f-4858-4780-8a41-501037c0407b,c75cfe24-3b7a-4e8d-b293-782624f49078,Books,5,135.9683732,679.841866,19/07/2023,82437547-c714-4c05-bdb4-5dd793457dc7,Credit Card,Cancelled
05f0f348-d1f5-47b6-9d48-6259470ba4c3,2b9e392f-1715-4e37-81f0-392d9ff21c11,Beauty & Health,1,209.1549917,209.1549917,15/07/2023,fa5bd199-f265-46c3-a4d6-d869d33524c1,PayPal,Completed
88e8d7cf-3d79-46d5-be2f-46685e8f2912,9e350711-2975-4a2e-bdd8-946b3d3e96df,Books,1,279.6441491,279.6441491,08/03/2023,3c8a4365-4db3-4cab-ac70-b890f31b6e9e,Gift Card,Cancelled
fffeca06-6472-4c26-a158-109921eb6912,1e7595c0-9c4d-4d96-beb7-28e2cc8b73e6,Clothing,1,490.6934636,490.6934636,23/09/2023,8ae19936-a60f-4190-bed7-8191c8b73380,Gift Card,Cancelled
e488c577-a361-48a4-9b13-2337ac125916,57016bf9-8f8a-4f7a-a0e4-6e84eab9e496,Electronics,2,272.0931638,544.1863276,15/08/2023,a8ab2fe3-cdae-4e65-9b77-390685dc10f2,Gift Card,Cancelled
6b3d1af3-d4bc-4e65-91b2-2edaba22ecf5,0850c3fe-765d-421a-aa14-234854f272a1,Electronics,1,144.0072165,144.0072165,28/05/2023,6438a402-3f6c-4abf-b2bf-c9f60e8e273e,PayPal,Cancelled
5cb975f7-3ccc-4190-9748-8c9955e68a31,5cd9f815-eabc-409d-ac91-f8b8760bed88,Books,3,428.8982937,1286.694881,22/06/2023,eba49ae6-5854-4227-8a44-c8d194d9f96f,PayPal,Pending
a62a8f63-e3ba-4c5d-b352-1207c67939de,86ff2fd1-5296-47f0-a506-068dcb25c5c6,Electronics,4,198.2086689,792.8346755,15/01/2023,b47aa039-eacb-4c34-8409-64002ec36e82,Gift Card,Completed
962dcd73-3d4b-4e4a-9e6a-7f3fb56409f3,85655e0f-0687-4ede-a76b-adcdb86a4101,Clothing,4,352.0201467,1408.080587,21/07/2023,37a2ec31-42a6-49fa-9c65-0feda0f6e8a2,Gift Card,Pending
31559bf4-f48b-4d79-8d31-dc15f4351900,51003f5f-063f-476c-9ba5-c696555168ad,Beauty & Health,3,452.2294595,1356.688379,03/08/2023,baa1c433-f202-4227-a204-98e30e627fde,Credit Card,Refunded
2f3c2451-c5b2-4568-bc45-a4851f74c1f0,752f27d8-1e23-4516-8077-80c7508fe30e,Clothing,1,46.12726184,46.12726184,30/07/2023,7803db02-d0b8-4a0b-9770-72e7c89d54f3,Credit Card,Pending
ae565c17-e317-409d-b9c8-6f6070955fce,ebf5146a-abcc-46c2-843a-a77365b964ca,Electronics,4,169.4233557,677.6934228,20/11/2023,ba193382-0ae7-40b0-bc74-e3c65c859aad,Gift Card,Refunded
3381161d-f188-43fc-959f-7d15bf993f08,3f297a91-33b6-45a6-9a27-3d46fa6b028a,Clothing,2,362.9455465,725.891093,06/07/2023,e56cf990-66ef-444a-9a7e-de925ae2d717,Gift Card,Cancelled
ff2255e2-7b82-4726-9b92-71dd4d41a5c0,903f8a83-abc9-4136-acf3-322d0909d996,Sports & Outdoors,3,333.3049937,999.9149811,07/03/2023,3fd008d3-059c-4c0e-b94e-06ec493f39c0,Credit Card,Pending
22662d42-f46c-43ca-a06f-bbaf4e5d779c,9fcfbd7c-e333-46c9-b317-733904712084,Books,1,203.1422746,203.1422746,01/07/2023,eeb05267-babf-4146-b88e-b8131ba9c5d0,Gift Card,Cancelled
08adc84c-d963-45aa-bad3-771dfaccd405,ea6f573c-7c86-47d7-bfe3-5a00f3caaba5,Sports & Outdoors,2,398.5729817,797.1459634,20/07/2023,7079ce43-4e1c-44a5-bb6e-0dde8f231a82,Credit Card,Completed
d9c9eeb6-116a-4653-8cc0-e5c672424389,f0b5a72c-a4d5-464d-a50a-0c65ec283c22,Electronics,2,214.2659292,428.5318584,16/02/2023,8ce038a7-3d10-4468-ac0a-efc1b19bfc68,Gift Card,Refunded
0081ce23-6185-4fb3-baf2-27aba97fe7fe,6aa0d926-cf87-47bd-845b-b32902fc7f57,Books,2,244.7995551,489.5991101,04/10/2023,545fdbf7-6fe1-46fa-8163-09d2f819d501,Credit Card,Completed
ddbbbc95-94e6-4c8b-95a7-c7986f0cdb53,913e27d4-580f-4cdc-a1c2-fa71298e6e0b,Clothing,5,450.0433168,2250.216584,23/06/2023,1f4557d7-8402-46d2-9bdd-51d12458730a,PayPal,Cancelled
d852bf24-8f0e-465a-a39a-8b7128155e70,456c33e9-7112-4c25-a430-7afe9fd26469,Sports & Outdoors,2,452.3038459,904.6076919,13/02/2023,5246719e-4694-4d53-b7ac-60e96ea05b3c,Credit Card,Refunded
169a5fb3-a73b-4f3c-9591-63f54d24940d,3d038459-6ceb-40c2-b972-9e8d7a87a5cf,Clothing,3,115.0271227,345.0813682,25/09/2023,b723c4c2-ca26-4956-a5d3-a701c56c37ef,Debit Card,Completed
1ddcc242-a4a0-4651-b015-36019730d503,6cb2ea03-4479-4f52-8e53-6f9c9b599c5d,Clothing,3,280.7709543,842.3128628,06/04/2023,5c0a7174-a74e-42b4-a174-023c77e376d8,Debit Card,Completed
514fcb2b-5ae7-49dd-a447-d3bbfa9f2f04,26e3d87e-8996-43bf-a67f-a8c2d715e0f1,Electronics,3,278.0695807,834.2087422,16/02/2023,742481ef-6ae6-4812-ae0a-eb136bb1396d,PayPal,Completed
a91dccdd-1d5f-4e98-9e70-28c50a7112a7,6da89463-13c1-4578-a3a4-8723b7f22505,Books,1,440.2281055,440.2281055,09/03/2023,d4d5cb25-1289-41a7-a955-f55bd1f577c2,Gift Card,Completed
909a25b1-3eb8-41ee-8038-e2e548c001d3,eaa10766-9822-41a0-a327-f6b80b59f799,Electronics,1,440.3237503,440.3237503,11/09/2023,030860ff-2ebe-438b-b409-90e44aa97c2e,PayPal,Cancelled
d1433aa7-477a-419f-8de3-0703841c619d,b7e48de8-75d6-4411-b50d-9f0ae8e05ea8,Home & Kitchen,2,161.8856873,323.7713746,15/04/2023,183a3331-6c13-49c3-8778-3a12115e0a75,Credit Card,Pending
58769285-4098-4560-b246-945270aea38a,d3273c4d-19dd-4dfe-bb42-b430526df7ec,Sports & Outdoors,3,469.1871939,1407.561582,28/08/2023,6adc1089-0350-405d-afb6-a4e752f9cdaa,Debit Card,Pending
95185431-6abb-4abf-ad5b-e50416539821,1859faa5-1e6d-4f16-8986-84d270782a26,Electronics,3,443.6822854,1331.046856,04/06/2023,e5aeef48-247e-430d-a859-fba417cfcdc5,Gift Card,Refunded
5901254d-c6bf-4055-a8b4-0d52d4d228d4,397da14a-3b78-414b-aed0-f849ea3f1005,Electronics,4,217.7660559,871.0642236,03/05/2023,6e60cc35-4154-4959-a05a-f8eb665e9889,Debit Card,Refunded
a88459ce-a832-42b4-bcc6-dc6db410d4bd,65129c42-8ab7-49ab-84b9-9affc0a45a58,Electronics,1,445.4636972,445.4636972,27/04/2023,551da837-f3ab-4ae5-869b-0423376444bf,Debit Card,Cancelled
bcfec008-6d24-4ea5-b63a-c5293293f13f,8e7deb11-59bc-4f96-93c7-01fd31f30058,Beauty & Health,5,86.48982498,432.4491249,30/10/2023,09f4415c-b3e4-4659-a95e-e28dbbd7a370,Debit Card,Pending
acb79cf0-71b4-43df-85c4-8396dc89d481,554e058f-64a4-4612-a2ea-60cfd6045d6a,Electronics,4,339.4801312,1357.920525,19/05/2023,1804ba7a-35a2-40bd-9b0d-dbbbf891f9bc,Debit Card,Cancelled
97807e64-c518-4ab8-b4a7-7a53177f9929,27a71069-d390-42b7-894d-89c6cdd20470,Beauty & Health,2,392.7028895,785.4057789,27/08/2023,4d1ce49c-0c89-4d49-b902-2b9ad57e6ce8,PayPal,Completed
6dd5132f-0c0b-4fc3-8afd-a2bb09b62e1c,261cb5eb-8dd3-4905-afd3-bb6db5440c3c,Sports & Outdoors,1,439.1310995,439.1310995,01/10/2023,71a9b2e7-b699-447a-a0ae-fc5b74fecc8a,PayPal,Cancelled
008d10c8-495d-4d26-bc86-7176af2641c4,35cd0738-c4e2-4d48-8ebb-306d065a63c1,Books,4,342.2462931,1368.985172,12/04/2023,75c47471-9b18-4158-b970-a3d2a23f083a,PayPal,Pending
78faf566-e4d6-4048-9c8a-e0a5bd4bc7c7,9609ca60-a1c5-4a74-9811-1730e263a059,Sports & Outdoors,2,144.7425495,289.4850991,30/09/2023,b1ed1d1e-f5c6-415a-824c-7474db942263,Gift Card,Completed
dd18fe67-cd65-4c82-ae47-81c5e66d28e7,996f4491-5d15-4d34-8b2d-021174861048,Books,1,366.755806,366.755806,16/06/2023,eb79f0aa-a66f-4ba1-a330-e8d94f8e7684,Gift Card,Completed
97ce4433-5391-4275-b48d-247ea5b726ec,1966c408-690e-4ee9-ab51-260c2b1bd9e1,Electronics,4,315.9553456,1263.821382,27/09/2023,e3c71f19-bf92-4c94-a861-32e517f86b08,PayPal,Pending
924bf76a-acc7-4f68-8f6b-227218726072,0d5e73be-ef38-40f1-8891-eb778f392d82,Books,5,78.97138789,394.8569395,02/02/2023,e53218ee-0347-4092-949c-a73df5eb156a,Credit Card,Completed
51017391-cb07-4315-9bce-173357635ff7,5067621d-86f8-429f-bda7-b39f03f95a45,Sports & Outdoors,4,121.3231167,485.2924668,10/09/2023,4fe838fe-5f88-40d2-9faf-6028eba3064f,PayPal,Completed
e5b8cdba-90a8-4a8c-ae68-53fe43c39954,3d55017c-1ca9-45b7-b4b6-cfc111ff756d,Clothing,3,248.6138428,745.8415284,11/04/2023,8b063640-42e4-4dd2-bb1f-5f7e50f9b067,Debit Card,Refunded
71cada05-b3f5-48c6-a4ff-049b6cd94dd8,e0a774ca-ee2b-4821-8412-2583943a3f30,Home & Kitchen,4,274.8035251,1099.2141,21/01/2023,765f1238-4d8b-477d-9c35-ec7586c052fd,PayPal,Pending
d5200aab-969c-4b62-9997-e9255285d282,78851fdf-731b-490b-9934-e81c6e93a179,Beauty & Health,2,35.19802134,70.39604267,30/07/2023,336c5be3-2b4f-4746-97c3-59701f1679f0,Credit Card,Refunded
fc6e3621-d1ff-4c2d-8996-8685a4936033,7898fb32-ddc7-4b4a-867e-43cfe0f4a5cc,Beauty & Health,5,145.5491881,727.7459405,14/12/2023,11a622f4-2e6a-40c4-9e17-ae0cd3db1ff0,Debit Card,Pending
77b542bf-05c0-42f7-bd9f-eadb194fe9f9,09bf06c0-2a03-4e36-9bbe-ca38c886d49e,Beauty & Health,3,459.628218,1378.884654,03/05/2023,deca5834-5c25-49a7-823d-0d8ebff256bc,Credit Card,Refunded
1c514472-c732-418b-8b0c-64d6bd21b3ab,480f2398-e2dd-4690-b898-1f222516022c,Home & Kitchen,5,319.2621205,1596.310602,10/11/2023,1d37307b-feda-461c-9468-b75c18f617c5,PayPal,Cancelled
f7163cd2-901d-4133-a48f-f81dfc0bd680,78d302d7-262a-48c2-b4b4-e29bf9c0550d,Clothing,5,196.8225962,984.1129812,27/06/2023,b2dbdbba-1ffb-4ccc-8f83-437abb602d11,PayPal,Completed
78e79d43-c2bb-4029-ae9d-358a1e6185cb,36b80579-9ce0-4d9f-8430-eb959088a22c,Beauty & Health,4,304.2197987,1216.879195,26/09/2023,75aae465-0faf-426a-ad21-8f3c0f7c7440,Gift Card,Refunded
9ac90b5e-a7b0-4b21-92c4-0b1d4d21b353,b37bd6e3-8760-4848-9c1c-11831c643e66,Clothing,3,449.93159,1349.79477,12/12/2023,03b06a70-a4f3-4c1c-b699-a27352414e0c,PayPal,Refunded
b39ab6bc-5f96-499a-9410-05fc7bd73e83,588266a9-bc36-448c-b5d4-7ce99e52913d,Books,2,454.383905,908.7678099,09/08/2023,67c64fcc-0606-4971-a488-226d717499c8,PayPal,Refunded
f81bfec6-84d7-411d-a4ec-345b97311d17,75393b46-8f2f-44da-868e-22ac11d9813e,Beauty & Health,1,290.1832529,290.1832529,31/10/2023,f4218084-41ff-419b-8241-817804050f80,Credit Card,Cancelled
6cc4c451-ffdd-4fcf-a19c-a49a3a1347ae,647c6062-368f-4d58-81ca-6b38aa871c00,Electronics,3,52.50800761,157.5240228,12/06/2023,622452fd-8f16-4f52-837e-8e0b0fb64a0b,Gift Card,Cancelled
e792f022-e8c7-4de3-807a-2b94b7f51cb9,59032efe-3fec-48ae-8292-a63c64edee2a,Electronics,2,193.2515951,386.5031902,20/01/2023,9e842225-f6ea-4955-a909-457ea88706c5,Debit Card,Refunded
ed081da3-76d7-4c0d-bf58-d4cb376a09c8,8dac8ad8-ae2d-4d6d-bd3e-92468dcabd10,Books,2,169.1572349,338.3144697,16/05/2023,f03592c9-9c95-4d2b-a354-b6e6d33969a7,PayPal,Pending
4e6aa393-b604-442a-8a38-17f677f0fb03,f98d97c9-39b1-4189-b61b-db7a8e55ff26,Home & Kitchen,4,194.4640127,777.8560507,24/10/2023,e99f16e6-7063-4a9e-8c53-fc55f76561f8,Credit Card,Cancelled
a2fd61fd-e8ec-40ef-bc27-2b865c80b8d3,597cbaae-ca68-4c3e-9f30-31bfe43806fa,Electronics,4,115.3094452,461.2377809,25/08/2023,2f6a39d2-3ecd-4cc9-a1a6-ca9a08f83439,PayPal,Refunded
b0eec949-b6a5-4703-bb8b-b80401e8d71e,02a8e297-2ce8-4a37-b875-c0fb1d81e0ef,Home & Kitchen,3,496.5429674,1489.628902,16/04/2023,2259e7cf-883a-4742-9801-173e0c3cc0df,PayPal,Pending
a06a8591-e5d8-4790-8754-75e0f44d0c60,ea01059e-723e-4413-a32d-b5727c274eb5,Beauty & Health,3,299.6094252,898.8282756,03/06/2023,06325407-059a-4a0b-8f77-fd6529f0e3c3,Credit Card,Pending
6104ba7f-7a69-4c67-9103-ea05948ff5cf,d57e06dd-6df6-4761-8f7f-2c2eda7dfbee,Beauty & Health,1,397.797601,397.797601,25/04/2023,fff52279-88dc-4dbd-9a51-427478b724ce,Credit Card,Cancelled
70932238-2325-4729-bb91-3edbd42f7ec6,11db8b7f-23e9-4864-a2e0-5386978e91e9,Beauty & Health,2,382.689538,765.3790759,31/07/2023,bc1b433d-9a5f-480c-a760-be70c74b926a,Gift Card,Refunded
5a5e8aad-f9da-407d-aa4b-7f6c1a71062a,3af9cd35-8642-4758-8e9f-6273e552c218,Home & Kitchen,2,461.9405239,923.8810478,29/04/2023,da1996aa-0a1a-4985-9036-c87b46af9ee0,Gift Card,Completed
f60d65e2-961d-4cbd-97ba-aa8f89294ee6,5ff4466b-ba5a-4f27-b3d4-5a897e1cd960,Home & Kitchen,5,315.8341075,1579.170538,21/10/2023,6d081803-1efd-4443-b93a-5001cba12ed9,PayPal,Completed
8c85f94f-5687-4ed4-b9af-1d3b8f3ce2ac,482f6a2e-6676-4049-bd94-ead84c918599,Electronics,2,164.1308182,328.2616365,05/07/2023,4f750542-195f-42cb-993d-1b43d4e3e3ec,Gift Card,Refunded
d5710431-df7e-43cc-9b62-d83affb86b12,a4abf7ac-f222-4aac-9b44-2d7602897f42,Beauty & Health,4,213.6508508,854.6034033,16/03/2023,4703e99d-9c52-4259-8bc6-e51b43595f7a,Gift Card,Cancelled
c7a5a088-a521-4f59-8789-d3ea41820b85,7cc1f296-da40-4c2f-86cc-6bf192ff04d5,Sports & Outdoors,4,53.75849747,215.0339899,29/03/2023,16bf1365-cb46-400b-b733-0ede48632051,PayPal,Completed
1643f607-6cc2-42fb-942f-155c4a5d793c,5a831427-eb57-4070-be72-4f7f0bc4d8c6,Clothing,5,442.3848067,2211.924033,15/05/2023,33071c57-5b62-4b87-a81f-5fc136c35cb5,Credit Card,Completed
b98c5ca1-31a7-4c77-a29b-0309573f8f38,f1d4e6f7-f89c-4a77-aac2-0e5518142662,Sports & Outdoors,3,398.6411862,1195.923559,11/07/2023,d09f19ae-1817-4e66-9dc5-cc0d56c2dedc,Gift Card,Completed
5f7410c9-02fc-41a0-affd-c44b191fe57f,c98d7193-fab7-4b83-bdec-ff109249fcea,Books,3,102.0425869,306.1277606,25/02/2023,58efa8c8-b0a9-4ad8-ac95-ad1494bffa38,Debit Card,Cancelled
0d46fe6c-fce2-4d49-809b-9f1dc63d4f8c,78487200-42ea-4df3-834a-c0ef391fd1c1,Beauty & Health,5,88.36886852,441.8443426,03/03/2023,b314ba8e-81d1-4e46-821a-c9a9705555fb,Debit Card,Pending
dd1220b1-6d31-4c4d-bff6-e5f5bcdd8655,c362aa1a-dbb7-45eb-ac49-232dff56d005,Home & Kitchen,3,89.79748175,269.3924453,02/03/2023,3206d4aa-7813-49b1-9155-4bb07a9db643,Debit Card,Completed
eed02721-4640-4284-abe7-e7d16ed36a71,97855409-dc07-4b71-a1e8-7d67df8b15e8,Home & Kitchen,3,60.52334079,181.5700224,25/07/2023,466562ee-9040-42ae-8974-7cea3956afdb,Debit Card,Completed
222e4e5d-3a15-4fdb-9bec-97a5e17207dd,676de53c-74c9-4855-b562-7f3426710734,Home & Kitchen,3,213.1824245,639.5472735,02/03/2023,3cd11984-db66-401a-81ff-ef6b5412c170,PayPal,Refunded
effdf4e3-35c2-43db-9b19-b5ce73ac50fe,f6ba4e9d-3593-451b-8c71-b94f5794018d,Beauty & Health,2,36.76076466,73.52152933,04/04/2023,7b399196-6dc9-44fa-bcd6-d05d129d95a7,Credit Card,Cancelled
4bb313da-67a1-463b-9a52-4cc3c8ae5618,a30e8972-48a2-4f9c-8586-08a25ba85e12,Home & Kitchen,1,420.9124105,420.9124105,08/07/2023,562f7a69-1147-466b-a380-9f5c706c3b63,Credit Card,Cancelled
3887964f-e7ec-4305-ad04-f72705512547,8508c6c5-f0cc-49a1-94d0-22b434babeb3,Clothing,5,113.0177422,565.0887108,27/10/2023,93845758-0d23-46b3-aff9-24589c3fa9f4,Credit Card,Cancelled
0ed6fc06-92bb-4358-89f1-f5f1743a3d4d,2a2cf00d-964e-406a-8030-91c598fdffbc,Clothing,1,145.1083275,145.1083275,28/12/2023,42daa5bd-c405-4550-8de8-c0bda3d8a7cf,Gift Card,Cancelled
d8e2ece3-d8c2-4eb0-9929-f2c54e101e04,878f5e1e-6d2a-4b33-bf20-b9c9ac1845c7,Beauty & Health,2,303.324952,606.649904,27/01/2023,6c7a1a76-e62c-4417-a2f9-73886e284241,Debit Card,Refunded
7029c733-8442-4995-8b4c-f04e242641b1,60d22d46-11b8-43a4-bb8e-474d415e3b8b,Home & Kitchen,4,175.8464946,703.3859783,12/12/2023,2c65820d-a0a2-47ba-b20c-53aa8741dc9f,PayPal,Cancelled
99d51e04-1e3c-4fdf-a528-f58920787480,c9083870-a8fb-4075-860d-0c99844cca14,Sports & Outdoors,4,242.7363532,970.945413,07/04/2023,72d79f99-da3a-422a-a248-0b442fce7e17,Debit Card,Pending
fef506a4-1e00-4b88-baac-31a1f9109813,cfb7553d-ef83-4af2-8877-59d3b1982a2b,Books,3,70.15440953,210.4632286,03/12/2023,7065d30c-01b9-46da-80cb-5ab8125e54b8,Debit Card,Completed
10f9771c-8b0b-472c-ad19-2b487f22239f,b6fce1c8-81ea-466f-94f1-4e0761368fc6,Clothing,5,295.4524707,1477.262353,03/08/2023,41b534db-11be-40f1-8d74-5d27201dde3f,Credit Card,Pending
3cc590f4-38b6-4474-9628-66a3dfeec54c,a50a82a5-9a47-4db7-b951-e6ca5859874a,Clothing,2,73.22888331,146.4577666,23/01/2023,f0b80796-7f42-4ebe-8bd4-e9e72cd9c5b8,Debit Card,Refunded
cdf3c38e-9b76-48a2-ad62-f1f4d53b6b76,7e31d7a2-4e41-4d98-8b75-790c1cb11a44,Electronics,3,68.69688339,206.0906502,03/01/2023,0796a311-20f1-49b1-bd05-a2155a386cc0,Debit Card,Completed
8010f992-257b-4691-bbbd-0ba7dabd415d,29b86aa2-1cd3-47fc-8164-01bb88a9bc5b,Books,4,42.07814824,168.312593,02/09/2023,f3a271f1-d9cb-4245-829f-5c9e9f1c5b20,Gift Card,Pending
6d3b4eb2-3ea0-40fd-b019-edb212a8fbc0,6c832b3e-7be2-40bf-b074-4c185edbe7df,Sports & Outdoors,5,418.033002,2090.16501,20/06/2023,577aa551-b7d5-424e-9374-0e771bf5d81f,Credit Card,Cancelled
b0a765b8-d420-4767-9297-77d2c25b2f72,e3b70352-db66-4e24-854c-f9324a303f2c,Sports & Outdoors,4,227.8296577,911.3186309,04/09/2023,930fd3bd-08df-4cf1-ab7c-93527e26aacd,Debit Card,Cancelled
51a9c8f9-4152-47f5-b8e3-a996cf71ee83,1e05458c-72a6-4ff5-8b40-25c68a593bdc,Sports & Outdoors,2,61.08879013,122.1775803,09/07/2023,c107bf48-4e1f-49f4-a0d7-15c126e17d87,PayPal,Refunded
47a4124f-d58d-49f2-8ba1-742e28078739,7079ab7a-5606-46e2-8911-574f834f3d74,Clothing,3,37.12238995,111.3671698,20/03/2023,0971abc9-18f3-4185-9a5f-b3392ad23561,Debit Card,Completed
ee8faa87-c6bc-4a8a-bed5-93993a7a04bc,d604035f-5d3d-4c68-af13-09baa9345bd6,Beauty & Health,3,218.2705938,654.8117813,10/01/2023,b23d4f83-4c85-4330-996f-e13ac27fe779,Debit Card,Refunded
8270578c-969f-49d2-b784-51fd58b63aeb,1b5278e8-149a-41a6-94df-bedb00e12200,Sports & Outdoors,5,367.0960313,1835.480156,29/04/2023,d405f57e-9536-4dce-a525-1a4f9363cb51,Gift Card,Cancelled
1171499b-1287-478b-a0da-07045fe17672,b76969a6-09ed-4be1-b712-58fc6c44e114,Home & Kitchen,1,97.42938141,97.42938141,11/05/2023,20491d99-0e27-4821-9305-f2e307d5bb6c,Gift Card,Refunded
c21e8572-6541-41e4-8d5b-6d5e3746c639,8038f3d4-eb87-4699-94c7-3c9e2e756a35,Electronics,5,91.50660942,457.5330471,09/01/2023,b44331b8-63ce-4329-b231-e49c7af10af5,Gift Card,Pending
061c603f-c5f5-4a68-b28e-8da3247d7e7a,c92cf35f-d421-4ea4-8deb-a2c0cdcbaf8e,Beauty & Health,4,462.7904485,1851.161794,16/10/2023,2c5cbdf3-c404-44e3-bdf0-967a5abb758e,Gift Card,Refunded
c4f75776-ca8f-4436-be5a-5bb5a95fccaa,fc56f908-0136-4c32-ac09-bf852030040f,Books,1,82.89442868,82.89442868,18/10/2023,f48f03f8-cd48-4efc-8494-56586e4268c3,Debit Card,Pending
c5a4f58d-2fbb-4625-b361-40454b17a7a1,b2dcb1d4-148c-4793-924a-7acd3084e680,Home & Kitchen,1,445.4932009,445.4932009,14/10/2023,2f9ec72c-81ef-47a5-bf25-b0128d349383,Debit Card,Pending
366c71e2-5113-4682-aef3-6b95d2e5770f,f806b3c9-87f6-498a-b4b8-f2c3431466a5,Beauty & Health,4,103.8040121,415.2160484,19/04/2023,abdc2853-ba0c-49e5-8bde-c744c4ef03c0,Debit Card,Cancelled
adc87e31-8d32-4615-8c6c-fed44599b96c,bf2abe25-f4e4-43dc-a6f3-54e4c419de4a,Beauty & Health,2,217.7945263,435.5890526,05/06/2023,1935792b-8274-4a83-8fdb-0ab3bf00ae29,Gift Card,Refunded
795588a6-8333-45c7-8dcb-f78825343e8d,8909235a-17e3-43c7-b151-7585d4406988,Sports & Outdoors,4,465.1563214,1860.625286,09/02/2023,6cdf2921-9789-40d5-b71a-807ec28a9e9e,Debit Card,Completed
d7e0ae02-dc34-4e16-ab13-f15676168f90,5c51c3d6-fa34-4eec-8b06-6377fe624e0d,Books,1,271.4470742,271.4470742,01/06/2023,ee6ef225-fa2e-4e51-a592-c6c958793510,Credit Card,Pending
2a13df88-2af1-41ea-a4a7-cd449344aa89,234975ac-0a50-4a01-98c9-4cb4e260c7e6,Clothing,4,150.0344085,600.137634,29/08/2023,089dd114-038b-4913-b5f9-596097c184b0,Gift Card,Pending
5fa33282-2f05-4ebb-ba47-b4ee86eec90d,af41b859-8e8f-4d53-8676-b73adcf130a9,Sports & Outdoors,2,200.2503006,400.5006012,30/11/2023,8782272a-bb4f-4525-a50c-37f49f00ab31,Gift Card,Completed
648f8216-204f-4405-ad52-9fd4aac9312b,fb18964b-99c8-4658-906f-42dacfba1df1,Electronics,3,36.7378852,110.2136556,10/08/2023,fbd414e3-76f8-4914-a95c-aba20d1aea75,PayPal,Refunded
c1fae9e2-c80a-4ebd-953f-2fddf5c9668a,f7a31346-982c-45c3-927f-8ed63c65a3f5,Sports & Outdoors,3,349.5006956,1048.502087,15/02/2023,c3ecf6cd-b7a1-4f37-9aa5-e36c4aa7de64,Debit Card,Pending
d23857f7-b76b-4f96-a1d5-ee75274f5e10,f2cdbf22-012d-44e2-b041-76eab4430030,Books,5,485.8771168,2429.385584,13/05/2023,543f1600-84e8-4cc6-8e1e-92fe20c385b9,Gift Card,Completed
936a96b2-2aad-4659-9b87-53e7e4c7c24a,bcde3501-d5c1-4f10-bda5-717eed0e5127,Sports & Outdoors,4,154.7052966,618.8211863,06/06/2023,ba97203a-97e3-440d-80fc-800799789804,Gift Card,Completed
d7567b2e-f70d-4a60-94a5-2654d1f75654,7577bf96-d80a-495f-8c7e-07f9b46d04c9,Electronics,4,434.3252294,1737.300918,16/01/2023,7c3d29c1-a906-432a-b789-965f559c9e03,PayPal,Pending
963bdab0-3929-45a8-857a-7c936bb12a96,ebf55631-35ed-464a-8f42-8b486d0e6d7f,Books,5,157.3063837,786.5319187,22/11/2023,5bebc2a8-9983-4cbc-a83b-ff74cd4bcc55,PayPal,Cancelled
aa1f39e6-51ab-416f-8e62-d59e5a2f2120,9a52cbb1-3cb4-43cb-818d-b85f3248c45c,Sports & Outdoors,5,37.15406301,185.770315,01/12/2023,c8e4f904-469f-4ee6-9b18-6ea36e60a940,Gift Card,Completed
677889e1-0764-4db9-96bf-f40fac0f48a5,46e63e91-bfb4-48c6-a7e7-44bfc23988d8,Home & Kitchen,3,143.9917294,431.9751883,12/05/2023,109b81d5-1f98-413c-a092-ab014668e783,Debit Card,Cancelled
ce6dd909-2b8e-4121-819f-20f7ec7d3377,af72a85a-94b1-4e16-b95d-3683a1152aa8,Sports & Outdoors,5,32.61018196,163.0509098,20/09/2023,c91ffd90-84a8-4ea4-b841-b94ed7a7fdde,Credit Card,Pending
d7f21be5-3ef1-46d6-b9f7-2fbe90799c74,68df5e86-4777-4b46-84f3-064a39d6dc62,Clothing,3,205.5576694,616.6730083,30/08/2023,9f46715b-971d-43e4-be6d-364d21397a2e,Gift Card,Cancelled
4aecd4c2-4c45-4dee-a07d-04fade8cd635,128ada5e-09ec-41e2-8288-16c1bec4de14,Books,3,205.0564741,615.1694223,10/05/2023,a41a6220-6897-461c-90f5-9252e550bb86,Credit Card,Pending
70223cad-7836-4adb-9a27-3290f49a967a,a2efec8d-a8e5-4868-8787-cefa9a7caabb,Clothing,3,432.2958475,1296.887543,14/02/2023,47a03bda-90a2-43e5-a39f-f00808e7f3b6,PayPal,Cancelled
82dbb0a4-20a0-48bc-a57c-49c0550e562e,ebfa2868-ac43-4b38-8b8a-4183f32a91e2,Electronics,3,480.1361791,1440.408537,11/07/2023,968cab2d-8995-4a07-babc-ed8f11738d60,Debit Card,Pending
3651bdea-13ca-4975-8cdf-710bbba08b69,761bf117-8692-493e-accd-97e7ec67c36a,Electronics,3,471.5270789,1414.581237,21/07/2023,0dff6942-b294-45c7-b23e-fca7fad4e9c9,PayPal,Cancelled
a2770021-3661-492d-b751-de44ee8864d5,d010ae72-68b4-4501-8954-cea2cd321207,Clothing,4,198.2254176,792.9016705,22/12/2023,c6c1878b-ae13-4d8c-afd4-5a0d5af82c8e,Debit Card,Cancelled
37600cbc-4d28-4000-ad20-4c42f53738b3,312b0b12-72bd-47ad-b2a4-c2097c6d736b,Home & Kitchen,1,79.36032099,79.36032099,07/01/2023,ea4a5592-45ef-4dc1-bafe-0665284f4aa2,PayPal,Completed
0778e5d9-9e83-4518-9a8f-ab9db24eb7a3,a591c3a8-a1f1-4c3d-9104-08325a58b2d8,Beauty & Health,2,186.1085904,372.2171809,01/05/2023,9e83ac0a-9c87-461d-95f7-4b8148ebcbbd,PayPal,Pending
d7a4362d-cd22-4aec-b2e7-aa605996c356,52138972-b776-482b-af2a-4577f596b998,Clothing,4,452.4487051,1809.79482,16/06/2023,30d5591f-a1e7-4887-9142-9150b024c8a9,Credit Card,Refunded
5debe0d3-7d8b-49cb-801e-b8322529eca6,63b01e56-1a34-4db5-9515-50a2d6e0e3ea,Clothing,1,123.7542844,123.7542844,24/07/2023,919da03f-af3b-4ebd-89d0-2b32eae5161f,PayPal,Pending
73f6bca1-7314-4167-8482-284ee7e92627,34c4ec3c-0a6a-489e-ae88-1025d66f3e04,Beauty & Health,1,88.13179006,88.13179006,18/02/2023,dbc5e138-12b1-4016-a156-0f669cb28b8e,PayPal,Completed
0bdf78ba-11d6-4b53-a41d-d3314b764d4b,23f22943-2357-4ed3-8a06-494a0a93fc7b,Beauty & Health,5,301.6454939,1508.227469,11/07/2023,5c087c2a-cb05-4022-b525-790c8e3c00f8,Gift Card,Cancelled
d44689b4-6477-416e-9af9-ad31f59c6df3,54b1a9e2-a3b0-4ec0-9737-c61521b02558,Books,2,221.6130387,443.2260774,28/09/2023,bbdc8a0c-5040-4364-83b5-5bce14dbb6d4,Gift Card,Completed
029b10df-7107-4d8b-8dd2-faa97083a940,69ccd313-5d3b-4acb-93f4-55eefe1abcee,Sports & Outdoors,3,209.300324,627.9009719,19/09/2023,78267f6a-62cb-4175-9b3f-89d26cb4099f,PayPal,Completed
d3a70f0f-419f-4c12-a306-e0f7d609877b,fdf23c98-8879-40c5-8a1c-0425ada7132f,Home & Kitchen,1,401.5214626,401.5214626,14/11/2023,eab5c147-9710-45ef-9377-0f3b2e58af9f,PayPal,Refunded
caf45cfd-132f-46ee-8520-14cab90ba62d,fde65a8b-c1f6-4029-bc13-7fefadfc0a8f,Beauty & Health,4,297.4293109,1189.717243,23/10/2023,c6d3b0d6-901e-4f24-bf7b-8dd6d2790a73,Gift Card,Cancelled
5398c0a6-0120-43d7-8d8d-c3d01c0c4bff,c12e8c67-f687-4287-aba6-2846afdde00b,Home & Kitchen,5,73.60599826,368.0299913,19/05/2023,aa5dbc99-2f1a-4567-adfa-4a02530857bd,Credit Card,Completed
be153bd2-9ac5-4597-9663-e2cabdc1b91f,9b2d2e47-5bbb-4505-b098-30f890ff41dd,Books,4,265.9382795,1063.753118,29/06/2023,be4f413b-8c06-4cb7-8a19-ff7d6ea05de7,Debit Card,Refunded
8ebcd32b-7ec2-4c8f-a4fa-d3f5805acb01,b6564cce-379d-4996-851f-eb487c62b1c5,Beauty & Health,3,264.3054466,792.9163398,08/02/2023,47cca1c5-b83d-4c25-80a1-4468626a57df,Gift Card,Completed
c6515624-dfc8-4837-b77b-e9b63adbae32,7a6d36d5-94e5-42f8-9e54-3b22b8df6416,Clothing,4,93.74317108,374.9726843,27/11/2023,2e402480-3f5b-48d6-ba9a-33cc5861681a,PayPal,Completed
a81e1aa8-ea87-49e9-a3d2-db6acd24b444,851ee067-cbd7-40d9-b5d4-de405e5f36b0,Sports & Outdoors,3,452.0338373,1356.101512,28/12/2023,34f815c0-d14f-42aa-b7b4-dfcf43aceaef,PayPal,Cancelled
773676c6-48d1-4f14-8dab-c4f1f6a48bfc,c301c098-bc07-4916-b3e0-42a028c8f407,Sports & Outdoors,2,416.8448167,833.6896333,27/03/2023,2b406256-e72a-447b-b2d4-886bc587b102,PayPal,Cancelled
f5799b73-5e60-43d2-bc5b-79bc9ab9ffb6,d5495b72-c47c-4d3b-b223-e2ea3d2b683f,Sports & Outdoors,5,25.48462148,127.4231074,25/07/2023,b71d2994-55bc-4173-b510-cfa03f50ef49,Debit Card,Pending
81f190e8-4638-4f52-8e2f-1760aa54ec34,006cc4e9-efc2-4e1b-a76a-e553b2b59cff,Books,4,83.61312767,334.4525107,23/06/2023,6a1c33a5-4d95-4884-9c73-d200f7a2e4c9,Credit Card,Pending
d5f717cb-164a-49d7-86aa-12a9a5f473f2,9928e594-47ec-4353-8bae-aac37cd00a6b,Sports & Outdoors,5,15.17460211,75.87301056,05/05/2023,479a0628-ae00-4488-abf5-d03ae5e63e62,Gift Card,Pending
b107b349-d227-4ca6-b37e-01b29ef69213,5b25a482-5849-4565-a35c-abb17f66a108,Home & Kitchen,3,376.0002918,1128.000876,13/11/2023,33f765b1-211d-458b-a5c7-f210263fb309,Gift Card,Refunded
329d689d-22d7-4e05-a4e4-c16b7811e3a9,a7c4f2ce-de15-40c6-a774-ce368c372e3c,Beauty & Health,3,245.9877046,737.9631139,10/01/2023,a99fdcef-c668-46fe-ac0b-49232da0ad08,Gift Card,Pending
abbcd0c2-93d6-42f0-8ecc-a7a93afeb954,ac9ec425-62b0-400c-8772-dd141d39f8ca,Books,1,434.5822504,434.5822504,14/01/2023,1461aed2-4daf-407e-99e4-852de5ff91f9,PayPal,Pending
2b8e0094-0cf6-4b54-833d-40bff3b63e8f,72d0a7cd-8224-433c-85e2-feee9c67d1bc,Books,5,151.4052897,757.0264484,03/10/2023,2cd34b3c-90ac-47b7-92da-283ce3931f11,Gift Card,Refunded
f12bf0c6-d9c2-4b36-a15b-7ab5bdac79af,e874dc15-804e-46e5-ac1e-6d3bcddf0ffc,Clothing,3,147.6411766,442.9235297,28/01/2023,078153e7-7472-4b5f-9fe3-919782a0b4cc,Debit Card,Cancelled
36758f4f-9f31-4c13-949b-fed200543535,90c29534-6212-429d-ab9a-58b3d842f164,Beauty & Health,3,294.8487426,884.5462277,19/05/2023,493c6538-7b07-456f-98cc-e5d17632ea39,Credit Card,Pending
825b45f7-03f5-4699-b3bf-f7e60cbb4ee6,e1f83c18-138f-4a33-89da-6353665493f2,Books,3,336.8442495,1010.532748,02/03/2023,e2135da1-f32c-4086-b68e-431f586ead3b,PayPal,Refunded
f88c3440-3350-4b8e-88bc-d2f04879b8da,a258e328-43fa-43e9-862c-f90a1de918f5,Beauty & Health,4,363.7120048,1454.848019,11/11/2023,4cbf696b-37f5-43d2-9c4a-1b01a1c56cfd,PayPal,Refunded
04b5e1bf-8725-4d95-849f-91418939557c,4c380d63-283d-41cf-8cab-4684c394cb50,Home & Kitchen,5,485.425339,2427.126695,04/04/2023,8c3c6992-0ab1-4a5b-a3a6-b4e6afc63556,Gift Card,Refunded
bd112883-dd49-4087-bf75-507bbfc70af3,c3bcf792-6c4d-4b6b-8fe5-f77b3b3afa78,Books,2,446.2194095,892.438819,19/12/2023,20a97fa1-93ec-47eb-abe3-aee31ae8a9b1,Credit Card,Refunded
3e97e298-7523-4aed-a1fa-edeb5c68f578,44e51f2f-39a8-4408-bbeb-aa23cbebf3d6,Sports & Outdoors,2,278.2491944,556.4983889,17/05/2023,fde32aa5-796b-46b0-9d7a-6be1af22f903,Gift Card,Completed
3830c3b7-2d51-4138-957d-b51537ec61a7,44f4ebdc-02a6-4b1d-ae66-c86309e5d101,Electronics,3,378.3199696,1134.959909,07/03/2023,dc4d105f-dcc5-4a75-a404-50d8f452868b,Debit Card,Cancelled
48f09fd1-2a1b-4d37-b605-83145e0b5d1d,7a660128-b3c7-4b4e-823e-784c4bcf3b03,Books,1,139.5426976,139.5426976,16/10/2023,acea8a72-131b-4ca2-8e72-13850c0dac13,Gift Card,Cancelled
167f3c51-3cfd-42ee-9262-70f86a1ed9c8,f8e1588e-9e31-4ef5-aa9c-ab548bbbecf5,Sports & Outdoors,5,117.2934186,586.4670932,12/07/2023,92111d20-ec1e-476d-ad26-ccc69673005d,Gift Card,Completed
5acee891-a16f-4a04-b251-a0d034f3085f,d6d940e5-a09e-4d8b-87c3-f503544a2e8f,Clothing,1,271.5938176,271.5938176,17/07/2023,b68522f7-a7cd-48cf-9059-30fd5aafde55,Debit Card,Completed
11d35282-4c07-4c3e-81b5-3d00f5e453ab,ac65ae34-7769-4763-aeaa-38848b19dc8c,Home & Kitchen,1,336.4781026,336.4781026,10/04/2023,c83db83b-512f-40db-b476-c1083c117005,Gift Card,Cancelled
ea647fd3-d3c1-495b-ba57-62f48e3e6b1a,7a0fabf7-60b2-4533-8273-bdb271b3ab84,Books,2,499.3661301,998.7322602,05/11/2023,cd73796f-7ca8-4b69-9f40-d63d522e8ca9,Gift Card,Refunded
4477b28c-4de0-49d9-b5d6-ad94fe6c3ec6,1bb350bc-0a5b-4aa9-be1b-d115fd074c12,Clothing,1,293.5903987,293.5903987,01/09/2023,56be86ac-0eba-4c20-885a-34c564053bcf,Debit Card,Completed
57da3266-c70f-43af-8cb2-74e2b89b7f65,188d1961-4430-429d-beef-38cfa6bef7ee,Electronics,2,134.7350112,269.4700223,08/03/2023,26a3b8b3-603f-4f4a-9824-53d4e6c11b84,Gift Card,Completed
d8d8b2d8-19e2-45f7-886a-9ce3431f8463,b060b4f1-3e0f-431f-8ec8-3c684b4ea198,Home & Kitchen,5,373.9624731,1869.812366,09/12/2023,6cd1c8f1-2feb-4964-bb90-cf8763846822,Gift Card,Cancelled
ed94e8c4-521a-4809-8064-83c665a9ef71,194b26b6-8539-4ab0-828b-adf5f1a5a736,Home & Kitchen,2,104.379604,208.7592079,23/02/2023,11e4e7a6-1fc6-4477-82a4-917a5f2f9c5f,Gift Card,Cancelled
c5ba3791-0f3e-4d9f-8ae6-8645bcde402e,7f25fce2-a636-4614-9772-404c05e7477a,Home & Kitchen,3,192.8447243,578.534173,04/01/2023,55c58e47-e45a-451a-847c-daf939212449,Gift Card,Refunded
18b8c5ab-9dd3-46be-9428-6e72d3e56d3e,9fe1c9f6-7634-4218-8696-60fe2c2ce76e,Books,1,197.9012116,197.9012116,14/08/2023,0b30d0b5-fc23-40ae-b7ed-62122586483c,Gift Card,Completed
23cd0266-385e-45cd-a634-f1baf9552b10,b379f3b0-b63a-49a9-9239-9ee95bbef5d6,Sports & Outdoors,2,85.6288425,171.257685,15/02/2023,93abc2df-1a1f-4f60-be34-99a090023c52,Gift Card,Cancelled
21ba4fb4-b27d-4af4-b3fa-d1aac1cc7c4d,801ebade-0cd7-48aa-b823-d3e2bae440bb,Beauty & Health,3,414.9485,1244.8455,21/08/2023,c9c272a2-76fe-475f-befa-13f06643ff00,Credit Card,Refunded
feb8a92b-e09a-4898-9a6d-4ecfcff7856d,747ef973-3909-45b0-8eaa-6b667af288ba,Clothing,3,252.0929859,756.2789576,12/05/2023,23453e21-949a-4e3a-9d2b-11a3d4e98e1d,Gift Card,Pending
9342a369-b963-40bb-8a7d-b8a40550a88a,1ef18aeb-5530-4eb1-876b-ae99aa2a8e28,Clothing,1,268.3725556,268.3725556,30/08/2023,d76f865c-3a78-43b8-9dca-371acf907491,Debit Card,Pending
de9a80d8-0f4d-4544-ba2f-8ee24f1396ca,ed4a84c5-d174-4161-8048-0a5f8c804dfc,Home & Kitchen,3,52.33725515,157.0117654,07/02/2023,475bf4d6-117f-4507-b2f0-cad3c670b9b1,Gift Card,Cancelled
a3de389a-d643-4d2b-be04-52eb0d68cbce,6214c267-c276-459e-bc20-a7b5f66e3fa1,Home & Kitchen,1,44.00930795,44.00930795,18/02/2023,b81d1982-f9e0-40a9-ae31-72c0bfe85916,Debit Card,Refunded
52f69a83-182f-4224-a452-ac135ae28828,2b17b440-a8f8-4efa-bce6-1833c7ce0667,Books,2,481.2589435,962.5178869,27/06/2023,df7dd63c-adea-4277-94ab-cf669ff153bd,Debit Card,Completed
224d1036-d52e-4130-87bb-5381e9215ac4,cc440110-b3fc-4ad5-aba8-d40307b476ae,Electronics,4,240.7603554,963.0414218,15/05/2023,3fdb57e9-0458-409d-b4ca-a98ecc6a5353,Gift Card,Pending
418d2c23-be2a-4291-920d-5c314e60dc5a,65cd5594-7662-4568-a470-466ee8d07cd4,Home & Kitchen,5,389.5988101,1947.994051,02/11/2023,a01db933-5b0d-4a9c-8894-3b3949d57278,PayPal,Refunded
f66546ae-346c-48c2-935f-2b55b9ced7db,66012d59-a511-4a00-a5e7-83df9869d452,Clothing,1,79.08842078,79.08842078,20/10/2023,4c0a3c57-ea05-44f8-b4b7-da43a6e8a2c9,PayPal,Cancelled
a86abbbf-81e8-42a3-b28b-27d85d99e827,67aba845-a7c8-4b0d-910d-01a79893ad87,Books,1,251.6993262,251.6993262,06/01/2023,98654953-683a-42d8-aa43-0c38324ffddc,Credit Card,Completed
cfc35b54-9806-4334-b655-a2bf9d8a4459,29b7d86f-3ea6-4ee2-ad91-8bbd2a7e3348,Home & Kitchen,5,42.56320073,212.8160036,22/12/2023,6b868164-b1ae-4b0a-b5c9-3c7c5dbd944d,PayPal,Pending
d7fddd29-0610-4165-86eb-41c379377849,7ba309d3-28d9-4c39-8acc-80d743c66a88,Beauty & Health,1,201.302962,201.302962,03/09/2023,3766523b-8fde-4e98-b29e-9d1b31de3a53,Credit Card,Refunded
2094d196-eb8d-4faf-acad-a29e7d6ecee0,65935130-8580-4da4-9af8-5a5473e8295a,Clothing,1,185.4267377,185.4267377,18/09/2023,214883bf-925c-41b8-9d5c-93e997f15e0c,Gift Card,Pending
2c6e1555-421b-4771-9ae7-e2841ea7d819,b34a7037-eac6-4435-90a6-2bba6e5795ab,Books,2,55.1358303,110.2716606,12/06/2023,a8d42193-cbce-4d05-86ac-0d7ab55327d0,Credit Card,Pending
b447a1bc-e623-4449-a7ea-64669a8cb588,fd50f6a5-b2e3-4c07-84da-3a601caea89d,Clothing,3,479.6488242,1438.946473,26/02/2023,62d536ad-8450-4a0c-9121-2f67ee9cacef,PayPal,Cancelled
76ed0837-4f34-477e-9e70-a6a345531e8c,b7920701-6148-4751-95c8-dc9ab303d932,Clothing,5,69.40688548,347.0344274,23/05/2023,e037d5a4-f4d1-451f-a544-1124d93c6acd,Credit Card,Refunded
13425b67-33fc-4b35-abc2-698c9a98a3f4,a698f337-63f9-4765-9fa7-a2bbf3cc252a,Clothing,2,135.8720086,271.7440173,30/04/2023,6ded8780-6089-4e2c-b2fc-75902454603d,Gift Card,Refunded
82ab9425-c590-4692-abb3-e05c2bc3dd5a,6d9a287f-cfa9-4516-89fb-cd0f867fa65c,Electronics,1,459.049567,459.049567,10/10/2023,e923d2fa-df28-40c6-9474-df27043a5fdd,Gift Card,Refunded
6a7c955e-42a5-4d1c-84cf-cff286435eaf,3b1d90a3-bc6e-4e0c-adc3-473485c81ba0,Electronics,3,462.3618949,1387.085685,03/07/2023,80ed777b-70b5-4760-b4c2-2186e2beb2cf,Gift Card,Refunded
6c9a3893-5046-49eb-8388-fa8698602fd5,8a1d4d21-95bd-4de9-bdf0-37b9fb11ebb9,Clothing,2,364.0744704,728.1489409,10/07/2023,886e667c-b612-4298-806e-38a21b059a78,PayPal,Completed
47654dae-d278-48b9-ac06-56e563373af9,846f5d92-2adb-4b9c-b32c-a60cc8994105,Books,5,14.87474047,74.37370235,16/02/2023,d205585d-1f5f-4b3a-a84e-d354c6e64024,Debit Card,Pending
129ce22b-278a-4250-b5ff-27c380d2e7aa,2fb9cf30-2716-40ff-b555-e599d20f6f07,Electronics,2,386.5091063,773.0182126,18/12/2023,9cef5377-537b-478b-b236-b83ee78aa3aa,Debit Card,Cancelled
eef20d79-8596-49c3-87aa-31df38bda93b,211a3fea-c73f-4bff-9e81-2c75e7053817,Books,1,402.1883083,402.1883083,14/02/2023,b154134e-6f7d-4d57-90f5-3bacffe85ae9,Debit Card,Refunded
6498e24f-ad30-4ab6-81a8-f1757c28762f,3892d183-d123-463a-8b83-eabc63ef9c9c,Sports & Outdoors,4,144.8558097,579.4232389,25/07/2023,5e1a3235-9081-4713-a374-84794a933279,Credit Card,Pending
641aa981-10a7-4f52-8b45-186e295b105c,c85d6bee-9bab-4443-8999-3d2023003ce6,Clothing,5,304.2293418,1521.146709,11/12/2023,e8dc277e-6929-4b23-8d56-5d89039c9d44,PayPal,Completed
513b78be-41c0-4283-97e1-4e6f2c76c2a7,3648cd9c-2bfa-47ef-83e9-a1c25bd4f2e4,Books,4,132.5058697,530.0234789,27/11/2023,f6c54c2a-979e-4e58-b6bb-3b2b16dc2c30,PayPal,Pending
30e68670-8968-4350-8901-ad3587faebf9,43ae7436-beb7-4db3-9ef4-a8316d5f1221,Beauty & Health,5,202.560159,1012.800795,22/08/2023,3847db3e-83c6-489d-bb7a-d278558f46b8,Gift Card,Pending
9b5cabf0-9163-43b4-867d-e66da04db399,a6cfc58d-3d47-4aae-8aff-98afb50526ba,Clothing,2,181.0567627,362.1135254,07/07/2023,7a33d29a-a8a1-4a53-a798-4552371e260a,Debit Card,Pending
67aed960-29d4-411d-af28-c4c46430b8c9,bd8322ec-36d6-40b6-a381-2e64655de9c9,Home & Kitchen,1,28.29749607,28.29749607,01/08/2023,330e0d27-240d-43ef-8b8f-8dd30c9d4d36,Gift Card,Pending
08f3d133-c8d1-440d-90e9-ce578c51d497,cd45fb43-a7ad-4eff-987b-797d7ae4401c,Electronics,4,338.8079425,1355.23177,22/03/2023,781fae7f-8956-47dd-9404-9d9b41d37d63,PayPal,Pending
2451edaf-9900-4ac0-9462-cfbb4976e9e0,f76d2b75-ad89-4e11-8c93-417b6d601211,Beauty & Health,3,132.9377043,398.8131128,17/08/2023,4b75dad7-e793-462a-a83b-3ee277de4da8,PayPal,Refunded
5add044c-ff8c-4eab-9cc3-7b41fe273a04,969d90ed-5452-49f5-a3a7-f0b75759863e,Beauty & Health,2,295.392865,590.78573,26/10/2023,f7c72d6a-4c2e-4dab-98a8-d2820a547da7,Gift Card,Cancelled
455a01ed-d270-4d94-9539-dd9a802598cc,382257be-f1df-46df-af3c-73b0103c2582,Clothing,3,484.1668801,1452.50064,24/08/2023,d93922bc-07c2-47dc-b937-f25abea4f98f,PayPal,Cancelled
62ad5cee-2021-414c-b37b-bc79ea28ffec,bb188f14-3507-487b-9744-6c22db05fcb4,Beauty & Health,2,76.32398056,152.6479611,22/07/2023,6da4c255-cd91-4e4e-8c00-dc4fe80f385d,PayPal,Completed
24c55579-9740-4aac-ad58-d89e7e05237a,0fa94af8-61b0-4c73-b411-016f5ba48ed3,Beauty & Health,3,493.2358007,1479.707402,13/05/2023,872095b1-1528-4678-8e7c-1cd2dfac1dc0,Gift Card,Cancelled
9d5bf088-2356-4a93-b3b7-b943a5c927a1,209fe249-7b6c-495c-bef1-c46cc43c0514,Beauty & Health,2,187.9909604,375.9819208,08/10/2023,d3031473-e5be-4cff-8ca7-46b9d590b3cb,Credit Card,Completed
33356edd-3122-4947-bd92-56f500152306,13325c8c-4595-440a-b1b5-2f71dcd0c65b,Books,2,152.0353637,304.0707273,26/05/2023,daf74eca-9495-48d0-bda8-5494ce5cb66a,Credit Card,Cancelled
2a0fb2c3-4c95-4ec7-a683-67f63381d93b,2f2f63a7-1e79-424d-bec3-f7d235719bd9,Sports & Outdoors,1,177.0568197,177.0568197,28/10/2023,48b3a719-3dc9-4337-aae0-413476cfe7c8,Debit Card,Pending
85c288d2-4e7e-4bf4-8e66-ecf1777f1d78,434cf5cf-fe20-42a5-a48c-a15d9f1e3c67,Sports & Outdoors,4,324.4286569,1297.714628,01/08/2023,bdd62e6f-e1ad-46eb-acfa-7d9efa2435af,PayPal,Refunded
58c005e6-01bc-434c-9cfb-3f2fc4477119,90084d90-f20f-453a-8707-683110d3b38e,Beauty & Health,4,457.823149,1831.292596,08/03/2023,91b79635-34b5-461e-9d06-dc0e8fed4f59,Debit Card,Refunded
2fc16dc5-58e7-4f03-8823-e62228652fe6,f735e144-b42c-4a4d-b29f-c6cb4a2733ad,Electronics,1,18.15145384,18.15145384,06/09/2023,4dcc7149-c7a5-4048-afca-38dc209390db,Debit Card,Refunded
723ede94-baa1-4043-b9c6-ac7ff494ca69,eee64943-4107-4936-aa31-c040568b0a4e,Beauty & Health,4,470.365708,1881.462832,04/01/2023,5c898476-c16f-4a92-a827-5f7dc0bf25b9,Gift Card,Pending
676dc532-c705-4d39-ab52-87c145ab1757,ac0bd220-35ba-4ca0-8f42-6f3dce29d026,Sports & Outdoors,2,348.0680613,696.1361226,16/02/2023,7b58d27c-5188-46b3-99e5-e59d7ca7dc71,Gift Card,Completed
cc693dd0-b61e-4bfb-975b-54f28c84f668,a2966ac6-e85e-4838-aa39-d13b5b0d5192,Home & Kitchen,3,81.39944521,244.1983356,10/06/2023,514129a9-b07a-4c04-a0bd-3247eb5dd208,Gift Card,Refunded
ac0ab9ae-f2ce-472f-8a4a-2e7454df0d99,87be99b0-6aea-4d0e-b954-800bb6333ba3,Clothing,3,460.0822426,1380.246728,14/02/2023,c4d18edd-ef25-46c2-8b15-d6d2b295eedf,Gift Card,Completed
1c871677-03ce-4a7b-b2a2-d8b22af528b1,4d6b352f-d2eb-4f4f-91fa-12f67cb88e62,Home & Kitchen,5,400.9833005,2004.916502,04/05/2023,be5fb935-8877-4b3a-a250-36bf6524270f,Credit Card,Completed
7ef84b25-1c05-4dee-be45-004b915a6c8a,a6e44b27-f854-4843-bd6b-8f2df49aacc5,Sports & Outdoors,1,296.2789869,296.2789869,02/09/2023,ecb9acf0-fe09-4a90-8db8-84be4bb721f7,PayPal,Cancelled
740ac4f9-4693-4ad8-ae4b-55b46b9b86d4,fe275939-e9b1-43d4-bc6e-3156d60ca523,Electronics,3,273.5071839,820.5215517,03/02/2023,db7ecbd8-41e0-4c77-a03d-6e2c56b047a4,PayPal,Cancelled
eb41dc1a-1f21-4557-9790-791362010b8b,9adbeb6b-c151-4134-9b66-b9b2b8c1d238,Clothing,5,429.6574264,2148.287132,30/03/2023,c0004d38-382f-4f15-b774-98160a1abe35,Gift Card,Completed
6a5b901e-d969-4c5e-b096-66c4158cb0be,6254fd8a-8800-48b2-af93-2852358e29f4,Electronics,4,17.78616822,71.14467288,10/12/2023,ada6d3c7-d3f8-4cef-990d-468b2ed9fe60,PayPal,Refunded
516cc8c1-f490-4f5d-9695-1c881a56f611,9c85d8b4-551e-468a-afd8-60d46cb74257,Sports & Outdoors,1,40.43062847,40.43062847,09/06/2023,c79e72c0-d7e4-4557-8fc4-3b02f6643685,Credit Card,Refunded
f9d0d76c-149b-4597-9116-0969d0449d1e,85fc3ab9-8fed-4c7a-9aac-4a994b538658,Beauty & Health,2,414.4477729,828.8955458,20/05/2023,c991dc9d-34de-42d6-96a9-63fcbe8b5caa,Debit Card,Pending
8a25df7d-e503-4f21-a96f-88ea0d318841,41a2c57e-da0e-4b34-8a93-ef91a797e663,Electronics,3,280.9414904,842.8244712,06/08/2023,d062f7ab-d7a9-483f-88eb-172943b6c005,PayPal,Refunded
caab355a-cb98-44ac-8a67-35736c7169fe,f434763c-0bb0-4581-9052-217239e72774,Beauty & Health,2,462.49528,924.9905599,29/05/2023,bfa1d51d-d5b6-466c-9b4d-38267d499b2b,Gift Card,Refunded
b366b75a-8be1-4ff3-b40d-e0f495609462,b0ca212e-6e0f-47cf-8b7c-e8af9e29a672,Clothing,4,365.6450789,1462.580316,09/04/2023,467db19b-abe2-4701-8bc9-b071495d8aba,Debit Card,Pending
dcb7c42c-3995-4a4a-8976-e49030a25084,41c82d90-ce58-41dd-bbad-8153b31dc6f4,Clothing,5,315.2564232,1576.282116,15/12/2023,1ead4673-ad75-44e3-8a29-0e9aa7b138e5,PayPal,Pending
e21d76d6-e179-4168-b142-e12f1444e03b,ba1ad68b-966f-4806-8cb2-5cbe0e4b67a7,Books,3,365.9776837,1097.933051,15/11/2023,250fb7e5-699c-45d0-9a2f-e9e6bd744c3e,PayPal,Completed
d74450bb-f95e-4d6a-a61f-a77264b6f506,f7d4bcb3-f6d3-43e3-aa65-fcd6b2a01a9a,Books,2,253.1395428,506.2790855,18/07/2023,836124df-9daf-4b09-ad64-8d564a83756f,Debit Card,Pending
ded61e27-4bcd-4437-8958-02c1587873b1,2a506652-e93a-4a9c-971e-aaa22256f318,Books,5,181.5287977,907.6439885,11/10/2023,cc88d4f5-b20a-425c-bb7e-f0a0eafe86ae,Debit Card,Pending
e06f024f-319a-413a-a10c-fb3467434523,8c702aa5-d9a0-4552-b23c-6ef867f980ab,Clothing,2,462.6437159,925.2874318,07/02/2023,e96e0c8a-f8e7-4999-bb4c-7c9d3c18b0ef,Credit Card,Refunded
e1181bc7-d9d4-417c-a434-9c03420c9885,d622cc2e-ccca-4fe4-a3b6-31388086c377,Clothing,1,479.2227908,479.2227908,09/01/2023,da4dbf4e-9b13-477a-ad43-3ae56c8dd460,Debit Card,Completed
8f3d983b-eb4e-42e1-ae52-7f09444eb872,81616a67-6017-4030-9f84-bfd92e6a71cc,Sports & Outdoors,5,343.9209795,1719.604898,17/04/2023,87127c99-9238-4f01-a272-23a68b746a6d,Gift Card,Cancelled
a8d5244f-8ab4-447c-a11f-b4a8ff1bc1f7,a4eb48f4-21b5-438f-b15a-6b5509f505e4,Books,1,73.10176637,73.10176637,11/02/2023,b5d587d9-2896-4e17-b7aa-b3499f8729c7,Debit Card,Pending
6ac1d8aa-292c-4c45-b3d6-af590eb3a336,cb6437f8-e724-4382-a9df-ef041b8c25c6,Clothing,2,363.611179,727.2223581,27/07/2023,1a09d5da-991f-4b96-b196-b350fa583216,Credit Card,Pending
6f7cf843-d40c-4105-8c39-4a20a46c91d2,6765332e-9eaa-45bc-8538-8dd95a7bfbaa,Home & Kitchen,4,74.32138077,297.2855231,31/07/2023,388fc527-06f0-4ba8-a518-6b368aab535e,Credit Card,Completed
d25e6feb-f504-477d-89c5-6ea5739bcc62,ee3a799f-a0f2-4d90-b71b-089bbd412967,Home & Kitchen,5,156.4190995,782.0954974,02/02/2023,7a3276a2-e037-46c9-99be-744f465f6926,Debit Card,Completed
628cb258-eda2-4d85-a48f-c9b6738ef442,49de5bdb-fd99-416e-89b2-3b0201cc7615,Electronics,3,423.3041704,1269.912511,10/08/2023,d489008c-b11a-424d-afde-1e744af6b8c9,Debit Card,Completed
b91b817e-740e-400f-adff-a77921dd49df,e2ee8ac9-ec26-4faf-a808-896af71f4b11,Clothing,4,104.2258212,416.9032848,25/12/2023,70a4bfdd-651e-4fa2-b492-3da66b56732d,Debit Card,Pending
a74e55e8-540d-4d90-b2ff-85de9875dd0b,13e98db8-4891-4b7a-8fa2-c2570ba48776,Books,2,244.6148595,489.2297191,28/10/2023,fa774d4c-121e-4e94-a0fd-f2a995a7f5bf,Credit Card,Pending
7adf01a5-09f0-4561-9cb2-8e672cc2d345,4510f4b8-bf43-48c0-9148-64a8d4141896,Sports & Outdoors,2,220.5728659,441.1457318,01/04/2023,4735bfd4-3ec1-444e-8961-e870ca804bce,Credit Card,Cancelled
f45e553b-e2e4-4601-b379-82bc89e3f874,79e9e50b-ecce-438e-a627-eb43c1d6db65,Sports & Outdoors,1,143.1588522,143.1588522,05/03/2023,ed2ae5e1-9e60-4788-adbf-906815a895ae,Gift Card,Cancelled
dfa5bad8-c2c5-41df-9449-6447a70f0209,e7a5fe54-a8c7-4174-84ab-915ef940d647,Beauty & Health,2,152.0411938,304.0823877,16/02/2023,d067dae1-5d9c-4f27-86a8-63b8e37a25d1,PayPal,Pending
dd741a48-ddc1-4632-9358-b00696cf5dab,58103aba-abb1-4fd9-8192-fa55c7189d4a,Electronics,3,18.92872945,56.78618836,07/08/2023,62c4afc4-5184-4dfa-8da2-975f7f16d11a,Credit Card,Pending
538559db-8abe-4e23-afd2-5fa6dbd2a614,c8a522a9-94cc-4a89-b6e5-5ca1104af64d,Clothing,2,415.5094174,831.0188347,20/11/2023,41d9da50-320c-42e8-b0c2-8d23c916c65f,Debit Card,Pending
057dcb4e-17f0-4996-b5b5-749116a91b74,b0096b42-5463-4f65-9bd6-10ef315da60c,Clothing,4,192.8290227,771.3160908,30/10/2023,d75b8d2e-01ce-4faf-96db-d14c2a7ded07,Gift Card,Pending
26459657-e273-4339-b00a-3c007c643a60,0b90e4a9-bd17-4412-a802-d224a95b71a3,Books,1,437.5750032,437.5750032,27/10/2023,e4d1589a-f4ee-4d84-ad27-04eef71958b0,Debit Card,Refunded
2f692e7b-b988-428b-8eeb-61fa28da245c,87909573-eac4-4b4b-bcb6-706e5f75d2f8,Home & Kitchen,4,196.7041243,786.8164971,14/07/2023,4512a9ff-f482-428a-b6bc-5c7044f75815,Debit Card,Pending
4490bce1-b5ed-4e91-81e6-0e4db5d7ede9,8bfbcbec-c89a-4a2e-b7ee-9aa87d59e1e6,Books,4,166.0899615,664.3598459,05/10/2023,1dc2ca09-b509-43d1-beb5-5425fc826b5d,PayPal,Completed
2f914b8a-9f39-4db7-a8c9-f222a6bb5823,b8236ccc-ed1a-45d1-8236-ef382aca9b4a,Sports & Outdoors,5,55.08568877,275.4284439,27/03/2023,8defd371-15a4-40ef-a487-ebb7a5adc1bf,Debit Card,Completed
5dfdf85d-a25a-410d-aaec-4744d84e0c64,3a3e5023-8aba-4097-9e2b-a92ab067ecc4,Sports & Outdoors,3,375.1098487,1125.329546,16/08/2023,865f8954-4e3c-4c90-bca0-d7221ba81405,Debit Card,Pending
c2819739-be3a-44ff-949e-10a117228a1b,1934cdb5-2f13-463d-b111-97798ee2c48b,Sports & Outdoors,4,344.6790779,1378.716311,23/04/2023,bdfcbf06-9db3-468a-9925-c1b01d847a8a,PayPal,Completed
a0b409a6-8b45-44ec-a9f8-8bf3f9dfa3a7,ee3e33ab-803f-4148-976e-58b3ec324e37,Electronics,1,353.6704684,353.6704684,25/02/2023,15979561-097e-4ccf-8ead-dd5d02feced1,Debit Card,Cancelled
abb9a866-5f2a-4e04-beb6-d7e38c35e530,0b7213b3-76a3-4a5e-bb1b-f7bdc2cc8466,Beauty & Health,1,369.0560241,369.0560241,23/12/2023,ebde41b8-fec1-486d-9e25-fc3f4ca5da23,Credit Card,Pending
9acf7a73-70e1-4f50-9dfa-c3dc5541234f,a5d72b98-484b-42c0-b109-3864918bbc13,Electronics,5,149.0220949,745.1104743,22/09/2023,5b1dde28-bd1f-4d87-aa65-c7dd3ad3e3d9,PayPal,Cancelled
0b7e556e-cf88-494a-ba06-7839e65e8429,c874283f-91c4-473b-bd08-7af313c21852,Electronics,5,160.5340084,802.6700418,11/01/2023,bee3fc2a-7045-478f-9cd8-ceadf7c29c1b,Credit Card,Completed
7461b304-764c-4143-b03e-12096f6cc794,323c3254-5e91-4f28-87d6-b1e0186e7f4c,Books,3,423.0716835,1269.215051,01/09/2023,b32e3a97-eff3-4a85-8127-0d1e57b51e09,PayPal,Completed
e33cdbcd-6463-4804-9199-0bd4245ba4f4,cdd26759-eafb-4d8c-b904-986152520109,Clothing,2,381.4559621,762.9119242,31/07/2023,43f77842-8a9f-4266-91f6-3f81f0209725,PayPal,Completed
59797845-5226-46dd-bee0-02c1656ad625,a82eb04a-ecc2-4b8c-a8d1-d4209d43824e,Home & Kitchen,4,340.1797804,1360.719121,11/01/2023,bb07d2bc-cb12-4d8c-b3d2-d5667b9dc7f0,Gift Card,Cancelled
1b1d2a23-f859-440c-840f-e810515a30dc,bd3c9cd6-ed84-47f4-8d4f-6a7def9f9f93,Clothing,1,47.44634012,47.44634012,17/09/2023,f9775a7c-161e-4f2c-b43b-a003ffda95a1,Credit Card,Pending
67f8eda5-1b6c-479e-a8cc-32fae370c95c,91bea01f-017a-4350-a319-2b1bfcbc1954,Beauty & Health,4,243.3077379,973.2309517,21/10/2023,e3ce4fe3-9959-4a6e-a920-f87332732614,PayPal,Refunded
8475acda-cc09-472b-8c97-03f7dac07051,02b484f8-90a9-4150-adf4-0fee2b1d1645,Electronics,5,284.4245838,1422.122919,14/01/2023,caeb3fef-86d7-4e09-ab60-65d8067570df,Debit Card,Refunded
a4a532f8-5961-4726-8ef0-aee6de24c658,9a1da3c0-397a-42a9-9d8f-e783c8bf28e6,Electronics,3,144.560653,433.681959,28/09/2023,11128ed2-aebb-41f7-b590-a5a6deca97e2,Credit Card,Pending
ded81c7b-8868-417a-8d3b-afdf9a3ba049,390ffeaf-0eba-4863-a5bb-24f7e68679c6,Home & Kitchen,3,140.9434751,422.8304252,01/05/2023,1ad232cc-d3fc-460d-aade-7c4c22710cd1,Gift Card,Completed
64ab4587-9619-4f13-ae5d-4d018b20defa,4348cd48-959e-47da-9417-260320c5d24d,Clothing,2,249.9900462,499.9800925,31/08/2023,27b35782-533a-409c-bee3-254035550e15,Debit Card,Refunded
1dd1111e-0ee9-4a48-98ef-97e2e483ffa1,73fecc25-5cf8-402b-a4a4-be503110eb56,Clothing,3,372.667062,1118.001186,23/11/2023,2a2feb4c-37a0-47da-8c06-d69652d4a3e0,Credit Card,Completed
b560eadc-39b0-4961-a002-0ad7154853c9,640eb184-7384-44ce-940a-042f102a369a,Sports & Outdoors,5,70.31408254,351.5704127,19/10/2023,22d4b8b7-8b9c-48e0-87e4-4f97f17f35fd,PayPal,Completed
d90ebf6d-bb93-463e-839a-468b3ba7da67,3db4a6ad-4fd3-4309-8f42-a502bc23caf4,Electronics,5,316.7318793,1583.659397,01/09/2023,555f2195-9ba0-4c25-afc9-032498cd4739,Gift Card,Refunded
fdb7b733-0817-4f40-b7c3-17842c6cbd86,2be339c6-080b-4ebc-bdf0-9151657bc5af,Home & Kitchen,4,263.844923,1055.379692,01/03/2023,36d3f3e4-5510-469f-91d3-b9e8db6236d2,Debit Card,Cancelled
34eaddd6-cb6a-463c-939c-cc82c22f4350,12b7cb4f-7321-46ab-8f72-a207fc6b4441,Electronics,1,328.918245,328.918245,29/10/2023,1d969f66-35c1-4e95-9d5c-3e4170ff3694,PayPal,Cancelled
8c637132-aecd-495e-8143-bed68c60a00d,a1c47c9e-5114-45ac-bded-625e222a6098,Clothing,3,353.6030886,1060.809266,30/03/2023,d518949a-463f-4bfc-8f97-308d22ec81da,Debit Card,Completed
3a6885a5-c45c-4379-8d88-49d05bd86189,60a25196-dfcc-4c79-b818-a2b895b8ba3a,Electronics,4,269.6336147,1078.534459,18/05/2023,f0f6f5ae-351e-4a96-a5bc-82f0c1c031ea,Debit Card,Cancelled
01e6a327-6291-4a21-baa5-2b65d2d02483,ed8c7d02-943d-432f-b5c5-bb5ec0b8d847,Books,2,342.2223239,684.4446478,28/05/2023,c3e35fa5-f0c6-42a9-a8ac-c8f70414979e,PayPal,Refunded
e29985a3-dba0-45ac-b322-7f9551a33d1c,36eea058-3d1d-4269-8875-c26969bf6b58,Home & Kitchen,3,183.1422878,549.4268633,18/12/2023,cd986ed6-7384-4914-96b4-d6ba85e9e487,Gift Card,Pending
75faea9a-1da8-4057-9141-4ae02391e483,911f7c28-9c6e-4413-ac28-8fc07a9fbcc6,Clothing,3,131.4747255,394.4241764,04/06/2023,89c75af8-a0a2-45cf-8080-5c0e83d95fc6,Gift Card,Cancelled
2f6ef4cf-d77c-4839-a0f2-dad5ff9a01b1,c071bec5-e218-4956-b3ee-0a25d9383581,Clothing,2,38.67312017,77.34624035,05/02/2023,02032c93-d554-4b59-93a7-9373d586fe7f,PayPal,Cancelled
c9ad0779-8242-4923-88ef-0882165ad151,11b0513d-87c6-4c04-a095-78a85b731686,Books,5,50.2584394,251.292197,13/06/2023,ea2934a1-e1a7-45a5-b94b-821ab67f9c59,Credit Card,Completed
93d4e85e-2600-4a9a-9d1b-e61ede2e5c80,d030382d-40cc-49fc-aaf9-a86dc9519d78,Electronics,1,409.8138699,409.8138699,01/03/2023,cda810b6-798f-4655-aa5d-8f63a2e9c5e0,Debit Card,Completed
287f77b2-7471-4d71-8045-f4956eba45d2,b185bbbb-c03d-40ae-81e8-0d0a2f87c913,Sports & Outdoors,3,429.4935837,1288.480751,06/10/2023,fdb521b1-a092-4da0-9d4c-eaee20beda63,Credit Card,Pending
f5148464-0af8-458d-98bf-de710c1dfdf8,4b817119-1010-4d32-a5ea-51fa0cae6bbf,Clothing,2,257.20531,514.41062,03/03/2023,b77135e8-6f92-4a27-bd7f-1c353b946a28,Debit Card,Refunded
3c01041b-3310-4e7f-9a03-4e77918823c3,06c592d4-bea8-4f95-92b0-367490a7e25d,Electronics,3,308.4354445,925.3063336,22/06/2023,35fe52f0-1b0a-4854-a445-1555cbab072d,Credit Card,Pending
66073fce-5fa7-4938-b19e-977b3ca662b1,cb943db4-a0c9-4fdf-bd9c-aa3076b3d3be,Sports & Outdoors,3,165.9082554,497.7247663,02/12/2023,366c39e5-1303-487d-b379-0468fd571821,Gift Card,Refunded
10da28f2-fc60-4cff-88b5-7faa1a476b32,34e0db88-5b11-4eb4-9b3e-501f7377d0f6,Beauty & Health,4,277.4702651,1109.88106,17/09/2023,52da784e-d35e-4ace-940f-8c216bb6a9f8,Credit Card,Cancelled
5773eb8b-2e0f-46ae-9edb-5ee7f0264998,bd79bb7f-8592-49ad-9aab-eab521fcbf9a,Books,4,247.4325578,989.7302311,09/07/2023,cc890c1a-2392-4724-8fe9-67be74781735,Credit Card,Cancelled
e5faf6c7-2e50-4d04-a980-6b0b2ce450a7,79d77431-099e-4f2b-b474-135274df271b,Sports & Outdoors,2,370.3184337,740.6368674,03/04/2023,f363b91b-5529-4f63-be48-44eee1f184f6,Gift Card,Refunded
4863324d-7844-4228-b3d6-6cd091d9145f,46e843c2-419a-4986-9504-c01fc46f4b77,Home & Kitchen,1,346.7276669,346.7276669,08/02/2023,ddbdc265-49b2-4b71-822b-3414b964d2ef,Credit Card,Refunded
666351ff-9585-4c8b-a96c-700674e85381,5c4c8510-6b1e-49d7-b533-d854fc4127bb,Clothing,4,376.3955079,1505.582032,08/05/2023,3b58f46f-a36f-41b5-9b16-53e91db50d61,Credit Card,Completed
67f97e95-f60c-4113-bd60-f19e11132e6e,c40d21ba-5c3e-4c8a-9383-fcd5bab43e42,Sports & Outdoors,1,344.2819059,344.2819059,19/06/2023,c5f45ead-a6b0-4637-854f-4282954395f4,Gift Card,Pending
b296f925-b052-4c46-9e60-de291dceb135,4b66886a-8bb9-4d0d-92f1-3d09a5f5b201,Beauty & Health,2,408.7871997,817.5743994,17/07/2023,47aa3ba6-04cb-41ef-9561-40dfe8132a02,Credit Card,Pending
9b02b928-94fc-4be1-85bd-41b4b4994eaa,d338f595-4a17-4ef5-815d-ebf38d68c601,Clothing,3,261.3948102,784.1844305,05/07/2023,7b1ea16c-7aba-496c-8478-5ca80307ace1,Gift Card,Refunded
5745d127-b2d4-495f-a34f-5872239cadd6,7b5a82f9-faae-47e5-86b1-6cbc6b34a7c7,Sports & Outdoors,3,16.44826739,49.34480216,08/09/2023,3695a599-832e-40eb-9830-03ef71926273,Debit Card,Cancelled
3327e3af-2118-4c8c-be5e-b8d24fff778a,bd9db15e-1f1a-4586-b6b5-07ebfdc9ac42,Sports & Outdoors,1,254.5303779,254.5303779,24/11/2023,b6f280fb-71f3-4bc0-b117-2314f20acbdc,Credit Card,Completed
474ce7a4-6d30-4d40-ac4d-8e9911816358,6a656f1a-8bf4-45a9-bcbf-48c017bdd966,Beauty & Health,4,168.8041445,675.2165779,04/10/2023,21db0817-e53c-47b3-bc24-1fcafa36388e,Gift Card,Cancelled
b4c2bed9-4646-4b63-894b-c37a739785e4,ab83f9fb-7652-414a-aba6-98ff496ca23d,Sports & Outdoors,5,240.8649094,1204.324547,07/10/2023,9beffdc9-031f-4a92-9739-69687ea4ffc4,Credit Card,Refunded
d060b355-248a-4cee-bae8-6f226cd33437,6e776a8d-57b6-45aa-b07f-3c64df1edc23,Beauty & Health,4,417.1475443,1668.590177,08/08/2023,52ab7861-c521-436e-9d3f-502a6ea781ba,Gift Card,Completed
a2e45fa5-639f-4b76-be6d-e3404f5f6706,38bc180f-25cf-47fd-92a4-7bcf51f20da9,Beauty & Health,4,461.133502,1844.534008,29/07/2023,fb5f25ac-287e-42ce-9a84-f629cff03d26,PayPal,Refunded
c691d267-75df-4e88-b2ec-50e7d6b91716,9a96b572-59c5-4759-934b-6309230893d4,Home & Kitchen,2,367.0229805,734.045961,10/02/2023,bb91ca77-6c3f-4440-bfeb-a039c0c8918f,Debit Card,Completed
d8c0c066-d470-4cb0-a9c3-64a8fdb01a16,098447e1-5799-419c-8e24-261f4050dfa0,Beauty & Health,1,429.4076419,429.4076419,28/04/2023,8633b18f-6c11-40ed-ab65-98fa65e51a39,Gift Card,Pending
21bc9041-b2f2-4eb7-8c72-a8bd2e7ae341,b24da765-25ff-4da9-a44c-304edacfde68,Electronics,4,247.3591872,989.4367489,15/05/2023,d5273d5d-3a70-4fff-b1a7-057c09901254,Gift Card,Pending
5c345aab-b90a-4a80-8361-e11e47711542,4a4acbc1-dd40-4bbe-bda6-1b2b542970b3,Clothing,2,396.3995229,792.7990457,01/08/2023,70c0b4e6-3326-4692-9f91-8627736665b2,PayPal,Refunded
2b86c2e2-8fdb-4752-a501-0ee42de2ba7e,a60cccc0-a797-46bd-aaa1-d408b39fbed9,Sports & Outdoors,2,263.8546064,527.7092129,02/08/2023,e0a3ac0d-eabc-4164-b24e-86ee6509f430,Credit Card,Refunded
0b86fa36-5c4b-4261-bfca-5d69bde782f6,fd674d26-dec7-442a-8ae4-6d0b882d9b08,Electronics,3,30.59497424,91.78492273,31/08/2023,36498db1-6242-49a4-9c42-07035116a4e5,PayPal,Cancelled
d9c5a1f3-91ff-4539-89fc-375f92d20eda,26cd132f-e7c5-4b86-bdc4-2fad002c3344,Beauty & Health,2,318.5310482,637.0620965,29/04/2023,22249577-8964-49c0-aff3-de73b954f3dd,Credit Card,Cancelled
9f4202a5-ffb6-47d8-8ceb-b45224a1c649,b0d623c3-1c43-44a8-9006-d6b88ec39d21,Clothing,4,27.24383722,108.9753489,24/06/2023,393751c5-b5a1-4cd7-81ae-ce787cced3f3,Debit Card,Cancelled
7725e4b1-2051-4844-addb-99113abcaa45,f5e8bf7b-0feb-49d9-90eb-29f0df218c22,Sports & Outdoors,1,200.2243619,200.2243619,01/05/2023,d84063bc-d0df-483f-ab34-65d16b3ac4ab,Gift Card,Cancelled
a0bdaae7-1a30-4ae6-98db-aabbdf53d567,f4024640-e02c-4b7f-9a05-8ea3d4585073,Clothing,3,252.4205056,757.2615168,03/05/2023,26e69d5c-55e3-46ef-83b5-b264364bd8e5,Debit Card,Refunded
3bcfee64-48a3-4e6a-87c3-d19d675dbdc0,141eef1c-66d0-4472-b8c7-715daf466877,Clothing,4,362.5536047,1450.214419,12/01/2023,bda97f3a-1bbe-41c1-9b30-857ede46dbe2,Gift Card,Pending
93794c3a-bc0a-4853-878c-cce5d55016f0,0ea5ced3-3f16-40e7-8184-8bee6841753d,Books,3,87.34185105,262.0255532,03/07/2023,f4dbd414-6c17-4c00-a501-4c9bcd537ede,Credit Card,Refunded
190f7f3a-ff15-4223-8143-49af09fe916e,12e6546b-23d7-474a-bf44-3ee7d303a22e,Home & Kitchen,4,348.0205546,1392.082218,01/11/2023,eef4e5b4-6c04-4a84-a4ef-0205a23c8652,Debit Card,Completed
d9271184-9da3-429f-8bff-dfd276fd9e47,e3b17a2d-d832-4975-87a0-b2f61f1309c4,Books,4,67.09431031,268.3772412,29/10/2023,2d3aa00d-8e99-4205-9bc9-9ef22feb93ae,Credit Card,Cancelled
b612fcf2-6942-43b2-9fbe-270f41af209b,fda3417d-6138-4b17-a6e6-bea781eae836,Home & Kitchen,4,382.3582978,1529.433191,19/02/2023,76dc484a-f8d6-400c-9e5f-b2c64da7c938,Debit Card,Cancelled
27df1a44-def9-4ebb-8d7a-a4df56a4206a,eab3890d-0ef7-4bb2-958e-b47471cbbe8a,Beauty & Health,5,254.2510557,1271.255279,10/11/2023,f827bfc8-52e8-4e8b-9f7e-09ff228297a5,Debit Card,Completed
4bf1582e-805a-4d12-aaf9-99aebe07ca8d,91b0a40c-a8f0-471f-bb99-f776e90744f9,Books,2,106.3566769,212.7133538,01/08/2023,a114e93f-bb0b-4f31-9795-2dac665ac5a4,PayPal,Refunded
deea729f-be11-4fea-a111-12957bc006c8,3052ab6f-1e87-4492-bca6-d1537d7ef4e4,Books,5,202.0273343,1010.136671,30/05/2023,c559692f-b4d6-475d-8772-346d0b9d2a02,Debit Card,Completed
1690541c-7607-467c-9ae5-a55e4f73fd2a,4aa68d12-6054-481f-ac8d-7616a3746a82,Electronics,5,40.82720747,204.1360373,20/10/2023,856dd140-e001-43b0-a9a5-abd4151e912e,Gift Card,Cancelled
311d5beb-cfde-4492-a544-2e5793686fc7,08e110e3-7a07-4969-96ac-e56ce9af4275,Sports & Outdoors,3,311.3023139,933.9069418,26/12/2023,5dc195da-9fe3-401e-82bd-c2196eef5e8c,PayPal,Pending
df05084b-d6b9-41a7-a2dc-0c58e780c1f3,b8d8299f-a4f1-43b8-9feb-5f9e0beeff6e,Electronics,5,243.557673,1217.788365,26/10/2023,18a30df7-33a6-4f14-8540-1c10603dce19,Credit Card,Cancelled
3c33d0de-4c83-4df2-bc7f-f0249816f441,91c71aab-9176-4346-bfbe-cdf308bdd1c7,Books,3,120.3122876,360.9368629,15/07/2023,643ee755-27e1-40cf-8441-64a338711002,PayPal,Pending
381783bd-328d-43c7-ae4c-88de238de58e,51bc541c-9c11-4e9d-bdc1-f649a0a580f4,Clothing,4,373.1515948,1492.606379,20/07/2023,8c678c91-0455-440b-aea3-cd30f938893a,Gift Card,Refunded
b694e52c-dc75-4740-8eec-6ff2a9daeaed,b9a8e654-8cc4-4292-b36c-9bf445d4803c,Electronics,3,93.99751107,281.9925332,23/09/2023,1b432018-8ffc-4d3b-91c8-1ed6f842d8cf,Debit Card,Cancelled
a70662fa-c02d-4c3a-b2f3-162ddda4fdc8,d3f05190-a9cc-495a-940d-5d47feb8f303,Books,5,352.2842093,1761.421047,01/12/2023,9531e20f-e896-412e-b5a6-11704aab6c3e,Gift Card,Pending
224027fb-dc31-41f8-beb3-4d1950117c56,0cc1432d-8154-45b8-851f-0ec18526c8f1,Sports & Outdoors,3,173.2843814,519.8531443,16/06/2023,94acce80-ae1d-4ab8-9302-b2a27d1abbc2,Debit Card,Pending
7c974474-a234-4924-8a76-27d717069123,6b153fbc-02d2-49bc-8ac9-79bedc6cef39,Home & Kitchen,4,454.1860522,1816.744209,20/12/2023,f21dde12-1c31-4823-8e70-53dae2ed171c,Credit Card,Pending
004d741a-e6f9-4dd0-b891-c38ac6719222,68aea003-a556-420b-b7c0-6fdfb4b05339,Books,5,89.96925264,449.8462632,10/03/2023,e06eff73-16e5-401c-b9fc-5ddfb232a6d6,Gift Card,Refunded
e4261018-283c-49a1-b171-a83465278b6b,e405a3fb-e153-4d2d-ab3a-62aafa967c50,Beauty & Health,5,296.9658613,1484.829307,24/04/2023,d4948dc1-df07-4483-98a9-b3b8a97929f0,Gift Card,Pending
5ccb5486-e7b0-46b9-994a-1ab21d484e98,193880ca-eba3-4ec2-bf9a-487ead5f5448,Books,5,28.34829582,141.7414791,14/11/2023,17fbe9a9-3e43-4d18-8941-02c453987e56,Debit Card,Cancelled
ea29699e-5b05-4cd7-b344-e017649d8a30,e5a98778-19e9-4ef7-b71e-5e28585f3234,Clothing,4,37.94115381,151.7646152,08/09/2023,31e4b583-6f8a-4ec4-a50a-443dcb8d85e6,Gift Card,Pending
44fed7f6-600f-4bf0-8e47-c44d5835f38f,059f5afc-b8d8-4dc8-9678-b38000461fc8,Books,4,174.4029194,697.6116776,13/11/2023,9b960bf7-242b-45ca-8b9d-d56409777b67,Gift Card,Refunded
d7f97a1a-12b5-4d69-ad5c-e6b9cc266738,91051576-a9f2-431c-b17e-e09c55db3f6e,Beauty & Health,5,120.9775551,604.8877756,23/07/2023,157260e9-1c7c-4389-91e1-da3d95c64b55,Debit Card,Completed
df616102-eca2-44cb-8516-edaa0e8fbfef,78a56655-12a9-44ef-bc05-e17f2b49b52c,Electronics,5,444.4845672,2222.422836,25/10/2023,87f1f348-1fa2-43b2-a679-5375a46433b2,PayPal,Pending
91538e1c-c853-4631-a3c8-d881305978d5,2e64ecba-f4b2-44a9-bfc1-efefcc74c0b2,Electronics,2,70.84775311,141.6955062,24/06/2023,43c1c20a-dfca-4c5d-949f-099d66cf3c0d,Credit Card,Completed
e7ff560d-1949-4850-af62-a9858fc69c07,bfa1d0fc-114c-498f-ad10-4235c659310f,Beauty & Health,3,243.4430342,730.3291025,10/11/2023,c32c6363-edab-4b0a-b402-4cd2c97d2e6a,Credit Card,Refunded
ac903ea5-a2bc-4cc7-b8f5-0bce7170727f,1ea1e46e-4a09-450b-ac09-20a7da5520ca,Books,4,109.8479948,439.3919793,11/04/2023,7e86a39b-6e55-4deb-a08c-1080295ba8c5,PayPal,Pending
b14458ce-9bdd-40e1-b3c5-696df5124b64,64a796b3-4172-4c0f-b196-6b904ba1a5ff,Beauty & Health,1,39.81259427,39.81259427,20/04/2023,24b9bc22-f089-4ecf-8b98-6701a3f1edd3,Debit Card,Completed
ed6958d8-0054-4592-a930-40535bf233b0,4816beb1-809d-45a4-aa3e-98162e002166,Beauty & Health,4,132.5942128,530.3768512,12/03/2023,b227aa12-189d-4bb8-857d-90bcbccf8cdd,PayPal,Refunded
828e0acd-0bc4-42d9-a025-43d6f8a02766,f0c412bb-3054-49ec-9435-0ee464519abf,Beauty & Health,5,175.3078154,876.5390771,26/09/2023,859c6e25-6c7e-4615-8bed-d6e6be3a74a5,Credit Card,Completed
6d595ca8-7c50-4b5a-93b7-a57725685b5d,7c442a83-adb7-4195-8485-24d5804019a2,Beauty & Health,2,399.4359792,798.8719584,20/02/2023,70714125-0fd0-4ac6-834f-5cb05f7a12d3,Debit Card,Completed
85092da9-4ab3-4a7e-b336-94bc9a2ea494,455220b2-0543-4156-9976-1334eb3edcd9,Books,3,207.2044702,621.6134106,16/08/2023,45d8fa70-1ac1-433d-8433-0ddce4dc8d29,Credit Card,Refunded
7b9e0b3b-f4f1-4d0f-a7e5-9dd1abc2ab9e,8d0494d1-c6fe-4040-8cf7-c716d0493db1,Home & Kitchen,2,35.97855579,71.95711159,30/11/2023,e570bb21-def9-406a-a3a8-ab192cda7204,PayPal,Completed
bb8bf3f8-b1b2-4c22-a93d-bc362797b0de,089b8de0-e1da-4906-81cf-ba91ac63aa06,Clothing,5,83.77887311,418.8943655,27/02/2023,7580ead8-ff7a-4e3c-b71f-b088562a2172,Debit Card,Refunded
6cf3623a-661c-4965-ac6b-6c0e68955008,4fda3ef1-2bbc-4b6b-8175-97c80940c44c,Books,5,177.2477002,886.2385008,24/10/2023,18f49750-8f6d-491f-855a-880e1f5cb7ff,Gift Card,Pending
7bb4c0a2-898c-4ec6-8b92-c4eb22dc8150,d75b1128-057a-4503-85f8-c7076afb3029,Books,3,377.9249048,1133.774714,04/04/2023,461459aa-8ac7-4278-a123-414f65bce73b,PayPal,Completed
14d7b06c-b6aa-4658-85db-2f6dcc119bf3,573c855e-fd67-47ef-9b6d-15ebfd116aaa,Books,2,341.4652176,682.9304351,08/03/2023,05551c0d-0c94-481a-98fa-738b07843870,Credit Card,Completed
0ac91096-35d9-4f1d-8147-945317ef9b71,a3810561-7bf5-475b-b266-f0c08ebc1a21,Clothing,5,54.13770624,270.6885312,06/11/2023,a8949c73-4081-4aee-905b-518a8cbc5d55,Debit Card,Pending
5d0c5311-ba00-4bcf-8e39-56dda13c86ea,51c48849-aded-42b7-b1d3-73bd2f348e62,Clothing,2,477.7429617,955.4859233,18/08/2023,7fe4202e-df8e-43c4-9fca-6f04843b193b,Debit Card,Cancelled
511fa49e-a757-4e3c-9a77-c03b60c6992a,5c613c22-7b13-48d2-92a8-9a81af2824ae,Electronics,1,96.4057203,96.4057203,20/05/2023,a911edce-18e5-4eda-b2aa-a9e6cdfde9d3,Debit Card,Cancelled
cb4221fb-51f7-4052-a57c-c4030c17a815,7ada8e45-e1a7-4a33-a845-4d459e933547,Electronics,1,147.4489814,147.4489814,14/03/2023,c2aa1ffa-caa6-4c57-8af2-deef6614c1bd,Debit Card,Completed
14857693-9409-4121-94f6-7171e334078e,06df8937-4a5b-40b1-9e69-bd74bae84103,Home & Kitchen,4,36.38176661,145.5270664,09/06/2023,4478c547-eb9c-4b66-8ce5-27876c345845,PayPal,Cancelled
a73d4b73-5c71-40e7-9c07-c9943577e29c,d59ae71a-cc2b-475d-acc4-5ea9bec3c3aa,Beauty & Health,3,484.2360788,1452.708236,28/09/2023,efc5010f-d46d-4126-925e-46aa9a46eb5b,Credit Card,Refunded
63c434cd-47d1-405e-a2d7-440f9b10a092,93aa05bd-7119-4cec-8c2a-443279315c51,Clothing,3,325.6822937,977.046881,24/08/2023,4c2ccd52-f8b7-415f-a17f-3b0dd85ddb7c,Debit Card,Cancelled
bee8cf8e-cadd-4d9b-83d0-27330ad18d79,cfb92bc3-3647-4fb7-9476-872ad0bef9f9,Home & Kitchen,4,215.7982316,863.1929265,17/06/2023,d1bdfd83-51a7-4382-9afb-5eaf864eb18b,Debit Card,Refunded
5f7dff1c-e4e9-43e8-9a5e-4557090c86d3,8fbd1040-aef5-455b-8075-bd2adf122ec0,Home & Kitchen,3,268.1557157,804.4671472,10/07/2023,679da38d-7b2e-4653-aa28-75197504bdc3,Gift Card,Refunded
968b562a-f06d-4c45-86b1-c4e8cfeb61fd,dc948d7a-fa5e-4625-8d80-b1d68fc4ab54,Sports & Outdoors,4,445.672245,1782.68898,06/10/2023,a8c2987b-2ece-48a4-9e12-ed051597d5b5,Credit Card,Pending
0664973e-92ea-4bda-968d-165d5bb69436,f74b3b25-3068-4451-b5a5-10aecbbd2666,Home & Kitchen,2,476.827642,953.6552841,03/10/2023,230a1d3b-797b-4014-b7b6-e8a11d80924a,Debit Card,Pending
3a893027-0934-4362-967d-31ddc34cd4d5,ab0daa65-1e02-440d-98cb-07306aea0c3d,Books,1,176.5546643,176.5546643,26/02/2023,8c12eef3-6bd9-46cb-91d2-30f25d529d07,Credit Card,Cancelled
4eaff111-5665-4d9d-9104-d155baf5d1da,8100a664-7247-4631-9832-59284a12626c,Clothing,3,101.3624814,304.0874441,21/03/2023,6dbf26cc-0f48-412f-ba5d-32ba5f7e1875,Credit Card,Cancelled
30f44f5e-f33a-45d0-a018-69b57322644a,8aeac0d6-699e-4ac1-addb-a3e8816e161e,Clothing,3,68.55476856,205.6643057,17/01/2023,2228a134-18d1-4ee4-af2c-90427e29ac9d,Credit Card,Refunded
9a6464c8-cb4f-4322-972c-660403036bee,1b1ae88f-ba08-41fb-85dd-9c329308c131,Clothing,4,165.6400102,662.5600409,27/05/2023,c94c7ca3-411d-4441-b46a-6b8cb47a47e9,Gift Card,Cancelled
0829cb47-8126-4d91-aabe-d90901754f52,0370ab94-df72-49d7-9746-5e8bb03f605b,Sports & Outdoors,1,467.7480354,467.7480354,13/09/2023,a80c18fc-3548-46c2-827c-1b6a7c444a4e,Gift Card,Completed
a9f4e7fe-8afb-4383-b20a-4ec1a3498d8c,f3889fc6-8b69-40a9-ae42-d84c6c6345c3,Clothing,1,135.4691715,135.4691715,30/12/2023,d597914a-cb6b-4fa6-ae48-76ddfcae405e,Debit Card,Completed
a4342424-86b5-4f1e-9865-a5cf51cc3343,5b3a7ffd-87cc-49e4-b77e-3b9ddb8070cb,Electronics,3,66.44011653,199.3203496,03/10/2023,197b1355-c8d3-4016-81c4-313a229b81be,Credit Card,Cancelled
cd8d34c4-8ce5-44c6-9aae-1a6259105ac0,cbd6d24e-eadc-4b06-bbc0-05badbd811c9,Sports & Outdoors,2,270.0498186,540.0996371,23/02/2023,5c13f8bf-b43a-4537-b9b0-2542aa3c9b3a,Gift Card,Pending
c0f27c94-ab3d-4dd0-9c3d-ac5cedbf5254,72c9bba0-44df-46fc-80da-993501670f46,Home & Kitchen,5,205.6144755,1028.072377,28/03/2023,fd0edbc7-9158-40f7-8bfb-a6258ec8c0c6,Credit Card,Cancelled
d04d5cc0-9198-4064-8ae8-0f7e1893a5be,b2c13a47-5c1d-4aaf-9dca-de304876add6,Sports & Outdoors,1,163.1576955,163.1576955,29/09/2023,43742240-fa77-41ea-9d5b-d76084f756db,Credit Card,Pending
9405b939-1116-403c-82c1-b8dba1b89e09,7f2ea7fe-1e91-44ae-a68e-04ad2c623dfb,Books,4,310.3817596,1241.527038,22/02/2023,a3f983f2-85ef-4acc-a594-f5bf12723db4,Credit Card,Pending
5ff23c02-80b6-48d4-83be-7577d245b5ac,cd6eb318-1307-4b4f-a797-2baf7d7fd6ff,Electronics,2,119.8593922,239.7187844,09/08/2023,2fd52b04-1297-4ec0-9b57-751f9d7858dc,PayPal,Pending
a1175313-467e-43b8-b22a-ed5ee25a19a0,969cc1d2-6add-4463-8ab6-ed469a2067bc,Home & Kitchen,4,266.2625828,1065.050331,08/12/2023,a65b53d0-4ca2-4bbc-b4b2-ad756032812c,PayPal,Pending
2b548a09-630d-4de0-8a2f-cf82e3736903,cefc312e-2211-421c-b12f-26a1e4cb2d09,Clothing,5,152.7452076,763.7260381,24/09/2023,75b6c3f2-827d-43b4-bf65-e99726d2721b,PayPal,Refunded
42516903-373c-4eb6-9522-03efe7479395,bf3e2c2f-d471-4a96-9ee5-5e186a44d09b,Clothing,5,414.188987,2070.944935,07/04/2023,1d6bf0b5-c40d-4a3c-87f9-da32b6dd4845,Credit Card,Cancelled
007f8974-8937-4910-a152-0c91e49e50f4,8a31381b-7c3b-4987-9e18-9aed391cc07e,Books,2,489.5088402,979.0176803,19/01/2023,e9e9311c-4ac3-45b8-81bf-4b965a3065cd,Credit Card,Refunded
e6d034d7-72e8-4ea5-bb23-4fe151416f76,29bdac57-42b8-4ab1-ba54-0db64624d92b,Books,1,76.59219635,76.59219635,02/03/2023,b04dcfd0-f6a3-454f-b9d6-24ab44626c8e,PayPal,Pending
d71e8586-b244-4e54-8642-9ca074522b7d,00f4630b-e8a0-4ca1-b1f3-a996ee47bb70,Clothing,4,217.222239,868.888956,22/04/2023,89e918f8-64db-4819-9394-7cd9ab5a014c,Debit Card,Refunded
8e658d4f-2021-47f2-aed2-168c20528ae2,377202bc-c73d-49c7-8e8e-7a3c7b277365,Clothing,3,173.1706284,519.5118853,20/09/2023,42858147-6b6d-490a-b0f2-07332cf3c43c,Gift Card,Cancelled
85f72f26-e76c-4d62-91b6-be716799a9be,03d92cae-2a60-4f70-8e3e-befde8b7cd6c,Home & Kitchen,3,25.47263602,76.41790805,15/05/2023,d2316c53-1181-41cb-ba25-02a2d0bb5319,PayPal,Pending
22561cec-c862-494a-a34f-6043fc685562,8263f121-6a09-4713-9b94-a8c1574dae71,Electronics,4,238.7126411,954.8505645,23/05/2023,3d47cb8c-59a4-4fc0-ab23-366223abf02d,Credit Card,Cancelled
c2391c81-b8da-4711-a798-0e069a13f860,97491221-8b88-40d3-90c2-64b9b972ae15,Clothing,2,381.9880094,763.9760188,02/01/2023,b07886a1-c430-464f-9405-9b0a0cfad967,PayPal,Pending
23f6d134-02e9-4223-87a7-8506662b7538,05b783cd-7246-4325-b915-87c03f447aef,Books,4,429.5880443,1718.352177,27/10/2023,cf2cfde8-3315-4747-8376-95fa12f5012b,Gift Card,Refunded
b3c86fa0-50e9-41ad-8bf9-a5cc93361452,9eae6bac-e762-459b-b55b-29c8bdb0ceb3,Beauty & Health,3,499.5595871,1498.678761,19/03/2023,88edfe67-5881-427d-add1-f9a06ee19d07,Debit Card,Refunded
1d94e36f-eef5-4ab4-83b1-4413817cd0b6,cace224d-b0ad-41cf-93a6-fb9c9b3c8524,Electronics,5,275.3826568,1376.913284,19/05/2023,2a096aba-54ac-4430-8a7f-6cf0600a1632,Debit Card,Refunded
f2052106-2644-42d5-9946-e5db4fcb2eca,cdf64a78-009c-4550-b0fd-085719b8abea,Sports & Outdoors,2,453.0817396,906.1634791,28/01/2023,d218ab13-44e1-4373-9d64-631b255a931c,Debit Card,Refunded
6db3ad5f-e1cd-446f-a3bc-d2f2a9dce480,2a4c8534-9696-450c-9197-1964fda57282,Clothing,3,315.2884542,945.8653626,02/01/2023,15c47625-5480-4048-bf79-302c62fc10ba,PayPal,Cancelled
0e0b7bab-f22e-4fce-9239-e1e909fa0bd3,9998c087-6713-4aa1-ab1d-c1275f38993b,Electronics,3,440.3528929,1321.058679,14/05/2023,6e50c7e6-acfb-4be0-8d75-715164b52043,Credit Card,Refunded
6c8241b5-0c46-4ee6-bf10-809497686ce7,996daee2-ca9b-4f00-bb40-cbb3c9470edc,Clothing,2,393.9385183,787.8770367,24/02/2023,3e134ed1-fdd0-4814-bf71-e4bce6ea7b51,Gift Card,Pending
74f57a9b-ef83-49e8-94e8-6ec2cec5ffb4,d844792a-635e-4f21-998f-d3ce67084434,Clothing,5,30.1963676,150.981838,25/08/2023,df287c6f-ded0-4825-afaa-586d63ee7501,Gift Card,Pending
cc08444d-bb9a-4f98-95c0-27bd483f7ce7,fb8641a3-58e8-4353-8723-65c23a273518,Beauty & Health,3,451.6010766,1354.80323,07/12/2023,80433236-21ef-4f5e-8d67-2acaafe489eb,Debit Card,Pending
ed121172-1f5f-4647-ac4a-aaf715ed0361,d2a326df-d311-43fc-b315-f5b159c0bf21,Beauty & Health,2,457.4253806,914.8507611,14/11/2023,059cc657-dd2e-468b-a1cf-a8d17707eeab,Debit Card,Cancelled
e4b001e4-2380-497d-b0f1-9f55a2f0ed7a,5864c5c1-7668-4451-832f-4052b6b46a4b,Beauty & Health,3,432.9265643,1298.779693,10/01/2023,8fc301da-be61-468a-97db-f89b64048a37,Debit Card,Completed
c1bba638-7c42-4f79-9649-0bb698d835f7,9b0a0665-f0b1-4d40-82d8-74c9fb4a678e,Home & Kitchen,4,461.8712599,1847.485039,22/01/2023,366b6c8a-1b60-435f-85f8-ac44ee2a2708,PayPal,Pending
ecdd501e-0dbe-447b-8af1-c70f6cc25ef1,42140002-5967-4287-b576-aaa8fdf880a6,Home & Kitchen,4,464.5365621,1858.146249,26/09/2023,663cd32f-8940-4ea3-b245-4b80f04d1452,Credit Card,Pending
2a46b4b8-c2a9-4635-844f-e3e5ec0e3a52,d6fec2ef-2be5-4db2-a667-c74c0e77624a,Electronics,5,252.458469,1262.292345,27/02/2023,64cde324-3dd2-48b4-a675-ffb5e07980a8,Debit Card,Completed
e7097532-2afb-4058-9840-080cf307b6ac,50e94fb9-01fd-49c8-9385-ea1e7d686065,Sports & Outdoors,5,126.3299354,631.6496768,02/10/2023,586f24b0-2664-4f65-b182-e3a5f0044904,Debit Card,Completed
e06405f3-9fc1-4662-b119-821b0ce72c34,68c52604-8ce4-4a3a-abf3-6b05362444ae,Books,3,499.6547573,1498.964272,19/09/2023,80d81c38-6dd6-4806-ae38-182ece8ea7cb,Credit Card,Pending
51b5506b-dc5d-444f-a9b5-2b6cbb819f3f,ffaadd80-e570-470e-b218-8de5771ed376,Sports & Outdoors,2,256.3757657,512.7515313,31/08/2023,8145571a-227a-41b7-ac93-77a404262d8e,PayPal,Pending
efd710dc-c4ef-4ba5-ba00-df892ff8dce0,bddd68d3-ae33-45ca-ad11-c1bb964cd4cb,Clothing,5,180.2645159,901.3225797,04/12/2023,d7c3f7e6-490e-4b49-a6f0-a5784e79fa77,Credit Card,Refunded
140c8374-fce6-4dda-9451-c54a29344329,098155f8-6fd3-400f-8b53-1c773cef6763,Electronics,4,221.1362818,884.5451273,02/07/2023,52994298-4bd4-42e6-b71d-52db7c5a3bce,Debit Card,Refunded
45691923-ce04-4f13-9745-a6bd0c7bb039,3b6afdb8-d3ca-459b-8948-2dfcf51713e5,Clothing,3,203.3712907,610.113872,05/03/2023,253cb28b-9a0b-460a-9b36-99a8def66554,PayPal,Cancelled
5863fcd0-0012-45ff-9a2f-a532a23e9c9d,656b2ebf-2562-4743-a810-46e85308cff8,Beauty & Health,3,469.5294309,1408.588293,26/07/2023,43ebc45e-1378-42a9-9a18-c4412d443d37,Credit Card,Cancelled
9b340edd-a797-41c3-af49-4c2611439a7c,6b6805f5-dcb8-4ecd-93d1-6f9b54888d82,Sports & Outdoors,4,488.4910992,1953.964397,13/03/2023,59f16f85-655e-4f63-94bc-d085f88b63eb,Credit Card,Cancelled
4a112eb1-e274-444f-8256-480666c7c995,3bf921e1-42c8-4847-a49b-c1fc9b55195e,Sports & Outdoors,5,301.2770183,1506.385091,20/12/2023,fa1c9f11-a85c-4363-ae55-9b21a764e23b,Debit Card,Cancelled
deef01cc-f60a-4ba1-8936-31c991c12002,68fe639e-9526-4be7-ad62-6b228c6717a6,Beauty & Health,5,302.5376881,1512.68844,07/11/2023,63dbb6fb-bcdc-420f-8676-0475bd7e9f72,Credit Card,Completed
caa74ed1-a927-4b77-95dd-9446603ada2a,6acbe0f0-aae8-4865-ab54-8b120553a478,Books,2,279.9083016,559.8166032,29/09/2023,548d0ab5-a05a-41d2-9cd8-a8b6a8d74c67,Gift Card,Pending
d84d5b99-c06f-4190-8ed6-6e17090ac286,d1392d99-cef2-4b27-87e0-49c2e4c1bbcf,Electronics,2,70.60556325,141.2111265,17/08/2023,63ae4248-872b-4bf3-8be2-8be84095fb25,Gift Card,Completed
e398767b-9b2b-493f-a1de-2ce9a9fefeed,8cfad781-b98b-440f-930b-d6ee8a41bbe6,Home & Kitchen,1,363.2770502,363.2770502,23/02/2023,2732d425-1af5-40ee-88e3-c69cdfc62977,Gift Card,Pending
48bab174-75e4-4e97-a817-27dba7476afc,32a90b30-8639-4edb-b376-a20ecbf130e4,Books,4,112.5926944,450.3707776,03/02/2023,b6d1a36d-8e78-4144-89c6-9518ef9aa435,PayPal,Completed
5c29f349-3560-4be3-8bb3-db9af923340f,0adff8fc-799e-44ff-8047-82b9d51f5da1,Sports & Outdoors,2,251.6555111,503.3110223,18/10/2023,d5efa510-c205-4e54-bbbc-cb6433c3341b,Credit Card,Completed
c742fc32-d85c-4905-8547-577c79558c0a,cbaca3c8-d3b3-4cc6-8699-b9c13f097d31,Beauty & Health,3,498.9351901,1496.80557,21/06/2023,c898872d-23e2-4c6e-840e-9fb43cb9c1e5,Gift Card,Refunded
70499a84-ff4b-42cf-a03e-54789ca87ee6,a1ea9058-6142-446d-9809-9fe8a4e2700f,Books,5,343.2502185,1716.251092,06/09/2023,2f4c1d28-2322-47aa-9c14-049507e8a703,Debit Card,Refunded
63ce7216-7fd9-4c4b-ba8f-ccb53f46f5e8,809fb27a-00bd-4aba-9a41-7257d06b1834,Beauty & Health,5,313.0704206,1565.352103,12/12/2023,9a7d3b0f-909e-4ddf-bd76-92d9e4ef2435,PayPal,Cancelled
df597c63-1974-4105-bb74-d404143f83e0,4f8fc257-ecad-4104-a65c-3a462ccac961,Sports & Outdoors,2,419.4707203,838.9414406,29/08/2023,b2ca8f81-0b86-41a9-883b-c0efd87e20fa,Debit Card,Cancelled
52b045aa-613f-41d7-906f-3f0cd3af72d0,b9ce73cd-cbc6-4e16-b6e7-eff271c7a025,Books,3,177.442449,532.327347,15/01/2023,d78109e3-5c78-4b84-85ab-c4151552d45a,Credit Card,Cancelled
083b2d4a-5a5b-4e9a-bedc-e4c979184501,dce1fc3f-d957-4fc4-9f28-1445a38e0837,Sports & Outdoors,1,297.2045208,297.2045208,19/04/2023,e1d7dbcc-04bb-499f-bccb-f8c00b2941d0,Gift Card,Completed
1dd17268-f51d-4f40-a2b5-162b18e7c390,8efe4dc2-ea47-4069-aa88-09091cbcaaa2,Home & Kitchen,1,472.9331435,472.9331435,26/07/2023,028d5d6c-dbe0-4f2d-b548-bfc5ed63edf6,Debit Card,Completed
125b2b52-1adf-434a-af44-179ff36741bb,c1058c6d-eb86-451c-891d-9083fbf112eb,Books,4,388.5161775,1554.06471,06/01/2023,40975e03-aea6-43fa-9308-f910d042c0b1,Gift Card,Cancelled
ea562c92-43a3-4c8c-b676-bc08983b153d,10413552-8e21-4dc4-8b06-e0eb80f173ba,Sports & Outdoors,2,24.37956647,48.75913294,14/04/2023,81624b22-ead1-42de-9d57-771a3311da86,Gift Card,Refunded
fcec269d-c92d-412f-8958-9dc279251c4c,0530aa56-c0fd-411d-abf2-c5f9e840c4b6,Sports & Outdoors,4,86.69460422,346.7784169,21/07/2023,af34ffdb-6ea5-4666-aa10-6d55ed9087e5,Credit Card,Cancelled
54f9c121-203b-426f-9c86-685b28ff032d,dedec3a2-08f1-462b-be5e-cf582107408c,Books,3,160.8270906,482.4812719,18/01/2023,bd7906c8-d4eb-48d9-a42b-d04f04dfdb22,Gift Card,Cancelled
b8c66069-a887-4564-832f-bbd880cc767b,8d382a13-dc48-4967-a8a8-3acc3fc2ced1,Clothing,4,491.4812793,1965.925117,26/10/2023,7bd0630e-362e-40f4-9f7e-91f08738ae89,PayPal,Cancelled
abf74cef-3f80-4ee3-930e-bd64f1bac778,ae256a63-c6be-4e51-b498-4b94f390459b,Beauty & Health,4,460.8446525,1843.37861,19/10/2023,e4beb50f-d64d-4d74-b79c-98e1771e5c16,PayPal,Completed
b562747d-0424-4a1c-98dc-e8c7e431f22b,d25a5562-4e02-4012-84f8-c0b31f7495db,Books,2,276.3556302,552.7112603,22/09/2023,16e1effa-b525-4fe7-893a-2e3c8f04af0c,PayPal,Refunded
66ea1a4b-d518-4c50-997e-307945603ead,034d1296-3206-4682-affe-706cae3117be,Clothing,1,317.212704,317.212704,29/08/2023,ea023e66-551e-4517-8704-2950b58c950d,PayPal,Pending
5499f25c-801a-4487-9d4a-b66c1ea65098,2c972e5c-4989-470c-b007-7e969ea08302,Clothing,5,280.8334363,1404.167181,27/09/2023,81d04186-605d-45ca-904a-8e74ec8ae39d,Gift Card,Refunded
01e9d250-e0c2-4f91-ae3f-3c940f49e127,ba49acbd-621a-41fb-8826-6b607275e8c4,Electronics,4,165.196241,660.7849641,20/12/2023,26b4be93-ae85-4a7b-aa9b-e238d115ec14,PayPal,Pending
2aa94463-be1f-47e5-8dd5-845496990de5,cedb2267-ec53-4392-b902-c9dabf04e043,Electronics,4,351.7964206,1407.185683,02/01/2023,929a0d95-2730-437d-8265-12b9a4454bde,Credit Card,Completed
132b6155-c889-4b48-8bc4-a121d93cf5a1,f007a0ee-596f-4542-98e6-5fa57f662704,Books,3,170.3788682,511.1366046,22/08/2023,61a1f6cc-22fe-405c-83b1-6f6ed3fe1523,Gift Card,Refunded
6d31b669-fcb8-456e-a202-24ef06a82d1b,0b726b97-2f97-4576-8398-a18194b6010c,Electronics,3,403.3812405,1210.143721,26/05/2023,6c488ef2-2e14-4ab4-97ff-59883c3318b5,PayPal,Refunded
598e11fd-d3fb-44cc-b066-5a51f1ddf547,2be7a712-f008-460c-9b42-70190d674dc3,Electronics,4,303.6729792,1214.691917,03/06/2023,4364c3dc-b4bc-4732-948a-60556854bf50,Gift Card,Cancelled
ab0066f6-ac71-4785-ae2e-111f8519b651,8e7e067b-48ad-41a3-b020-295ca737f651,Sports & Outdoors,3,84.40895086,253.2268526,10/05/2023,50bd44b2-e4d4-46c2-a5c9-3957d21517d4,PayPal,Refunded
e9c38847-741e-4175-9c6d-105940174c65,aa32b04c-9ad8-4572-89f2-b0428912d4d8,Electronics,1,112.7794031,112.7794031,25/07/2023,6b5cc635-20b1-4380-af49-5eb2634b1df6,Credit Card,Completed
3eaf11a9-78d9-4394-91f8-15a3817de0ff,ff5d0992-d61a-4421-aecd-a0c76cf1a9bc,Home & Kitchen,2,96.50744345,193.0148869,26/06/2023,ac666dd1-a475-4acf-bd88-36b935e9eb56,Credit Card,Pending
5e0b1279-4314-4fe1-a8d5-907b7fd38eda,478b492e-8175-4c99-8bab-f0d34870865c,Beauty & Health,3,273.6701862,821.0105587,24/07/2023,b4de5de3-aa9e-4230-9571-6fca5c261491,Gift Card,Refunded
e56a9de2-8f6b-4443-be77-8d5eaa109bbd,607f10e0-676c-4259-8202-758a33fc15ae,Clothing,3,39.79858819,119.3957646,10/06/2023,680cb5fd-cc9d-42f4-b96d-de8ac72bd8e3,Gift Card,Completed
883e39da-23a5-4d67-bdde-5e28db2f3bc0,5e05be85-77ea-495d-a81a-87c937fcd046,Sports & Outdoors,5,166.968983,834.8449149,21/02/2023,d68a7c2a-2003-49e5-97a6-e45f0c751127,Credit Card,Cancelled
abce5209-6ce4-4fae-a242-c7fa3c87e6fa,eae31cf1-a124-4718-87f2-a7a4615f04bd,Beauty & Health,5,55.44587446,277.2293723,17/05/2023,197b49cd-d002-4699-bf81-5d3e1502633f,PayPal,Cancelled
a2445944-a563-44aa-b70c-330cacb2d282,801e8cf8-cde4-4353-b54a-c9cbfc7e65ea,Electronics,4,145.9377414,583.7509654,07/08/2023,ffd3aa71-976a-4375-b925-9669d8240c97,Debit Card,Cancelled
8e0ff448-9990-4f38-82d7-61ef52b78d36,94cd13da-9166-4850-984f-8d57e39eda59,Sports & Outdoors,5,322.9357009,1614.678504,23/02/2023,d91a7205-e662-40ad-b2ac-dfb17ea9535f,Debit Card,Pending
e529ab10-bdd5-4b7e-9aee-c8fa8de214de,ffb62f9e-facb-49fb-942a-5d04ecfeb04f,Books,3,393.0239043,1179.071713,03/11/2023,94075163-8fe0-47d9-b068-baedca5ad4ba,Credit Card,Completed
28ba7f90-4625-48b5-9590-c958885076dc,011fc156-dfab-4c68-81e2-4d728cd1df03,Home & Kitchen,4,434.8560204,1739.424082,25/01/2023,8014b9e6-0ec9-4a48-bb03-5cf5f9c1637f,Debit Card,Completed
be3d4828-30b3-48db-ac17-bcd890ef1630,84770ce5-cf41-4396-929e-08a93bda9388,Home & Kitchen,3,71.1902202,213.5706606,26/08/2023,ec590780-e713-4c1e-82a5-e7ae5c0df3a0,Debit Card,Pending
a49d9a2f-4280-4f35-a1e5-4ce170368bdf,64e3a54d-1373-4b75-b948-687400ddc7a8,Clothing,5,207.3888329,1036.944164,06/05/2023,8075fbc5-48b4-4a17-bb68-4683b6d55f9b,PayPal,Pending
0992df60-faa9-477b-a983-e69525650e75,4a6de4e5-f9f3-4296-82e0-3c601e2e4ae3,Home & Kitchen,2,46.76741553,93.53483106,15/07/2023,fb077bdd-0cee-4308-a10b-9bd5c6d0a9cf,Gift Card,Cancelled
50001efc-a012-42b3-9180-4d4b2184742a,01b6a915-8c2a-48a6-984c-1881e38fa279,Sports & Outdoors,2,240.9599175,481.919835,26/03/2023,b395a507-95a0-4f06-a14b-0b311cbd2879,Debit Card,Refunded
b15dd3b7-5ca7-4bfd-9e3e-b962183f5dd5,e7b17fb1-f88f-4513-91c1-7f93daae2b1b,Sports & Outdoors,2,282.5552688,565.1105377,02/05/2023,6b042559-d404-41b0-8359-f18709f81e03,Debit Card,Completed
d30a8b09-6b81-4507-a898-12f699e3b7a6,2e62a4cf-ed09-4aac-bfd6-e5f7c0e46e53,Home & Kitchen,2,300.3299602,600.6599205,11/01/2023,43df1fc9-79e1-4400-a9e1-dce5c87c9e76,PayPal,Refunded
f9e7570b-46ee-4fa2-8714-77cc32b9c2af,95d460f8-db90-49bc-a900-1ddb114abcc0,Books,1,34.66272016,34.66272016,05/09/2023,9d50634b-3067-467e-b73b-b9866e4cfb7d,Debit Card,Cancelled
0ee9f371-6005-4c1c-a17e-9088dd334c8d,0c3b6481-45c2-452e-99d6-6fd27aa18d59,Sports & Outdoors,1,328.4208163,328.4208163,07/04/2023,cb0f5e92-e586-4101-b79c-fe678569fa6d,Debit Card,Pending
b0ba0a57-5de6-43d2-a57e-0040fa91c9bd,41339fa9-a5b1-465a-b2f8-b4dcbe600f3a,Books,3,335.8830785,1007.649236,24/10/2023,1409f199-473e-4090-8d36-edf6273d93c1,Gift Card,Completed
56fb430e-562f-4c0e-bb3a-6e448da72ccd,1cda247e-b549-4d17-9bcf-140a09b907c1,Electronics,4,230.0467306,920.1869223,07/09/2023,bdb15f9f-d745-4fac-881f-c5621f4f7574,Debit Card,Completed
0cc80ee2-f892-4d13-8985-1d0a92e4689b,b8b52c7c-7a87-4c9c-8647-68c296853dcb,Beauty & Health,3,28.69811852,86.09435556,18/01/2023,a128e7ed-4ee3-4992-8477-57c294a80a03,Gift Card,Completed
6f1d7bd3-1c27-42df-a4e1-e021df461003,e15aec34-2d00-4477-bb8d-24a39988fb2d,Sports & Outdoors,1,154.1423621,154.1423621,20/12/2023,721a6ba9-87a2-426e-bf57-71b9f8241c3c,Credit Card,Refunded
0eaa7eab-d861-47e1-acfc-747cdffe6bc6,2d4bc996-5d0f-4ca2-9af5-84473d365b79,Sports & Outdoors,2,98.22443432,196.4488686,26/06/2023,d7620c88-32ca-43f0-9d28-05ca4dec0cb6,Gift Card,Completed
513c16f3-2621-4107-b86e-d435000379d6,5b1accc4-0139-4e4c-8391-55799c917206,Clothing,2,245.2109951,490.4219902,21/04/2023,12bca684-2c4e-4299-8a2a-ead5e1910488,Credit Card,Completed
131e5afb-9164-4a58-a78e-8bec89ff589e,510c036a-2026-4ad0-b264-451f880845ae,Home & Kitchen,1,142.556118,142.556118,28/10/2023,c81ea3bb-ccba-4fb2-b56a-955fda021eaa,Credit Card,Completed
bbe13ad2-ee1e-4d27-9f3d-7f22a2de8aa0,350c453d-b481-4c7e-a94a-439e37363d3e,Clothing,5,114.1477829,570.7389143,28/05/2023,e2242539-e7e2-4636-9e43-419448cc709a,Debit Card,Pending
e22cd3c3-e3dc-4c30-b1c8-306289c1f832,d84e1a2f-b9a1-44e3-baf9-1a3adbe18521,Sports & Outdoors,5,221.2683342,1106.341671,17/05/2023,cad94bd9-50a8-40b1-a569-a133e6fbd22c,Credit Card,Cancelled
92b13ee7-aa45-4f8c-a548-e2aa20fcc9b1,59dd0bd1-9e89-4507-b6ad-6694281e9a1f,Home & Kitchen,4,238.5381357,954.1525429,10/03/2023,7d728342-d59b-42f9-8bfe-2937ae984603,PayPal,Refunded
84ba8d5c-e903-4ad3-9086-ed6a766c12c8,8b5db1b8-97a8-46ff-b980-47089e9f2904,Electronics,3,422.7125637,1268.137691,22/07/2023,a1a5ae81-d572-4f93-8489-dd3565586097,Debit Card,Refunded
15be15e2-b8de-4e38-99f8-485d4aaed904,41067057-7e65-4acd-b820-1702b62dc0d1,Home & Kitchen,1,439.4232007,439.4232007,19/03/2023,94e94e07-185e-4a74-ae81-f919bd2bda48,Credit Card,Pending
9b2544ef-c261-48a8-96c0-092c4dcfedbd,9c4c77d1-18d2-4f59-84d7-2f4097779e08,Books,3,89.65433635,268.963009,23/01/2023,c71a6b0c-b3d6-4821-85a0-4699db37d946,Debit Card,Pending
950ffc39-31e3-47b7-9d34-701be55bd658,78b71c23-8572-43b3-a152-f2a992b68400,Sports & Outdoors,3,49.92605665,149.7781699,24/11/2023,cb16ca9b-5a5a-417e-8c0a-8949c4aa1a3c,Gift Card,Pending
177100d1-f55c-4b99-9e54-f4f5993a8bee,9b01c691-f5db-4d29-b0d4-cadaf5827d18,Sports & Outdoors,5,157.6122408,788.0612041,14/07/2023,cee1b2d5-220a-4ee1-b661-ff0a27fce017,Gift Card,Completed
00274850-edce-4c09-88be-0c1ef492f2e5,54f1ce3a-db64-4017-9b9a-6101975ce6d5,Books,1,115.9499548,115.9499548,05/09/2023,d867fd53-0c9d-41e6-ad7f-2e4a83dc2896,PayPal,Pending
6ca08e68-8803-44c8-b8b8-09054eef1e69,1bbb56c9-79f5-473c-8001-465d82453376,Clothing,4,87.17731266,348.7092507,18/08/2023,f776afbf-274d-482c-b304-293dae4e8738,PayPal,Refunded
6fa75358-a4ee-43a2-b168-f745550d5375,9e842242-a450-4d93-9f95-d035fdfd48e3,Electronics,5,196.6132485,983.0662425,10/02/2023,1d4f034f-abb8-4624-9103-cb76f39227d5,PayPal,Cancelled
f1636d66-d78b-4fee-bf55-ee42c45f0f03,66190066-f25c-442f-9df0-f717dbf21e4e,Clothing,5,351.5265062,1757.632531,13/06/2023,27f818d6-99a5-4056-b141-4d9a7fea6db8,Debit Card,Pending
a6506fb4-60b3-4dfe-94a3-7b74a99f3cdf,ed130613-9605-483b-954a-7d9391f09135,Electronics,5,281.888668,1409.44334,21/05/2023,93f10b48-1c06-4840-96bb-4418a3f4ec2f,Credit Card,Completed
fba0f304-7001-4073-96fa-4640371bb58f,1cb78e2b-9c2d-492b-9afd-8d95e6bc6ac3,Beauty & Health,1,494.3079074,494.3079074,29/05/2023,91f01d55-19de-4fb9-b26f-e253ae755d1f,PayPal,Cancelled
45718aac-2e52-465e-a73d-ca4abaa1c640,c7fd959f-6ed4-4da0-9b06-b1a46a829878,Sports & Outdoors,5,252.6170362,1263.085181,03/02/2023,7ff7f826-23cf-48df-b44d-6d57594b2f25,Credit Card,Refunded
3e2fb2ab-420c-4f58-91b8-acc8cfeb7c97,02733faa-c190-4b4c-a53d-d9b30ce48d97,Sports & Outdoors,2,442.3257834,884.6515668,04/01/2023,a91f9813-3f46-4cfc-863d-54383ee9e434,Debit Card,Cancelled
407f4cfb-595f-487a-aab1-85b78795d7ef,a10b01ec-c3c0-43da-8ab3-567ea2476ed1,Home & Kitchen,5,480.5266628,2402.633314,22/08/2023,bdb6bbf9-267b-47fa-9e32-43b1a66661ce,Debit Card,Cancelled
d3162098-318c-4c1f-a30e-4544fdb50519,f3aa74ae-5cff-4001-8b89-ce9f212e8746,Sports & Outdoors,2,111.5407802,223.0815604,29/12/2023,4c84e593-9ede-4ec5-953b-59771285cffd,PayPal,Pending
6e4ce1f5-d2bb-4a09-b569-a39107710de2,fa1494c0-ca84-4872-937c-a606139ea1ae,Books,3,32.50280688,97.50842064,21/04/2023,a149c0ff-461c-459a-bece-3eb1c0a677dc,Credit Card,Completed
91f7535e-1caf-4bf0-9f4a-b530b6d4b282,2ffef9a8-6dbb-4b72-a150-4ccb004330d5,Electronics,1,354.185495,354.185495,25/12/2023,8b896a31-334b-4fd8-88c9-39d479788d1b,Credit Card,Pending
31761018-3f1c-4bb2-b351-a213561fd1c1,2ef654f9-1006-4388-ba0c-973fe30fb0cc,Home & Kitchen,5,327.508344,1637.54172,28/11/2023,8fd2db09-fe5d-4a81-85a1-665dd2afe871,Debit Card,Completed
11085a36-6ba2-447f-8e13-f8404c14daf9,da3c8342-1188-4113-893b-99152b340506,Clothing,3,266.7132061,800.1396184,02/11/2023,be7a842c-c045-4a10-8232-9637747cdf18,Debit Card,Cancelled
a55720b7-6143-464f-8459-387d47547b4e,1d9c0b48-3c0b-458c-8cd5-e8aad652a6f8,Books,5,24.09408037,120.4704019,10/12/2023,34e60ba8-8736-4f7c-b36b-d244c02c9045,Credit Card,Pending
0c39e77a-75d6-4af7-9857-4766f306570a,34699df6-5a51-447c-b45e-c58fb36bb957,Books,4,233.0189219,932.0756875,16/12/2023,af221a57-af3a-4ea1-9bf3-ae2ece3b2676,Debit Card,Cancelled
282b5ec6-c68e-4c57-9390-c4bde31a23ad,b68205b7-47a8-4004-b750-627931f5f632,Clothing,3,92.48306278,277.4491883,07/01/2023,bf8b6874-5f2e-4ff1-ad6f-de1eb8073f42,Debit Card,Cancelled
3974f874-f7aa-4796-a875-3802d708b4f9,81b9289a-ca8e-4e98-8baa-49cba7d41565,Beauty & Health,5,39.66149079,198.307454,15/02/2023,4754c777-8985-42fd-9b0b-b964241d017e,Debit Card,Completed
c396fa53-6d39-4091-b352-8016f5f4fe57,537dcd96-bd8f-44c0-8512-d596e0c19175,Beauty & Health,1,336.9015411,336.9015411,18/03/2023,769cb11f-6082-4443-b60f-e9dbfa9c6d67,PayPal,Pending
e0c77034-2e33-470e-bda8-bfe04d5f130e,7c6709a3-1a7a-40f8-ac09-2d2e9411db35,Electronics,2,482.6108687,965.2217375,05/10/2023,5b51d356-4d1c-4bb5-b4c6-ab26485c28fb,Gift Card,Cancelled
ba2dc42c-0da2-4ce0-b39a-f136e1fe87b3,431c9333-b50c-4706-be01-6fd2e540d7b7,Books,5,128.6273916,643.1369579,31/12/2023,259a1b0e-b9e5-4f7f-8013-6c92cb319254,Gift Card,Cancelled
bd72d7a9-fb4e-485f-99d8-973436690a22,91a28fdc-75e2-45fd-8676-0731b57bea9b,Home & Kitchen,5,296.5305278,1482.652639,09/09/2023,c0fcefbe-548d-4c55-9287-d4a932439624,Debit Card,Cancelled
c68db4b0-8c4a-4c70-8f0d-eb0af539d031,64ddf7a1-1dc9-472d-8f1f-03776b29a0a4,Sports & Outdoors,3,180.7853472,542.3560417,07/09/2023,67dae90b-24a1-427f-9eb7-d5bb2a744a36,Gift Card,Completed
bb10b911-2277-435e-b58f-36bfc6812a93,0d1d9741-10a5-49b5-9986-5d01631bba69,Beauty & Health,5,467.4207632,2337.103816,24/06/2023,3411c029-de1e-4cf7-b48e-03d0643a88aa,Gift Card,Pending
2776390d-453e-4917-b581-9bd169295681,cfae9edf-bc56-4577-a8a9-5fe2da3f07c0,Home & Kitchen,4,290.8870695,1163.548278,14/09/2023,843bdcb1-a8b3-400c-b443-59d2f85d8179,PayPal,Pending
480aa0e0-9bf9-45ed-afa2-f9121f470fba,ac262ab1-aaa2-403e-b4c9-46fb00a02c08,Home & Kitchen,1,25.85124445,25.85124445,23/05/2023,2de91953-9c08-4e12-9f2c-183996624485,Debit Card,Completed
49791566-95f0-4379-925c-2fab0098a9e4,741598f8-70aa-4561-a826-6a2c35b14132,Sports & Outdoors,2,279.3882769,558.7765538,28/08/2023,6d9d9f3e-21c5-4d8d-8b77-ed634717417f,Credit Card,Completed
2e96545d-7d87-4e28-95c5-919939fb1b4c,346dea13-6b9b-42f8-831d-180966ea95a6,Electronics,2,357.4378003,714.8756006,20/12/2023,22bd28bf-e665-4fbc-a7ab-eddefcdce8f8,Gift Card,Refunded
92b6ad32-9431-4347-973e-3164cb6ec10b,f6b9ecfc-bc16-46c0-9ee8-4dc52fa2b190,Clothing,5,201.0066197,1005.033098,04/04/2023,93d6910e-ce5b-445c-9b6b-4a9c46a00482,Gift Card,Refunded
369cbbd1-d823-467d-902f-1d17b1ef141e,63f8a59a-670e-4c33-8bf2-0cc5636f58cc,Home & Kitchen,2,295.3781416,590.7562831,17/12/2023,0d847676-2685-4f8e-a0c6-2f08d6627b90,Debit Card,Completed
ceef7038-ef99-4541-bc5f-140f519c10c9,94d4d3ae-30af-484f-82a0-1f20433a9b8b,Clothing,3,275.4507568,826.3522705,12/07/2023,8833f995-082a-467c-bcd0-31ea6be4f43a,Credit Card,Pending
ef1d1835-7c93-49aa-8ff1-5a68fe989712,d1264d27-3522-41fa-929a-50930ddd55ee,Home & Kitchen,3,317.5191376,952.5574128,27/06/2023,8f9ce4fe-80c4-4f42-bfee-363467e1e2c6,Gift Card,Refunded
4d2df54d-a53f-4f45-86e3-aafd3091abb5,e0f2ed59-81de-484f-a30e-d16417fc7824,Home & Kitchen,2,332.5117447,665.0234893,16/11/2023,e0ad8bdd-5dea-40b9-a079-13e1084f45d9,Gift Card,Pending
4fb3e258-f16c-4700-8d9f-3e12805a8202,62585eef-0fde-4cff-8065-f6465b47007f,Sports & Outdoors,2,205.5856032,411.1712064,09/11/2023,922af22e-7c52-4249-b410-edad32eb66cc,Gift Card,Completed
1e4ba5aa-6be1-44e0-9fd2-930c1f257ed2,c1a89eaf-ea38-4d40-b52b-6b9cc947a748,Clothing,4,325.6449751,1302.5799,10/12/2023,ed6ce770-b90a-45c2-87e4-5daaca89b937,PayPal,Cancelled
4c1944c9-f006-40f4-88f8-01cff4853375,db686e6e-32ce-426b-bef1-78b7fcb4178d,Electronics,3,226.2389597,678.7168791,07/08/2023,a4bc90fd-b66e-4dc2-a779-785e595a2137,PayPal,Cancelled
2088a10a-15c7-4eb4-b70a-45b9f20d7737,3951533f-2855-40e6-9d0d-199ebdb2395e,Home & Kitchen,5,462.3078009,2311.539005,17/03/2023,4b0f9b6c-f655-495f-8d5b-02b3935277fb,Gift Card,Completed
31899df6-26c8-4931-a7ad-2de8aead136f,12fe4eb1-32f0-4e0e-acbf-ffde830cb0a0,Sports & Outdoors,5,90.95666086,454.7833043,13/09/2023,f937d0c6-f7c4-4fc4-894f-be168bd56879,Gift Card,Cancelled
a5ac1c4d-5f1e-489a-8f18-a78fb74a40d4,629d4791-3f15-4d92-9ee7-70bd79d5402c,Sports & Outdoors,5,400.7739754,2003.869877,02/07/2023,aedebaea-43f5-41c6-9f26-3a0cbbf7e751,Debit Card,Refunded
ddd7986e-ebe8-47fc-b5b9-63f4380a2ca7,2977d511-eecd-4866-a675-dacf0f7b4eac,Sports & Outdoors,2,80.87714319,161.7542864,10/04/2023,ba364e5c-aac2-4382-9446-0982464a0ee2,PayPal,Cancelled
c1dce8d5-93e1-4907-b23f-90215b19f201,3ddb7cd1-1168-4816-9625-d757052d4f8e,Clothing,1,164.1025441,164.1025441,06/02/2023,e1d7021f-78af-46b4-9312-f0b8aab77493,Debit Card,Completed
a227b5fd-7c5a-44c5-abd1-1c63a9ae608a,65a10765-2cf1-45c8-bf5b-cf702439cc43,Beauty & Health,3,115.8334611,347.5003834,16/10/2023,e76feb83-79ed-462e-921e-78f1748c1b3c,Gift Card,Cancelled
dd0b77fc-ff24-410b-97bb-eee3404b5759,44c127e2-8ff5-4f33-adcc-7427bd738bb2,Electronics,5,225.9242051,1129.621026,24/08/2023,fb6cd720-0fa0-4259-9d74-bd21ed747441,PayPal,Completed
098dbcb3-81f1-47fb-b531-8f1dbc282435,25017ff2-bfaf-4442-a0f9-0f70bf6fea19,Electronics,1,39.56414464,39.56414464,11/06/2023,d3dd4857-2a36-47a5-8641-d8fe67dadd3f,Gift Card,Cancelled
48df3aae-be2d-4ab5-83d9-edfc1198b6e3,54a39868-9368-4994-8bb7-cd542050f372,Electronics,5,122.5446354,612.723177,02/11/2023,0b0256a3-6acd-4a42-a78d-3bdd080352b9,Debit Card,Pending
07da154d-71ca-4ba7-87d0-991bd9be075b,b73b3974-c3b5-4e0e-8c8f-02a4db6be5bd,Books,4,470.4239463,1881.695785,16/03/2023,dbc42284-d425-416e-96d5-1ec4ff6ee958,Debit Card,Cancelled
b041ec00-ad9c-497a-86a0-772f69f06a21,fc344219-846f-4409-bad6-16b94904dad0,Home & Kitchen,2,454.3372167,908.6744333,17/11/2023,76994856-88eb-49a5-bf6d-b7f1d57179c5,Gift Card,Refunded
0a98e206-6992-4c0b-a84c-30d12297186b,053678c7-896e-437e-b770-dd9ae4a5d2ab,Books,4,171.4455303,685.7821214,09/07/2023,cbf4f3c6-e78b-4224-bc11-2c69e040979d,Credit Card,Refunded
b3981b95-6ce2-4448-888d-2b91010ecbc7,f407c908-5cae-4fc4-97a6-9afa8b37a5b8,Books,5,341.4776369,1707.388184,15/03/2023,5c2f080b-5360-4c58-98df-2ba0b49aff03,Debit Card,Pending
ec0638ee-982c-4d1b-81b7-5ed2259ffc78,113288c3-879a-4f9c-a8da-66ed84c3798b,Home & Kitchen,4,384.2694348,1537.077739,03/08/2023,26ce1700-a35c-4eab-907c-2f03343c7469,PayPal,Completed
9e07280e-a2f3-4e3a-8689-3b0b163e3a30,92ec5ac7-e9b4-4384-8ec5-d2fdbea433a2,Sports & Outdoors,3,221.9401707,665.820512,05/08/2023,059e9826-c57f-4aa0-8079-2499b31960ec,Credit Card,Cancelled
f0a97dcd-b38c-4923-99e0-7295d2665b25,102c9a7c-81c9-4436-a2c6-b566b1aa4233,Sports & Outdoors,1,170.5478913,170.5478913,28/05/2023,2d164bb8-bce4-4539-b480-ac5b050def75,Debit Card,Completed
0906e0a7-9426-44d1-85d8-d859a95e047a,1588862d-af5b-41ac-a81d-5fe86d59873a,Sports & Outdoors,5,298.3932972,1491.966486,26/09/2023,2e3355b7-57eb-467b-a534-f530f532322f,Credit Card,Pending
5b938687-823b-4816-9af7-068872412e74,5064c119-e423-4357-9a4f-48f4d8b113dd,Clothing,5,315.6972027,1578.486013,18/05/2023,8956829a-71a8-44b9-b47e-a6e9d4ccf3d7,Credit Card,Completed
f867c877-81eb-4ae4-bdc7-9a88eebccd58,030d567a-ef42-4955-9818-661426a80400,Home & Kitchen,5,36.40801523,182.0400761,24/02/2023,0ea5d217-8409-4a97-b5c0-5bcce09006f6,PayPal,Completed
2322f36a-8573-4822-942e-e781ed6a1363,12e8ab7d-b56f-44c0-a6fa-46589a9d588f,Beauty & Health,3,39.06881464,117.2064439,21/04/2023,50415ec1-5164-482b-9055-0b49e493c8a4,Debit Card,Cancelled
38ccb4b4-da26-4944-94fa-2e9da9fc591b,c5632d3d-c1a0-410d-8ca4-2bc6d5a0f5b9,Sports & Outdoors,4,250.3745201,1001.49808,19/10/2023,ac7daa7d-e76f-48c3-957d-408a1e68a3cd,Credit Card,Completed
349a23c9-767f-474f-b458-60b2d580d556,b7a57f84-b2b2-43d0-819e-d0690cf3c12d,Sports & Outdoors,2,496.6634399,993.3268798,07/06/2023,e350d605-20a3-48e8-987e-ff0ac90c35ab,Gift Card,Refunded
9b31cb9b-2eee-4011-a484-9f0bc536df55,a5af0229-a53e-497a-9e8a-a23d1ed80b5f,Beauty & Health,3,228.9596286,686.8788857,23/02/2023,eef8d4c6-8986-40d4-991b-c32bd1ee7483,Credit Card,Completed
fa9bcbfd-8afe-49c4-bd3e-94d42bb8db93,35171275-0725-4075-a915-fed43221de61,Sports & Outdoors,2,475.9307537,951.8615073,22/03/2023,f01c8d63-b6f5-4bfd-8785-39a8df712cbb,PayPal,Refunded
4615b2a1-e22c-47c4-afe9-9b365cffa2e5,53efd646-49df-412d-8eee-f91362719b9a,Electronics,2,245.2403786,490.4807572,27/10/2023,420102b8-96b6-4df6-bf7b-79b9721d8ae6,Credit Card,Pending
0e5781bd-0282-4a39-b5f7-4e8138587f51,659e339c-1810-40bd-bfe0-606090279823,Sports & Outdoors,4,26.07065742,104.2826297,24/01/2023,2bd78a55-a8fd-4154-b009-3d8ae16f387b,Debit Card,Pending
ea8f08cc-7cd8-4555-93e8-e8a78fcf6e07,ae3491fe-1c38-45de-a804-dd4839dc915c,Electronics,2,15.12726009,30.25452018,02/03/2023,461a5411-5b6a-476c-a9aa-dd45967171ba,Debit Card,Cancelled
dc4f901e-29e4-41b1-952b-ef9086a48d52,88864a7a-c0b1-4187-ba00-3ec09cf50242,Electronics,3,164.9741124,494.9223373,13/07/2023,e940f8c7-3d2f-4ec8-a00f-34be3a051d85,PayPal,Pending
691f2ce7-7f6d-414b-8bde-2f11753b6b02,5dff1b11-8edb-49ae-b916-eb22e89e2a7e,Home & Kitchen,3,386.7054034,1160.11621,23/11/2023,e6f5501e-0eba-46e5-aad9-a493309724c7,Gift Card,Refunded
df637d25-5f4d-40b0-bd35-3a92042ad36f,6c2e1751-252b-4ff8-8218-3625d4bd944e,Clothing,5,143.7441356,718.720678,26/10/2023,de4b16d1-f8ed-47db-866c-4a0da5b0c6db,PayPal,Refunded
8cba0d53-4c5e-4a8f-a543-08b9e6a52257,423ffea5-0eab-45f7-83b0-ad0ece4d53da,Electronics,1,370.3718242,370.3718242,17/09/2023,e7e04210-2cb4-4857-9419-189123fc0c14,Debit Card,Cancelled
099cdbdd-a7b1-41a5-abc9-b6c30b62cf13,94acd4bb-2122-4d37-a6ae-28304c981130,Home & Kitchen,5,409.6327716,2048.163858,04/03/2023,3ac08eda-f253-4e9b-999b-b8d8686f222c,Gift Card,Refunded
e5cd7866-8f25-4e09-97ec-dd1169c4c5eb,7d784b10-85a4-4c2d-b390-2ea02b41309d,Electronics,3,213.736467,641.2094009,22/09/2023,6459dfbd-a779-446f-a98a-21ca856289a6,Gift Card,Refunded
5be7e5f3-4a9d-4e7c-b526-86b882e6a6df,ea09ced4-4d07-4447-8b05-81f5b69a813a,Clothing,3,424.1482907,1272.444872,06/02/2023,34739efc-3374-464d-b727-4e313e278d5d,PayPal,Refunded
ce662d6b-51ad-4d57-99d8-5ed0f304db84,6ff47962-6a2f-4d51-9153-b84830141272,Beauty & Health,1,284.3764973,284.3764973,30/03/2023,536d8e9a-4d4e-49f2-8f77-072cdd3b7819,PayPal,Pending
bc776029-8771-4331-9ced-98229ec35b13,ecb8c572-2d4f-4fc1-8c10-6684bf10d03d,Beauty & Health,2,202.7423406,405.4846813,15/01/2023,19bacf25-37d3-418e-bb0b-65bacea2b11e,Gift Card,Completed
fd4a7410-b041-45a9-a468-864628bc20f2,94dfc2d6-b460-41ab-ae8e-ad9e9f1bcd08,Sports & Outdoors,4,442.9894778,1771.957911,28/08/2023,d6b42c86-1013-45ff-a6a4-05309d98175b,Gift Card,Cancelled
38136445-b549-4a06-b8d5-6eed9dd477e4,84b92aef-7643-43f3-9630-6a0bbb9a4ca2,Sports & Outdoors,2,311.3643288,622.7286576,11/02/2023,a1998b20-9ec9-498c-ba97-d942a233b634,Gift Card,Cancelled
17f56a2b-db8f-4e41-b69c-ebe86225cb6e,dd463b0d-c65e-49d2-a6f6-45c9c05e06e0,Clothing,3,78.83935085,236.5180526,28/04/2023,2dea9947-48a6-488f-a26b-cc83e0fbc3e9,PayPal,Refunded
3dec173d-d949-427f-b3cf-e61ffd82cc2d,a07b78d2-8684-4647-a4d5-439e6062880e,Clothing,5,347.2688232,1736.344116,15/06/2023,d5f1b6a6-845e-4fa3-8461-7cf14d4bb077,PayPal,Completed
3fa2f1d7-269d-4b20-a1f1-efc970948699,8249a14d-0442-4dae-ba53-1c594675de3e,Books,2,391.8759901,783.7519802,13/02/2023,6fd89c52-f305-4446-9bd7-166c94bf66db,PayPal,Refunded
6f15dc75-d77b-4c31-9b4e-0830060e371d,755a0860-f99f-4cb0-ad98-e39850dc5c0c,Electronics,1,287.3018005,287.3018005,19/11/2023,5ca6e235-ef1c-45eb-923b-dbfac0f3be28,Credit Card,Pending
cc398701-d3bc-4b61-9017-9d3c291fc142,40815ad3-3710-4d4a-89b2-c7b518101e8e,Books,1,145.3934096,145.3934096,24/12/2023,ce59951c-b479-4f5f-903a-15b063664786,Debit Card,Pending
41a3d060-baf0-4e64-8ac8-9850c3135a7c,8ebd5aa0-5d76-432d-967a-d202701b5349,Books,3,299.9219577,899.7658731,15/04/2023,6a6b6635-9e5b-41a6-b89d-c42e361b84fb,PayPal,Cancelled
3fcf27ac-0a5c-44f9-bd7d-9b6a8e806ac9,e77f7bea-e0be-4efd-8627-6fdb444c833d,Books,5,338.5670503,1692.835252,25/09/2023,7f342202-7e6f-4c4f-aa20-8a86186f8830,Debit Card,Cancelled
c9ae288b-74ac-49ff-a6c3-9be086efc121,39da7d54-28e3-47f9-a8b4-fb4ce1f43921,Beauty & Health,5,162.6720425,813.3602126,03/09/2023,448c4346-c30a-4f57-b4c6-a319235db824,Gift Card,Refunded
16db142b-3257-4fd0-ade4-cb6bfc8a1c74,1fad734e-a02f-4a94-815f-3ace816a4fde,Beauty & Health,2,379.4938292,758.9876585,30/06/2023,55681a4c-f358-4284-b3f7-12c56e8fe0b8,Debit Card,Completed
c6db5baa-577a-4b4e-b272-f582c79e1082,6d1883bb-be20-4398-9dac-47aa70410364,Electronics,4,231.663551,926.6542039,08/09/2023,a2666d74-2b80-41c6-8a11-d1ff50cdc731,Gift Card,Pending
e835f141-e684-41df-970a-81245f685bae,9b771a0f-b0f6-4395-aa5a-7438cbdbc40f,Home & Kitchen,2,334.6741117,669.3482234,26/02/2023,00b29a91-a1df-4806-8467-3691f637a624,PayPal,Pending
a317ea5b-ff71-4132-a139-7df2e913c057,b95e8207-3c17-4e53-aad6-0b6c83ef63f6,Sports & Outdoors,3,266.6625179,799.9875536,27/09/2023,fdbe2ae9-16e3-494b-8c85-9efc810965c1,PayPal,Cancelled
5c87bbfb-e782-480f-8e47-70d4ebb4e0a0,c2bb5d5a-1dec-4580-89c0-9021a449732b,Sports & Outdoors,4,416.1412825,1664.56513,15/07/2023,e716a13c-7583-4e96-875c-4e1824b05832,Debit Card,Pending
4b2114d5-eab0-419e-9b36-ed7e0b2b72d1,df57fcdb-bf74-4f80-adca-38132da8ea6b,Beauty & Health,5,223.9987604,1119.993802,11/11/2023,99cf68cf-4051-4ed6-b0c2-25eda816c16d,Gift Card,Cancelled
ae8780a4-dd16-4d92-bce5-e740f0659f15,9647e712-e474-4e77-8b7b-3461ce33f7df,Books,2,88.48101477,176.9620295,28/01/2023,b061663f-1aa0-4d16-9636-45f809b4656e,PayPal,Pending
047dbad0-de28-41fb-b03e-d8fb55c9125c,37651381-a558-4f4e-b10b-8e41e0904a00,Books,1,229.3803011,229.3803011,30/08/2023,eab5310d-dcb3-4fa1-b1a9-2291e1f426a7,Debit Card,Refunded
f46b8cc6-85e0-4d5f-9551-9557e2c61085,9a4dfcba-d33e-4dc1-832f-35fb9e656dd2,Sports & Outdoors,4,413.8342508,1655.337003,17/06/2023,681028cb-b068-48bf-ba65-3ebef4a4ccba,PayPal,Refunded
37701d2b-16c8-48f4-a2ee-d6017ada2227,47337249-6fdf-42b0-8884-5f71005fc64a,Electronics,2,256.4333483,512.8666967,04/06/2023,7609aeb0-c813-4f07-a88c-83c10469170a,PayPal,Cancelled
0da80245-f028-47d3-80ce-7c58ba199989,5e28fee4-1e32-4917-a0fc-717a2ff84ddf,Clothing,5,63.18778034,315.9389017,15/02/2023,40df2ba9-04b8-47dd-9ffe-950786a3a971,Debit Card,Cancelled
57f465a5-96d6-4c90-9e74-a616dd86baec,247f014e-e98d-4879-ad86-c4178f9abe41,Beauty & Health,2,165.109071,330.218142,09/06/2023,f6671db1-ea7e-40c7-98f8-c0bb2f2c1120,PayPal,Pending
f90245a1-ea1b-4a56-a2b9-9b624eb94d84,58e6d792-4267-4fbc-ba9a-9beeb22c348a,Electronics,5,431.4254032,2157.127016,02/07/2023,ccdfc1d4-1b11-4d23-abba-78c2b7fc0828,Credit Card,Cancelled
e60a6440-a97a-4f09-a8a3-4fe5cfcaf466,865dc50e-e032-4b43-92a0-b8cbc9f13fdf,Home & Kitchen,1,251.947453,251.947453,14/02/2023,d6cb5b2e-a68b-4d1f-bb03-3d9a1684b80f,Debit Card,Refunded
e58f556b-c6dc-460b-b610-fb74dad0a652,03462ad9-8c36-45d2-9658-a06673429afb,Books,2,123.1637804,246.3275608,28/07/2023,284d948c-7f78-4d7a-b5d9-022b6fb05807,Credit Card,Refunded
db44be28-b4a7-4af2-a35b-2cbbb1bcd8e1,3396ed72-707f-4578-b41f-af71f41c09dd,Home & Kitchen,2,238.2086095,476.417219,09/02/2023,32ee6b6d-3cae-4edb-ad8d-af98b5d1207b,Gift Card,Cancelled
ac10d10a-e520-4801-8e8c-527c0fe19399,ca9d19d6-3227-4b45-862a-eebadc9aedbc,Home & Kitchen,3,477.3228452,1431.968536,26/02/2023,fbad1b2c-8394-4ffb-a6d9-4f89fc49318e,Credit Card,Completed
1a5c01f8-481c-4741-89db-b3a6f5b649f0,044c99be-4e0e-4df3-8980-fd606d71e9e4,Clothing,1,241.1763132,241.1763132,27/03/2023,a4ebcd62-feaa-4e38-b479-c2a961a6b5d8,Credit Card,Refunded
3345663e-0ea1-4b78-b573-6a30f6f36fb5,952e00a3-a3ee-44d4-a1e8-1d45a599fb4e,Books,1,310.1769603,310.1769603,27/06/2023,ae3742dd-b48e-458f-8b0f-245f984e5b30,Gift Card,Refunded
51f5db64-1e39-4e24-bee0-503c5057b3d1,7c5d5476-7d68-4931-8b8b-4e8949cc1a47,Clothing,5,484.1618333,2420.809166,02/03/2023,0bf1a4cf-c2e9-4c35-9254-31b006ce7f05,Gift Card,Refunded
2c413aa1-06ac-48f9-92ea-88e97783aca3,a384803f-e579-439d-957f-48b206600db6,Electronics,1,297.9499001,297.9499001,19/08/2023,b563eebb-081b-4b0b-bcc0-4429fadbab07,Gift Card,Pending
8788d477-3818-4c79-beed-006c9e545d0c,5459a16d-9f16-49ec-80bc-29ecd7f66078,Electronics,4,257.042714,1028.170856,30/08/2023,deb026a0-1e84-4022-afaf-7e9ac5ccffcf,Debit Card,Refunded
ef68afe1-5eca-4896-a959-d51dff29aa68,d04a0ee0-a67c-40e1-ad44-13bad8a1e4c6,Home & Kitchen,2,384.9222948,769.8445895,07/07/2023,d6ad4f94-3869-4841-b939-e6746b30dc6f,Gift Card,Cancelled
38359a8c-8329-49a8-b809-07a178a9e835,17df0e9b-f326-4ef4-bb1a-b4d294b3f4c7,Electronics,1,148.6508924,148.6508924,10/08/2023,bd2039e8-59eb-4a6d-b8b6-c03bc52b93b7,Debit Card,Cancelled
4e869cf5-4974-43be-9825-d8bd37c69db7,4d28d3cb-dae5-4aab-b6e3-78aeb59a1a8e,Sports & Outdoors,3,209.5802141,628.7406424,30/12/2023,a2d166ad-064f-4f39-95dd-9e76d70f3240,Debit Card,Refunded
22f0aeb2-d2dc-4ae3-a540-82b824a56ddc,2bea2070-3c78-4bbe-9305-73a6f9729bd9,Books,1,134.889105,134.889105,03/04/2023,18b9b4fb-877f-4ad0-ac54-e212251b9b9d,Gift Card,Refunded
c0543619-9050-4358-a81f-cf99f9a9bf8f,3ebd769e-76d0-41d7-9d26-9deab8ad4cd6,Clothing,3,160.3959745,481.1879234,18/05/2023,507341b3-7f7c-4907-b127-d501b0b52035,Debit Card,Completed
1ab889ad-c45a-4b34-84fe-693940c12aa8,d2856b8f-2701-46d6-9c7f-51e6b11148f3,Sports & Outdoors,2,448.0670551,896.1341103,06/04/2023,f960a48c-4eae-424c-881e-bb8b486ac6be,Debit Card,Cancelled
0311d8ad-c987-41fd-8aea-c7e0bcc4a21e,f23a36e2-4db1-4081-9472-e4487e0c45dc,Home & Kitchen,3,238.3790453,715.137136,12/01/2023,6c776ca5-2343-405e-9b75-1fc46f3fcc92,Debit Card,Cancelled
bff098e9-7d9e-456c-b636-02601708b5ed,2ed7a256-98ba-4991-9f2a-71c6f16aab17,Sports & Outdoors,4,457.2867031,1829.146813,29/09/2023,912507a9-9bf0-4cd0-a26d-2001d72e0b57,PayPal,Refunded
7054d4f8-5bd7-4e3f-9ea3-20ea2699494b,e38d0431-2182-4966-9309-e6bccfe46c92,Books,4,114.6637227,458.6548907,19/04/2023,f6d42afc-1063-412c-b6e3-970d45845517,Gift Card,Refunded
4942098d-5216-4339-8b4b-d647c4e74e0b,e854429b-4350-4d8b-897b-ba674bdb293b,Electronics,3,127.3739618,382.1218855,02/10/2023,081dcb20-dea4-4d1a-94b2-86f792197327,Debit Card,Cancelled
d8f2c983-ab03-42bc-a2eb-8d55f9e7d593,2372c3a8-5331-41ac-8e85-28cf8a1d7049,Home & Kitchen,1,150.0248806,150.0248806,21/09/2023,36530286-913b-4dd9-a9e3-e39e80a8ec6e,Debit Card,Pending
49657b0d-3519-4388-9fb3-88fdf843190d,15bb8e07-94cb-4fd7-8f36-dd0781588d86,Beauty & Health,4,258.759374,1035.037496,26/10/2023,5eb04904-3427-4254-9c0f-cda68ae64bb3,Debit Card,Cancelled
b450f0eb-0aec-4c5b-af88-72385ed8b1e1,7b60bf26-c0aa-4e0a-bf8c-8788cbe276b4,Sports & Outdoors,4,462.4043653,1849.617461,23/11/2023,e9ca2f28-bbe6-453e-b0a4-12f571459bb1,PayPal,Completed
6d6bbc79-1b1e-44f7-bfde-25cf827b966e,7951ff9a-0fd3-4f61-92c9-b1eef346e870,Books,2,447.0260049,894.0520099,20/01/2023,fd9bbb84-a258-4d30-a76f-077c091fe97a,Credit Card,Cancelled
885f50cb-de96-4ab4-a122-688b0e45bfbc,c2af52e6-0236-42fc-ac49-6e45f70accb3,Books,2,294.6361651,589.2723302,10/06/2023,0f9867ca-9da6-438c-86b4-45027b8dff16,Gift Card,Completed
4798c745-52cd-4e01-8353-4460e13e6032,4e310a3d-0ae3-4ed1-a435-ef14825b51a4,Beauty & Health,3,463.6087815,1390.826344,05/08/2023,2b647319-96a8-4106-886e-da70351de104,Debit Card,Pending
f0e04d23-c61e-4b54-b581-822afecbd98a,fe37fd8d-f12f-49c4-a306-0441d64249d9,Beauty & Health,5,212.4039938,1062.019969,23/11/2023,97861b58-5612-4d6b-b673-fb8b3e236779,PayPal,Refunded
01ba7f0e-d1d5-4988-920b-3234606040ba,84c295a2-04fd-464a-b603-154013d0cd83,Books,4,255.9654621,1023.861848,10/05/2023,ac60862a-47c2-43e3-bb38-ebc2db607d74,Debit Card,Refunded
85a34616-90da-4713-895e-3cff17f5dab0,569e0970-c749-446f-be52-3b999cbad5e3,Beauty & Health,2,238.7710024,477.5420048,04/03/2023,6db2385f-91a3-4d4d-b281-9e33932f2acb,Credit Card,Pending
5fa033f3-55c4-4bd0-a2e4-72e2ee86ba6f,622b67bb-4abe-473a-bd2f-c0fc1bfb919c,Clothing,5,489.2835912,2446.417956,16/12/2023,034f23ab-249a-477c-a97e-5eb90eb5ff62,PayPal,Cancelled
59f50371-ad42-4af0-b10f-35bdbc1a0c0b,bc656df3-d2b7-4138-a678-893aba7f279c,Home & Kitchen,2,331.9219307,663.8438614,18/07/2023,92874da6-3720-4f3d-a62e-a1a1425d39c4,Gift Card,Cancelled
7ace0979-c305-4af5-936a-4eda5e6b5d42,5488f1fd-8ac1-42d8-9899-108ca21fcedb,Home & Kitchen,4,79.05795718,316.2318287,15/06/2023,38e6daff-547c-4b25-815c-cc620b4723e3,Debit Card,Pending
a2275efe-25f2-4850-afc1-6975b8f80a78,62b1225c-dac6-4f15-b773-69576ee94fe7,Home & Kitchen,2,473.5257726,947.0515452,18/03/2023,0e5e5fdd-5ff1-4177-afe7-942556cd12f8,Debit Card,Pending
66eee384-46e1-4a17-a1cd-246934e4d998,eea18f62-3329-4c9d-a644-a2c8f63e32b9,Beauty & Health,5,440.7870823,2203.935412,27/07/2023,ef9c6121-11df-44b5-817b-a995c72d1e37,Credit Card,Cancelled
e479f2b8-5f8e-4a3f-807d-cabe968c2676,9307f9d6-407b-4f56-9d60-3ed85660160e,Electronics,4,417.8440737,1671.376295,08/12/2023,1ba96043-6e95-4ba3-9df0-665119c6deb8,PayPal,Completed
ebbbbd25-ef08-493a-98c1-609b25affb80,dce1226f-86cd-498d-aabb-a5e826f18917,Books,1,31.60900802,31.60900802,04/08/2023,752c29a6-fa99-4690-bf49-7c0355404bba,Credit Card,Cancelled
ab18914e-2a0a-4319-bb03-628cd1839b51,31cdbdc9-bd76-4a4e-a8fc-410efc675fb9,Books,2,192.3963027,384.7926054,09/02/2023,0bbedb5e-bd51-4f71-99fc-e5332d12b3c8,Gift Card,Pending
49229b44-c135-48a4-93ab-904c66029e7a,f03ec187-9990-47f1-a00a-8275efb9e75e,Electronics,1,424.5696767,424.5696767,02/11/2023,3da52caf-9912-469a-b77d-b2ba9f875010,Gift Card,Refunded
010bae51-79ed-4100-a3f6-98bf62c0337f,3143616d-5866-42cd-9244-936e8c29d5d3,Books,3,28.5882915,85.7648745,25/10/2023,a65416b2-7a7b-4dd7-9e3e-d1d680c3d26c,Gift Card,Pending
fa7decb6-269f-4368-a8e7-e8669bb9ab60,eed5e601-6bd8-45da-a4ca-02f29568db8d,Clothing,3,368.0160311,1104.048093,20/07/2023,e6cb5a84-318b-464b-abb6-e4b90e2abd78,Gift Card,Completed
84d10f6f-5b32-475f-938b-42ced2aa027b,864fd1d4-9554-4d2e-8001-fe6a003f67c9,Clothing,5,209.5639927,1047.819963,05/02/2023,62110268-0543-4df3-9ee5-734d387a7fa7,Debit Card,Cancelled
ccc5a5c7-1fa2-4a19-9a78-0e7fde4e6746,c6c4ca19-6b74-4f54-ac0b-fa63546ab551,Home & Kitchen,1,202.1888905,202.1888905,20/01/2023,66d0947e-78df-4592-b9d2-44e9745f53ff,Gift Card,Pending
f9a8d8be-5ed5-4179-95ac-f3ad3015b087,b91195a4-0e8b-4dcc-8885-6c2909984ca4,Clothing,3,314.1655433,942.49663,03/02/2023,a3224d2c-11da-45c3-bb3b-5f104bece798,Debit Card,Pending
147c34a8-e18e-4b39-8dda-45d98c044955,d97935aa-8eae-43ce-a9c8-05280719cd74,Home & Kitchen,1,30.65495454,30.65495454,06/06/2023,cfc737ea-7e21-45ae-8309-8e9e616e3a13,Debit Card,Refunded
2ee62e9e-3a05-4acf-88d5-79b009f9a628,9218a5ca-08c3-407b-acfe-2fa2bce9844b,Sports & Outdoors,1,349.1851246,349.1851246,01/07/2023,1e05a83d-b9fe-42ca-ac0b-de9c92b392e0,Gift Card,Cancelled
0021b9c8-e8f2-4820-a2bf-e62cc4535a0e,670d89cf-7467-4b1e-b0a8-eccb0f7b4eae,Electronics,5,250.2508908,1251.254454,10/07/2023,5eec0ad6-b251-4d3a-9def-8d3ca6b5b614,PayPal,Cancelled
50badef9-be42-4432-9126-945633c80771,9865ebbd-20a6-4873-a820-bb01e2c46ba7,Sports & Outdoors,2,225.883145,451.76629,28/11/2023,b6c7eda2-8d84-47c9-aed5-61f9533139f3,PayPal,Completed
70ebdee5-62de-43ee-9755-dcc10053a48f,9434c5a9-542a-42f1-aa66-9d61b0b804ab,Electronics,5,319.3544756,1596.772378,04/06/2023,036a980e-aad2-4457-9fee-2691e0acdc4c,Gift Card,Refunded
2714de0b-4200-4975-bcf0-b307d0348e97,5dbbd7a8-52b0-4b80-ae45-7e4a7f342ee2,Home & Kitchen,4,283.6367758,1134.547103,17/02/2023,0ed13ab1-a42e-42d4-9828-ee0bc31dfdf2,Debit Card,Pending
72f5c3d0-f6b7-4853-9165-a2da8f21aca2,28f2792e-734d-4ebb-b30c-417c46bb36eb,Electronics,5,235.4068143,1177.034072,10/04/2023,548930f4-01e7-4c67-bcfb-938a8e3a97d5,Credit Card,Refunded
b1e3c174-27dc-4223-a390-ee350c58a2aa,ec071f56-b578-41ff-a5a9-2fc6d2739a9d,Sports & Outdoors,5,293.3185824,1466.592912,19/03/2023,d92fc0c2-c9e9-4bba-804c-e190e037a944,Gift Card,Cancelled
e478bf19-b756-42c7-aa9d-03109424bac0,20aecf9c-568f-4a72-a66c-c5b201d0938d,Clothing,1,278.2236434,278.2236434,04/02/2023,ff7599a0-d572-444b-bd68-80fd0f1d1b50,Gift Card,Completed
6b3239ba-454a-4b94-81d7-6afb5d1f7ef2,c3298d54-8e9d-4a31-8026-83c5bca996d7,Home & Kitchen,5,339.9470775,1699.735387,04/04/2023,85e42466-e0bc-4611-958b-9cda8f37aa10,PayPal,Refunded
91f2e9fb-7e9e-4a60-b1e6-9ece139d05e0,abd7c56b-36a2-43fa-b31c-e6a13b4259a1,Clothing,2,419.8719614,839.7439228,15/04/2023,409e933f-92fc-4511-be4d-408ba9b5b66d,Credit Card,Refunded
8ca8c854-3879-4a98-b843-ca36dd5acbcc,89e005a7-c0c0-4063-8823-a499618391de,Sports & Outdoors,4,342.8940376,1371.57615,07/12/2023,7f833e5f-624d-46f1-8b1c-5aa3cd256f3f,PayPal,Pending
ae8ab0a6-0bbc-415b-96ad-7b1d953fda75,fd36b5cf-c3db-4447-8d05-e6683d1698cf,Books,3,385.3230018,1155.969005,10/08/2023,f9ca49f8-6324-4713-a40d-08977b761b2c,Debit Card,Refunded
033295b1-3fce-4f31-be1a-fac2f690f42d,5b0b1634-3766-49a9-909d-ba1d883e7ea9,Books,2,301.2226525,602.445305,28/11/2023,d0a620e8-f31a-4c23-9f10-385cc95c1bed,Gift Card,Pending
e1951be0-f47c-497b-be8a-63fa818f0cc9,3601300d-b06e-4430-8978-20fbb9216b7e,Clothing,5,235.654611,1178.273055,09/08/2023,a7482d18-0f02-4f82-8145-da183b5d7295,Gift Card,Pending
d0942be6-f0ac-42b5-b2d1-06134d58d6f6,9658187c-2a65-4890-8f7b-9e6c0d6b7fc5,Beauty & Health,1,161.3095329,161.3095329,19/03/2023,5f1083f7-3dd9-49a1-aa67-cde6c013bd57,Credit Card,Pending
f6d65369-f19a-44b8-b04c-81d5cd4fdef4,dd6d8170-2af4-4243-ae88-782c330e445c,Sports & Outdoors,2,148.0866112,296.1732223,07/11/2023,39e02385-7b95-4bd0-a25c-a3b3a6d62e93,Gift Card,Cancelled
81198f9a-4e56-44b2-9435-d59c746ca25a,132119f1-c051-4a53-9882-ee089f0f2914,Electronics,3,468.5685868,1405.70576,20/12/2023,e209bd0c-3c26-4ebb-8459-7775d923f050,Credit Card,Completed
ab4ddada-5479-4c40-bd1b-283c44b51dc0,c4925b50-4249-4d8f-9682-b49a2626cee9,Beauty & Health,1,59.75339126,59.75339126,18/09/2023,3f5f129b-eb73-46be-a3d8-0a422fff5990,Credit Card,Completed
189fcf2b-72b4-4bc7-ad70-3e9483830c63,16ae4c72-8e3d-44cb-b6cf-64e97600166f,Electronics,4,449.1150118,1796.460047,04/03/2023,945f8ac7-b9de-4ab3-bd69-1a91f37c9f57,Gift Card,Refunded
1b601d9c-a1fc-4758-ac6c-762d53244614,a3a3529a-2474-44e7-8d7a-7002e243a94e,Home & Kitchen,1,205.5740359,205.5740359,23/02/2023,fac6d941-6e3a-422b-ba4b-a4a5363867d2,Credit Card,Refunded
9891dde9-b352-42f7-97b7-8289a8aa26f3,3ed2530c-4781-41ec-934b-d05c759bf7c5,Clothing,4,433.8222046,1735.288818,17/10/2023,20afac92-b315-47ad-8813-2136fba4c427,Credit Card,Refunded
8863b7c5-6234-4594-8503-90c89f035f62,de70c70e-7df5-4255-aa9a-e0ac087cac2c,Home & Kitchen,5,80.30180252,401.5090126,03/01/2023,848e1c0a-6c9e-471e-9947-9bf7040ba344,Debit Card,Completed
2edb8f0d-fe57-4a05-b558-21e07b008dd2,816f9379-736c-4ca7-949f-716486a8068a,Home & Kitchen,3,219.8823062,659.6469186,22/06/2023,02f5d622-243d-4785-8940-ebdf64504993,PayPal,Cancelled
6fc99546-493a-42c1-a9ff-8e1bf45484ad,71a9920d-7f3d-4c57-9ac8-36dca45136ba,Beauty & Health,3,274.1469484,822.4408452,31/10/2023,58a7635d-45e1-455e-a880-40cc8bbccf28,Gift Card,Pending
62fa2714-af5f-40ce-9c76-bb64697b47b9,399ff19b-63fb-4293-b4a4-6ff7291f971b,Clothing,3,193.3734837,580.1204511,19/12/2023,b23a29ac-1816-440f-a80a-de9236c8ac83,Credit Card,Completed
577f8138-522e-474d-88d1-94259fb752c3,d4179e02-9da6-4f0f-af65-d02ed9ad12c1,Beauty & Health,1,273.1623798,273.1623798,11/08/2023,ca591469-5812-4c34-981a-dbd0c8938e23,PayPal,Pending
b5f73cb8-0341-4be1-b5e0-83c6a30cfa55,74823a0c-0316-4d9b-ac87-0df3929d3c31,Sports & Outdoors,2,478.7027178,957.4054357,06/02/2023,11b29ec0-ba07-4318-9f79-7c1aad9e64da,Credit Card,Pending
7de76a22-233c-4317-ba73-efcd4a707a51,e403534d-92ff-41af-a9f5-ddcdeab2ac75,Beauty & Health,2,195.4688064,390.9376128,17/03/2023,223b51b5-7589-452e-a317-822b4e1ea712,PayPal,Pending
88ba38f1-475c-4e4f-9107-cdf111c5e0b8,4c452d7a-17d9-42d2-b512-69a6698ad97a,Books,5,263.6311502,1318.155751,19/04/2023,5ae61ced-e871-4a0d-9119-31aae3e03fda,PayPal,Completed
7aae60b4-4e0d-4957-aab6-20cc902443e7,e18c1010-2b87-40ca-8b06-aea08c72ca68,Sports & Outdoors,2,130.0728442,260.1456885,21/02/2023,6e268258-50f1-42d7-9fc9-2b7e331f5df8,Debit Card,Completed
efe14a1d-cefd-4b84-a457-5098850f1f98,a8cc9432-a1d3-4f89-8283-7648dbb9bf32,Sports & Outdoors,4,85.7982139,343.1928556,07/02/2023,7739333f-487c-4ef1-901c-b7fe83602322,Debit Card,Pending
de92dc5b-0d77-4d71-a1dd-05ad1473f144,f27c8dfb-92e2-4529-af18-ecbc1c4be3cf,Sports & Outdoors,5,384.4966416,1922.483208,04/08/2023,a50127f5-4c2c-4872-927f-ef29c844b31a,PayPal,Refunded
089f96a0-b31f-432c-b1a9-bac68ce367c1,2186d999-3f40-4772-8c56-9b0f5519f888,Electronics,5,474.3104243,2371.552122,22/11/2023,6040ccce-3d9d-40bb-8468-0e6a486ed3c5,Debit Card,Pending
9a057b4e-f508-4110-bd3b-1d40c9dd8f8a,4cff588d-bcf9-4705-9321-6dfc93d29343,Electronics,4,216.6384083,866.5536333,31/12/2023,8709e630-0217-4d1f-811b-d88e792d5088,Credit Card,Refunded
203a9bbc-a7ea-4b6b-b4e4-a107da71c136,02ee7aec-f7ce-4ad8-a8aa-41d381b96da0,Home & Kitchen,4,30.44352854,121.7741141,03/06/2023,afa94533-531a-4f6e-b6c0-787b9f887a0d,Credit Card,Completed
011fc2a2-4cc1-4e15-9d83-73f9b35a8fd5,3c27508e-5d94-4495-a922-6ef558314244,Books,5,223.2917107,1116.458554,16/12/2023,1ef340fe-0957-4dc2-9303-f8bbe2fc6d5a,PayPal,Completed
29e2a53e-5c41-4926-ae8d-b22fae91f6c3,1e7507bb-0bad-467d-ae47-645bbc329d70,Electronics,3,360.9450569,1082.835171,05/09/2023,b286e40c-1bcd-43af-8e39-ea3ea2d4f788,Debit Card,Cancelled
3f824277-c68c-4b2b-846c-5161eddbfa1a,8de2ba1e-de3d-4d8e-9ae7-d677da10088c,Sports & Outdoors,2,122.5022454,245.0044909,16/05/2023,9827d15b-1de3-405d-85da-73565c3f3937,Gift Card,Completed
3339ac18-fb0c-4b48-89d5-e5824d149f0c,59df490b-e7f9-4a79-a09a-aa561a570c9b,Electronics,1,476.7418138,476.7418138,02/06/2023,25a64195-4f46-4162-b79f-607816211663,Debit Card,Refunded
30210085-490e-42eb-ac48-28623390a680,3d5cfcc9-11c3-4f67-b74e-d0a27ee8ada8,Sports & Outdoors,2,10.98888191,21.97776383,14/01/2023,6fa1b5a0-e315-479f-9e5d-376278058320,Gift Card,Pending
b0051d5c-702a-4a65-b3f3-b53ada4dca50,553d446c-7c1e-4eed-82ba-9d1db04489d7,Beauty & Health,1,124.5473825,124.5473825,10/01/2023,4efd37f4-4a73-4110-aaa9-085f33bcc6ee,Debit Card,Completed
21efb009-2ed4-4a98-b944-efd612f09287,b4f19745-5ff8-4b70-8402-01deec1c93e1,Home & Kitchen,2,174.7785641,349.5571283,13/05/2023,c23fdd9d-7950-4428-bf1a-41ad493747e7,Gift Card,Pending
ad1450a0-1229-4324-8d7a-e83ff5db7402,58c587d2-48cd-471f-a782-35dce7dda810,Electronics,2,345.2215957,690.4431915,30/10/2023,f97c820d-1c43-4970-bdca-52d7c5712266,PayPal,Completed
43b0906c-ece7-47b6-bd50-9c7871f9dedb,3a956d28-2fba-4b79-b1f2-778e388d0f97,Sports & Outdoors,5,106.386134,531.93067,14/06/2023,dec0f946-da8d-40b7-8c9a-bdfe5d0de332,Gift Card,Pending
7836a2f7-bae9-4799-8b7a-3c5c3354c8ab,c089f163-e4a5-4673-a0f9-9611238a6f84,Sports & Outdoors,4,314.418807,1257.675228,30/07/2023,d34e0c71-1587-464f-829b-2bc4c44a392b,Gift Card,Refunded
a047f2df-0f52-42de-8a66-90d5fa738eb8,41e9b87f-211f-41af-a1cb-70a67f7571f4,Electronics,2,125.043454,250.086908,09/08/2023,5b7b3a34-008e-4fa5-9bc4-7bcec8631a67,PayPal,Cancelled
2bb27319-7094-4ab7-821b-656a6cff5f86,f55db0a5-eeba-4f74-ab49-20a8f80d0ac5,Clothing,3,169.5540497,508.6621492,01/02/2023,aa42691e-33dd-46d6-a53c-58e7ee330347,Credit Card,Refunded
3469a4a9-77ac-4660-a157-c62365991c39,35236993-33bf-4417-8a26-8b3b7252d8df,Sports & Outdoors,2,385.1406865,770.281373,06/09/2023,6bdd7231-7dc1-4c76-a416-8440caeab835,Gift Card,Pending
d51bcb18-5007-4cba-8b68-64077ae29ecf,6801eaea-2342-4940-8cec-4ca48feb8567,Electronics,2,207.0085947,414.0171894,31/05/2023,8f0af57a-431d-4d60-93ba-a494619e8b91,PayPal,Pending
667cf0a6-86d6-46ab-9a05-314b42417d2d,1e724e5b-8c3b-4d92-86de-318718b1357d,Home & Kitchen,5,355.8716047,1779.358023,09/05/2023,d22b3e13-9294-4978-9a98-6edab84a85e5,Gift Card,Pending
93e5d7c5-58d4-4ee9-be14-c3cf98d5a445,ced2b0ce-9bee-426f-a1db-9a1922d79582,Clothing,5,419.399389,2096.996945,24/09/2023,e2618902-28a6-4a27-9afb-8d145e98f436,PayPal,Refunded
55db3261-5553-4181-b70c-d705762a5cf8,54c60082-a30f-45c1-8711-855d82f4e38a,Beauty & Health,1,437.8076432,437.8076432,12/07/2023,67d3b6eb-d17f-464c-ad61-255ed5541542,Debit Card,Refunded
0007cb07-b2af-4a37-aa43-fd650f6add56,37d58910-2ada-40a2-b378-fd00596cb528,Electronics,5,31.42147572,157.1073786,22/12/2023,568e1304-711c-416b-867f-4f1f684c90dd,Credit Card,Cancelled
2992bd12-5738-4a9c-be81-fc7659fe9889,45431a6a-7541-4e01-803c-d5e7deee2c72,Clothing,3,293.7893356,881.3680069,19/03/2023,4dd4f577-815b-4c30-b55b-2fa99c536375,Credit Card,Refunded
f691d0ae-9e02-4087-9ab5-f3908d7af741,673bb774-f881-4b3c-832b-07972c95a215,Beauty & Health,5,270.0663023,1350.331512,10/05/2023,5febc959-427c-4314-b902-16ca27725981,Credit Card,Completed
c1d24243-b6d5-4315-b61f-f714631800c0,797c5fd8-65f1-4541-9a74-ad36bbe06ece,Clothing,3,389.1273219,1167.381966,22/03/2023,98979e84-8633-4502-957e-efb2299146a8,PayPal,Refunded
734c86c5-38de-4c8e-a41c-ff7c94fdfad1,8b968707-1769-4816-b3e1-0d260726ca63,Clothing,3,313.8255815,941.4767445,17/05/2023,da71f0a9-1ac3-4969-8484-03625ee431d9,Gift Card,Refunded
e10c05e6-1dff-4416-940d-42be72b0ed93,6c57b35a-5fe5-40c5-b6e0-da424efc1799,Beauty & Health,4,117.3276704,469.3106815,28/01/2023,9ea9b010-8108-4a9c-8242-f9ac74ea5eb6,Debit Card,Pending
34f49d26-806b-4b11-8060-551359945a3d,5831e680-3615-4cb9-8855-0f128a3480e3,Clothing,3,376.223047,1128.669141,26/12/2023,d1c2025e-4bae-47a7-887c-a4ecd3bce152,Credit Card,Cancelled
25376c7e-9440-468e-9967-f33f4c4d8e87,d8c2a0f3-a2bf-4797-8378-7fd5a6392f20,Sports & Outdoors,5,404.8846881,2024.423441,09/07/2023,e85f80ff-a172-4269-9417-6bc2b35e1831,Credit Card,Refunded
fcd8c327-b0bb-4867-a905-fac674db953f,4fb402a0-2b32-4bfa-bcd9-42f30e17d6f4,Clothing,4,202.8083179,811.2332716,27/12/2023,21d3750a-b298-46fb-acce-0e990d49dde5,PayPal,Completed
50f0d223-143e-49e9-90af-d8a686d34307,e9163236-c876-44f8-bcf5-b4f1fae0b37e,Electronics,5,189.7434119,948.7170593,10/01/2023,bf0562e0-7997-47bb-b944-b96665f2bf55,Credit Card,Cancelled
3893a6cf-0904-4fb7-ae9a-44ea9917bbb3,db5fa454-a797-490e-958e-211d6b67b623,Electronics,3,341.4768339,1024.430502,28/03/2023,beaa8d80-1cec-44d2-a9d9-dbd3259077c7,PayPal,Refunded
f54ea439-744f-4822-aead-6b1b4c438f49,aac2a978-6ec0-4f30-bd5b-3b5d80ccc981,Home & Kitchen,2,98.05037869,196.1007574,20/08/2023,9bb66704-d643-4677-994b-fe11b13f0fae,Debit Card,Completed
bd894698-74f4-4544-934d-e538a1daa198,3d248a22-4c0e-43b4-9bbf-ec76fc74691d,Clothing,4,253.651281,1014.605124,22/08/2023,31c2f61c-6888-4ce8-b992-f8d042721e6f,Credit Card,Pending
d4c0eeed-e659-40e1-bf04-1f28775f8f5e,b3c7ba9b-eae1-4d85-91c8-b9343b43f1f1,Books,4,220.8831526,883.5326103,28/11/2023,f33d3340-b296-4dce-8309-290b98236f8d,Credit Card,Refunded
ae185442-1cde-44ec-809d-d163735c5e32,c11508a3-e2ea-4f5d-ae85-c21dbcd2e996,Sports & Outdoors,1,156.2695796,156.2695796,22/04/2023,e09e0743-b8be-4579-87cf-791719c81548,Credit Card,Completed
ed04691a-0348-49ab-aa25-1bdde98ab695,bba32244-dcc7-440e-9be8-43dc085ee086,Home & Kitchen,1,67.66500722,67.66500722,06/03/2023,32d29ba0-f3dd-41f1-bd6d-686f10bfa0c7,PayPal,Pending
f54e49e0-56ef-4e6c-940c-904e910bdf80,c3677c22-71f4-4766-8dff-64492eba82c3,Clothing,1,221.6566105,221.6566105,14/10/2023,5f33dfc3-aee9-472d-9bd4-3238b8f4cdb0,Credit Card,Refunded
ca7c9418-4a63-49e0-989f-e7d4a5551222,83ae538c-0793-4fed-a65a-23854d7e952d,Clothing,3,10.22215841,30.66647523,28/11/2023,5096169f-844d-4f2f-8edd-3d08cd22b4b8,Gift Card,Cancelled
3d08450b-94b0-42f4-9451-72f4e8848203,06f2106f-8cb8-4378-9120-83e813a8685e,Sports & Outdoors,4,265.2605474,1061.04219,22/01/2023,2ac5e813-f3f5-4543-8009-0973ce2a2ae0,Credit Card,Completed
c5902f78-32bc-4b0b-b4a5-e0af502a90e4,d9d049dd-8b45-42c4-b911-c364cacf728a,Electronics,3,481.2146316,1443.643895,12/02/2023,ef927277-da69-4fc5-9b2d-db3cf6327e9e,Gift Card,Refunded
d76e06ca-3956-40cc-b9c4-e3bb3cf37e58,e6c23136-721b-40a9-89b0-483b18580839,Beauty & Health,5,480.5635985,2402.817993,25/04/2023,cf11730a-030f-48dd-9954-c2ceb796da03,Credit Card,Pending
4c4a14b2-e5b2-4e81-9816-13cef33b8c7e,2396981b-d447-4762-bd79-c4d67a039911,Clothing,5,21.44041902,107.2020951,07/08/2023,fefc2ab0-363e-45f8-b3a5-a53e23e57269,Gift Card,Pending
94bc3e89-abe4-431a-a84a-6a7a335b30d7,375fbdd1-7cbc-4af0-b2d5-60fff364c8da,Sports & Outdoors,4,272.5494227,1090.197691,13/05/2023,3f5e35ac-b327-4fae-8b7f-9194438df709,Debit Card,Cancelled
8feadb4e-3920-4b4d-959a-ee5839ddfe77,03fed4f5-ba39-459f-bc6c-ca521353e1f4,Clothing,1,391.2978786,391.2978786,30/05/2023,fdf63971-41bf-41e0-96cd-ecb078ef280e,Debit Card,Pending
4f435911-c414-4ebc-8551-e6b8d517cdcd,95ba5a3a-d517-4ff4-8634-c78efe4801ce,Clothing,2,285.8514084,571.7028168,26/05/2023,2e9eb4e8-2374-4576-93f3-17a70c5c592a,Debit Card,Pending
8005edf3-ea15-4c64-be2a-59ab3e348dce,7806347f-1ec9-437d-84b2-38eae9b8a752,Clothing,3,289.5639197,868.6917592,17/03/2023,a0192c10-cd14-4e9d-888e-fb3e81b685f5,PayPal,Refunded
bd008025-eafa-4366-8459-26191f5f7527,bcb1a41d-0d0a-4f17-ae7c-c2c1f05821bd,Clothing,4,163.410987,653.643948,22/09/2023,45d0bc5b-b01d-42b9-a370-8d2cdc1f506b,PayPal,Pending
e2cab2ef-a6ef-4bc7-8603-ac25de9863c9,75c39ccd-6d3e-4e64-b34e-2624b127fe54,Clothing,5,128.583503,642.917515,15/03/2023,a0be7df1-0000-4d23-b8e0-a40a489ed37a,PayPal,Completed
7b99b6ac-b0dd-47ce-b601-bfe3b8a26a7d,98dd1e46-e4f9-43f1-9b3c-97f19a0b42f6,Home & Kitchen,5,19.29785876,96.48929381,20/04/2023,09fb00b6-0cf9-4e35-8ba3-2f7ef866bf91,PayPal,Refunded
08e18778-5e0b-45a6-b23d-d1139b537ce8,364d6326-edc7-410b-b3ae-39d59ebf6da1,Home & Kitchen,2,237.3522679,474.7045358,20/07/2023,a3bdea52-4ba0-4d23-8d6b-4e4ff899a58c,PayPal,Cancelled
d5076d1d-4810-4f95-b2d8-541303359dfb,19f358e0-d809-4fc3-a13b-f739e12d627d,Clothing,2,175.7334443,351.4668887,25/08/2023,50c0a6bb-4993-4dfc-9fa9-f6b30b49f72d,Credit Card,Refunded
d9535233-8c80-47ac-a9cc-8c1c1442c3df,52283a3c-cda4-42f9-996c-372d3f47da75,Sports & Outdoors,2,372.8863808,745.7727615,24/05/2023,920ddd7f-c8f2-4703-af88-4cd4b4fda699,Gift Card,Pending
338474a7-414e-400d-b083-cf2b205607e3,84d17dde-b71f-4a18-94bc-7b8a0605c44a,Home & Kitchen,4,156.5648558,626.2594231,22/02/2023,76b5dcf6-de50-47f4-9f67-ac5cf6334ffd,Credit Card,Cancelled
25610ca8-b2f6-4917-8b93-cedf17c95c31,51bb65bc-eb13-4e32-9857-bc66069ddcc8,Electronics,3,433.1322564,1299.396769,16/03/2023,bdf230de-73c9-49a6-8e4b-3a894fc08770,PayPal,Cancelled
62e12d4e-b75a-4f9d-a08e-c91b0f385105,0f9f0571-c284-41af-85e8-4110939ced34,Home & Kitchen,4,57.76308321,231.0523328,01/06/2023,b25ee614-dfa7-4698-b2d2-bc668deaf322,Debit Card,Refunded
99b21525-bc58-4397-bf03-568cb5793e1f,c82c777d-c110-47f5-8485-128b18d37e1c,Home & Kitchen,5,273.3753213,1366.876606,27/12/2023,0f7eafdb-060d-4fe4-8a85-f43d00b3c61c,PayPal,Pending
54cad77e-2b6e-4a7f-b70c-a420b2ca5087,81f0701b-614a-47ef-a58f-45e8ba0c36bc,Sports & Outdoors,5,92.38033367,461.9016683,07/12/2023,0d4fd78e-70d1-46d1-8119-149d08cf9c54,Gift Card,Cancelled
8e358574-fba1-42e3-a8c4-78adceacadbf,55244276-79e8-4a9a-a79c-44f1ce9a7de1,Home & Kitchen,2,190.2186778,380.4373556,17/03/2023,fb9acc6c-1322-4943-81bd-7b0310ebe112,Credit Card,Completed
522fd035-76ce-430d-bd5a-daf7dd8da997,444a8335-58a8-4b3d-b87f-9b40eff0abe4,Beauty & Health,1,378.3920644,378.3920644,27/06/2023,9c87cf3e-b0e6-4cd4-88b9-cba1f58aded3,Gift Card,Refunded
47df9718-61ca-492c-b3de-7f73e77b5ce5,2fa65adf-0221-4441-b9ba-cf43042e8ced,Beauty & Health,1,205.1446101,205.1446101,21/05/2023,ca4f6c82-4274-423e-bd6c-69214bc8ae1a,Gift Card,Completed
0770a52e-0ac2-4db7-bed1-17e7f2a37949,a81915d6-c4d7-44d3-ba3f-49c0117d0087,Sports & Outdoors,1,465.5006635,465.5006635,17/01/2023,6d574089-8fd2-441e-b2b6-741c52dc395a,Credit Card,Cancelled
15399cbe-10a5-4f36-8a9f-3292192e9a69,bd61dfae-8186-4452-ab8c-adb219b6aa81,Books,5,34.64340762,173.2170381,13/11/2023,2ca70293-5828-4b31-87b0-fab5c430adb2,Gift Card,Pending
b16b8d00-87c4-48be-a9e2-e863481a3181,978c0382-b843-4f62-90c1-51feb9bd3571,Electronics,5,200.2452916,1001.226458,21/09/2023,c76df408-172e-496e-802c-ceb41993a0f5,Gift Card,Cancelled
afa42d26-0414-4ecd-bbac-46d5ba4734a2,4d695a56-a0c9-47e0-922f-2bb153bc46dc,Books,3,485.2226237,1455.667871,19/11/2023,11742ce8-6626-4974-8b3f-796e69206a7f,Gift Card,Completed
88acd524-afc8-44fd-b48c-c2dae6f2bd15,cb926a69-98fd-49e8-bf42-457b162237d0,Home & Kitchen,2,175.6623709,351.3247419,27/09/2023,445067bf-39d3-4bfa-b72e-e004da96d7c0,Gift Card,Pending
3e7f5829-0c7f-45d4-b234-90198f54a1b5,166e1e41-f9e9-4540-aa3f-022edba9b397,Home & Kitchen,1,464.5259316,464.5259316,13/03/2023,04cc2e09-1200-4213-8e89-eb5f9d4a1cb4,Credit Card,Cancelled
62cfb404-ee3b-4520-b366-ac25d8389514,93fabc4f-5ba4-4864-a110-5ecb92a48fe3,Sports & Outdoors,4,122.5729707,490.2918829,17/03/2023,19a4601a-4076-4584-a953-a76e32c9131d,Debit Card,Refunded
6ac22c21-0aeb-42e9-90c6-d784085d62cf,1bd8c3f9-81b0-4eb0-be80-dd13a6f9b0d9,Books,1,321.5341099,321.5341099,08/05/2023,7edf3870-94e1-475a-b4c7-5570f11b3632,Gift Card,Pending
2e5042dd-0e04-4927-9971-e9ac3e2b3971,4f1c695f-bd9a-446f-82e2-8e0a88af451a,Electronics,4,203.7669568,815.0678273,05/05/2023,de2a5122-9b23-4660-acda-7ea7035a017e,Debit Card,Cancelled
73fe7e68-b780-4829-8301-4e17ff355944,30a3f1ec-eb31-4173-94bb-a6a1e7470ff7,Clothing,2,81.77092017,163.5418403,23/04/2023,bf93e15a-d7e4-4337-9151-ed2bfe6532b7,PayPal,Pending
e64c9a25-000b-45b2-8f52-6b7f3b2b1349,8d2a686d-b23a-4a4c-87ee-5f21b470c49d,Clothing,5,493.9901511,2469.950755,26/10/2023,219f7ba8-4a61-4729-9e40-db28b4b01206,Debit Card,Pending
621ad116-e5bc-4762-99dd-5c4a814687b9,07c4464b-73c9-4348-b2c5-7826e238b827,Electronics,3,223.3067209,669.9201626,11/04/2023,ba60ec54-8134-4610-bd23-d2e1d8942b23,Credit Card,Cancelled
1d57f743-ef0e-4f79-8983-34cdd6b89a66,4a2a27a4-3bc7-4158-b9e1-128432a6bbb5,Electronics,1,404.6698648,404.6698648,28/12/2023,178ff89a-875c-44e6-8acb-f5390b4971c0,Debit Card,Completed
9141b027-d0c5-47fc-8517-3d6e071cb1dd,c94b787a-9df0-48f7-8c10-5fe23369830d,Electronics,5,370.9565312,1854.782656,19/02/2023,30215086-a753-459f-92f9-0a7c3305dde5,Gift Card,Completed
982813f3-2417-4900-b10f-07c89ce304e3,9e87fcff-6167-46f2-9a5d-96a87c121709,Books,1,156.4665579,156.4665579,28/05/2023,7c92bbdb-b351-4741-bfec-25d0c0feea66,PayPal,Completed
1d3ee7a2-3aee-482c-8c89-b99fb242b1b3,502c1d0a-b4a0-4905-b912-3feea5ff60e1,Clothing,5,148.2029797,741.0148987,17/09/2023,010edd69-2711-4c40-80be-dc44d6357d60,PayPal,Cancelled
aacb69a0-a1fc-460d-9bd5-52ab3639f5a6,96061ed0-59a0-4e6f-a0d0-767b7b19aebf,Electronics,5,494.4216884,2472.108442,09/10/2023,212756ab-568f-4973-a2dd-ce90f838a1ca,Gift Card,Pending
e3587614-a61d-4fe2-9891-916e11693f65,bc5e8c60-d905-44c8-a7f0-f73c504b8630,Sports & Outdoors,5,124.9004592,624.5022961,07/01/2023,ee30b9d2-1c18-4d0d-b605-4583cd2fd35a,Gift Card,Cancelled
0355c584-4dd1-4956-a39a-01b4d8a61fe8,c20babf4-3620-40b1-b906-9716195cdd70,Sports & Outdoors,3,473.2652313,1419.795694,24/11/2023,0c0d3861-c1f0-49b3-9f32-2ec98089fca8,PayPal,Cancelled
6d8f6025-d6b0-4a4e-b187-4f29c70c77ea,08820c3e-7427-4c31-9681-96932d5ef614,Beauty & Health,5,303.9693542,1519.846771,13/03/2023,0f66aef6-247d-42fe-a053-32edc6d10aef,Debit Card,Refunded
5b86f9bc-1eec-414a-a3cf-ecc13f4cee65,97c35bd5-0a35-4ed4-b4d2-c41c0ed34347,Beauty & Health,3,113.0453778,339.1361333,21/04/2023,e9187111-9e99-4d23-8d5b-3e033d2f8e47,PayPal,Completed
d309cdf6-9a76-4108-8730-4f7078b9de7a,74d2c0f1-2bd9-446e-bb76-18d4573f29ae,Electronics,4,44.87931578,179.5172631,11/04/2023,081bab4e-aae5-41ba-9e32-e24623f3e018,Credit Card,Cancelled
594e7bd4-9bb0-49df-a6f9-b50d86e5d268,4c0d81ec-db99-4322-b3d2-4393fc25178c,Electronics,2,225.3017907,450.6035814,19/08/2023,22faa332-43c9-41d2-bcef-9b3bbd5d182d,PayPal,Completed
969ddaef-09e1-4142-be6b-5e4dd6698372,77a1353d-f36b-45b3-a785-34761637ede3,Home & Kitchen,4,454.3576426,1817.43057,01/01/2023,09f56823-273b-47d1-9a9c-ce53e6f6e5da,Gift Card,Pending
dc1c4c33-42dd-4f7c-9f8c-641d315dedbf,759d3d38-5c13-43e2-983b-f0af32e9085e,Clothing,1,207.9704609,207.9704609,13/10/2023,5d80a837-5c9e-4c2b-89ab-2a554c5a60f8,PayPal,Refunded
d830dfdf-b0b8-4837-90f7-56a11acc8e7b,e5f41619-ac66-4554-9fe9-77a9769f4c0b,Clothing,4,100.1358099,400.5432396,05/01/2023,9255a936-29c6-4f4c-9362-a47d466ab54d,PayPal,Refunded
ee50e922-d8ed-4e48-9aff-b6880fb141fb,362c97ab-ef29-4b36-b48b-7484a6cd4ade,Sports & Outdoors,1,482.4363757,482.4363757,05/02/2023,6bbea2e6-168c-419f-88d6-bd35311c1c3d,Gift Card,Completed
af83ec90-be01-4e6d-8321-17db47662b83,e50207d5-447e-44d1-a72c-be9dfbd0361c,Sports & Outdoors,2,414.97699,829.9539801,28/10/2023,567afe76-0d79-4e35-92ae-cb00e3e676bb,Gift Card,Cancelled
18a10df8-ae3a-4ac9-a400-7ce271a19410,a099c0c7-cce6-4440-9622-ca3369069a9c,Clothing,4,33.33446629,133.3378651,19/09/2023,254121e1-04e1-4a41-9bef-4bbe4a0d2d93,Gift Card,Pending
33bc6f9e-f6ac-49d7-91b4-c8612cc9ffa0,142ad091-c1ab-4e77-af71-725a3b8284ba,Beauty & Health,3,182.0416383,546.124915,10/01/2023,43f136cc-63b7-43b6-8758-fe791c496935,Gift Card,Refunded
64c382c3-669c-4553-b857-2abd81d5b1b8,6bdc868d-d6c6-4b6b-b7f8-bfeff2d296ba,Sports & Outdoors,1,288.5911119,288.5911119,03/03/2023,9deb260c-704a-470f-b516-ef0e163930df,Gift Card,Cancelled
554d2e13-c10f-4f12-bfd6-acd47b9abf08,428406ba-def0-4506-b748-bf310ac47d94,Sports & Outdoors,4,138.8146739,555.2586958,04/08/2023,c36bb43b-bd27-4770-aca8-2a3df79d841e,Debit Card,Cancelled
d5814129-c562-48e7-9ff8-773f3428ea0d,b3902afa-c54e-4bf1-b21e-24db178769ec,Books,4,119.2798186,477.1192745,03/09/2023,07750317-a05f-4037-938c-046e7e90a2a2,Debit Card,Completed
b79fa262-deb5-4984-a54f-73e02dec42d5,b7b5bbb5-eb06-4129-88a0-497a6a74f22f,Home & Kitchen,3,497.2157602,1491.647281,25/05/2023,88ead410-f3bd-4357-aab9-38c0aae644f0,Gift Card,Completed
d32d2794-a51b-4df8-9d6e-8dfda3a34f28,69240c98-28f5-4ff6-b693-9ea6cb2a9dc5,Beauty & Health,4,268.0162085,1072.064834,20/10/2023,d970e33d-f1e0-45e6-afe4-b347b9f96b70,Gift Card,Cancelled
6697c605-ce26-4488-abc2-120933708dd4,19d22fea-ad96-4ff8-b3b2-4d23b2ce5818,Beauty & Health,2,291.0339454,582.0678908,04/01/2023,b460ca63-75c2-44dd-8cb9-eef9f54e9a7c,Debit Card,Pending
f968a656-9d4b-4cb0-898e-b2d383301570,f4990820-bb8b-4276-91b7-cab5cb1d4a8f,Beauty & Health,5,18.8973357,94.48667848,12/03/2023,f05bb17f-9884-4a18-bcf8-b3202428a465,PayPal,Refunded
f338313e-ab19-45ee-a5db-20641c90c86f,04593e19-0158-46d6-98aa-2dfd40acf41f,Clothing,1,174.1476149,174.1476149,27/12/2023,d907f510-584c-4afa-8454-ca3646d2297f,PayPal,Pending
b7189690-5434-40b9-adf4-313aa2fab1b1,5c47c6fc-33ec-4b3d-ab05-c893a8c8b82e,Books,3,297.5660028,892.6980085,16/10/2023,71d63b7d-ed62-4c69-b934-b77333ff00fe,PayPal,Cancelled
b87277e8-48cb-4848-a781-5e6607da871f,df52767f-3630-4b7e-a4cd-9276ab9aeb75,Sports & Outdoors,5,19.96158855,99.80794275,09/11/2023,40fa1249-a93d-4b3e-b3e3-d02c444d75df,Credit Card,Refunded
0ca79072-9630-4d54-ad3e-15662ed771b1,bf50e7f4-d235-4c79-8dd6-914abc8d0435,Electronics,5,38.65358491,193.2679245,10/08/2023,4ddb40b9-835e-48fb-b644-3d9e421c0e06,Debit Card,Completed
9e3e7ec4-5f81-4d8e-ba1c-d1a6fee000c5,b743bfff-c914-4ab0-be9c-9bdecac81aca,Clothing,2,203.804879,407.609758,17/02/2023,8f03c37a-7139-4bdc-b8f4-ed71e1429ad3,Credit Card,Completed
4c618ea4-1f16-44ea-ac78-2fe5d2346848,a8988437-5160-438a-96da-7d3602f79f51,Books,4,203.3419159,813.3676634,02/10/2023,1c3a4108-d042-4282-b344-f9021cfb866f,Debit Card,Refunded
1cc38006-3274-4c5a-a91b-0b829b1b1fcf,4ce019cc-c3f6-4a79-a17a-553993576206,Clothing,4,390.6014822,1562.405929,25/11/2023,188721db-7189-42cb-851a-55158e326da8,Gift Card,Refunded
19c5e5f8-6936-4b74-b045-40ee29c104e0,d568c1bc-c569-4d82-9914-46274f13a8cc,Clothing,4,139.2958192,557.1832769,25/05/2023,b92f907d-edfc-47f8-b061-8c5c5e521bb3,PayPal,Completed
5ae0e2a2-10d4-487b-b17e-3679add8499c,54ec6f01-428a-43a2-b0ca-167c14c14826,Beauty & Health,1,287.3410985,287.3410985,13/06/2023,c98a319d-ea2a-409b-b7ea-8325cfb2a1e8,PayPal,Cancelled
a4dfc4bf-788e-4e28-b654-cd9dedda00f9,d030d32b-49a7-4f7e-9345-f81852176e2f,Beauty & Health,4,338.8362144,1355.344858,18/05/2023,57056459-598f-480a-a991-cebe251ba204,Debit Card,Pending
a9f51eb4-0d7f-4422-b314-db82738541ec,1ae8d6b2-ffd2-482e-8252-30759287cf06,Sports & Outdoors,4,138.2652964,553.0611854,10/12/2023,86b4132c-7855-41a6-938c-e16928375c4f,Debit Card,Cancelled
67dbb273-acff-4d21-ae82-568e00ef154f,7c42528d-9c9b-434e-9ba9-8269a6db2bfc,Electronics,3,15.77774299,47.33322896,07/02/2023,de3b3900-255c-4500-9ed4-78dcd0b0452e,Gift Card,Refunded
8a549e78-77d5-493a-852e-037a52100462,c96b68d6-c99c-4d0b-a20a-ec2888f61e6e,Books,1,284.51771,284.51771,30/07/2023,0d4350c4-5779-4824-a7be-a1be5e44dc25,Credit Card,Pending
1687e3c1-8408-40d4-8f08-c3052d747fa5,27cc8d92-3650-4b5c-93d3-4505958a38ee,Electronics,5,381.1867735,1905.933868,03/07/2023,e859034c-d2cf-419d-837a-bc9874305c55,PayPal,Completed
ed4b682c-0438-4ab9-aec5-52683fbe07ec,e3f936c5-5396-47e0-9b76-065b4ffddf3c,Beauty & Health,1,136.9499778,136.9499778,05/05/2023,fe058c9f-5a4b-4a59-aa82-c658bdf9e507,Credit Card,Pending
eef66563-f07b-4d62-9a90-f387f3e613ea,66a33857-548f-4893-a2b4-d8367fe97b86,Clothing,3,81.43145657,244.2943697,04/08/2023,1349f0ca-3d79-44d3-918c-f8aeedcbe44d,Gift Card,Pending
5462d561-e0af-4b8c-9826-1af8c123f2fd,8db605bc-e5d1-4a5e-975d-8b8c1af64f1e,Beauty & Health,5,242.317148,1211.58574,11/06/2023,299cdb6c-3ad5-4389-a9b2-71af9c129656,PayPal,Pending
b7c8441f-3551-4390-9a10-51ab96df7083,e70349e7-a99b-4dc1-b5cc-e89ea6bb9b06,Beauty & Health,2,77.3096678,154.6193356,04/01/2023,725a5dba-5015-401e-8079-53e8d76f6fda,Gift Card,Cancelled
89108a9c-32d3-461f-b843-fa167d987300,346a60e7-703e-4c8f-bc2e-45bf8df1c3f0,Sports & Outdoors,2,433.3638225,866.727645,28/08/2023,56fe45a9-74ce-4940-b932-b74ba54aa595,PayPal,Pending
0e39ea96-3598-4f98-b811-82220414cee2,26afeddb-5db4-402d-b951-aaff55f1033e,Home & Kitchen,5,13.36384366,66.81921832,03/01/2023,84e7344f-9cc8-42bf-bd6c-00f5ce8f0aee,PayPal,Cancelled
94bedd84-99ca-4b7f-ae54-68cde4f96833,e03e8534-8211-4d4d-b57e-3384182fad00,Clothing,2,120.5446673,241.0893345,29/01/2023,46a2824c-8cfe-4f2a-a03e-10b782f0b5f5,Debit Card,Cancelled
b93d3fb0-87da-4399-a525-f5e4f2a70651,fb4a9c09-9329-4579-ac6e-8ea6d13cbd8d,Home & Kitchen,1,417.7119932,417.7119932,26/12/2023,7edde1df-63fb-4039-9735-5f7939a440a0,Credit Card,Refunded
2a1d41ab-4ffd-4ae5-8199-7457205fd7ed,cb816112-11dd-4f10-8afa-e02458c2d196,Clothing,5,339.9622542,1699.811271,03/10/2023,3011b4c4-abc2-4e55-bfe1-732c98327f2a,Credit Card,Refunded
4f843108-df83-4f06-80d0-5e893d3d9edf,c55ffb00-1be3-4d9b-ab5b-7fe748ac28c2,Clothing,5,164.6537433,823.2687166,18/03/2023,e19ed7a6-d721-4b6f-8397-326a4cba73a3,Credit Card,Pending
920afcb4-12f4-48c3-bbde-977c3618569f,948a6b64-1342-4523-a208-4206454ef1d4,Clothing,3,459.0505711,1377.151713,04/10/2023,8df3013d-4734-4d14-aff1-af890314b120,Credit Card,Pending
f0754e4e-04b0-4a41-be5a-f4c0f8403341,82bfecd7-3fb6-494a-a2bc-a483cbfc813c,Sports & Outdoors,1,288.3012443,288.3012443,09/01/2023,4bf23798-28b1-45f1-9e1a-22fe4cabe86c,Credit Card,Refunded
ab0fd9df-0d46-4010-98db-6149473b1826,aeccbdde-a6e6-4202-b45c-3fdbef942145,Clothing,5,276.549304,1382.74652,25/06/2023,f096792b-b916-4015-95c4-6ad1d2fddf26,PayPal,Pending
21375bd5-a729-4512-9528-ea90ec1e9337,dad58cf1-5e30-4ea1-a6db-4d22fe9a4bdf,Clothing,1,306.4830405,306.4830405,19/01/2023,24386e0c-33eb-4df9-9c90-5bed79c0eee3,PayPal,Refunded
a2e4c038-f20a-46f1-885a-3ff2b905789c,09a808ba-7007-4632-b305-56d31026ff33,Books,3,437.9869338,1313.960802,31/07/2023,608f554a-0d76-4d02-b47b-c0db730092b2,Credit Card,Refunded
e815f4e4-50cd-4646-b66a-c6ec66e6ceb2,3d79d539-16c3-48de-86a3-71e75709d0fc,Home & Kitchen,1,471.7139195,471.7139195,02/08/2023,52abf2c6-6938-4770-96c2-9a8989bf0779,PayPal,Completed
7b540899-2ddd-49c4-98c2-6bec025648ec,4e060afc-7646-44cc-a37d-42a80c47328e,Electronics,1,37.52216242,37.52216242,15/06/2023,6da92ad1-53d1-4926-ae4a-594e8d692ac6,Debit Card,Completed
8ed12ed2-457a-4df3-a55d-0621500664d6,1b4bf384-e6fe-4adb-ac37-61a2acbe0c2b,Beauty & Health,2,364.7891938,729.5783876,13/05/2023,2708582c-5132-4029-ae80-0c329db15dee,Gift Card,Pending
d5d83c22-c6d6-457d-b098-52cbc620726a,759c5d3f-0e1e-4b9d-82da-b77a0bbef137,Books,1,400.9944772,400.9944772,05/02/2023,19d89f9c-9424-48fc-9cb1-1fc750b5c1a3,PayPal,Completed
1faf1a32-c3cd-4565-a9a2-9c4ee859e6af,39f70ac1-d584-4e28-ba88-2f7bef02222d,Books,2,50.13182174,100.2636435,26/08/2023,3efffeb1-24d6-4a53-90f0-65d008889b18,Credit Card,Refunded
f3338398-5275-4329-a871-e41190cb38b5,806ac301-1aba-4097-8438-d8225f17bf4e,Sports & Outdoors,2,231.3518925,462.7037851,30/11/2023,a5c0f69e-d19e-4a61-9f75-11e0e50b5cb3,Debit Card,Completed
bffc0fac-0e06-4116-9862-67ce70a22b09,e02408dd-7143-499a-b9cd-77356f8e892c,Clothing,4,31.69715143,126.7886057,08/04/2023,72b6bcb3-a457-4875-8015-3c7240174d65,Credit Card,Pending
4fb60735-1de4-4a47-b968-435dfba77b98,ef8a79d8-22f1-4739-84de-a89576e7e310,Books,4,120.217371,480.869484,14/07/2023,756909dd-2e62-4b59-8ba2-b6fbd43791d7,Debit Card,Completed
d55f9590-5f4c-4808-985d-ffe526712f03,f537a3fe-c825-4f43-8f4c-ddf87c9bfea8,Books,5,64.78443204,323.9221602,11/11/2023,2838269d-1787-4478-81ad-b1c1c4729752,Gift Card,Pending
3786235d-cada-4143-a68b-8308af46af95,4f80a817-b4cf-4d20-be1c-e17a606ba2f3,Beauty & Health,1,356.2732984,356.2732984,09/01/2023,885ffbee-074a-440b-8f82-a4a2dc2549dd,Debit Card,Refunded
89623221-fc30-4274-91e6-d6515360d6b6,d334e1f3-a43a-4493-924e-4fe05df3c2b7,Home & Kitchen,1,407.7239704,407.7239704,16/07/2023,ce4ca846-091d-4bc8-abbd-d735ee3caae8,Gift Card,Cancelled
b245b1cc-08ec-46a4-a62d-00e15ffb6f1d,e4cbe519-ffbb-4387-a436-83918bde33a3,Electronics,4,163.3908429,653.5633718,24/01/2023,8b55acad-55bd-4516-9d9d-b87e6692df4b,Credit Card,Pending
6ba515b9-0f78-4c29-9d5a-2bfc3713b42e,ccf87ea5-ac2a-48a1-9bfb-a5aebb5c291e,Clothing,2,426.2888104,852.5776208,11/06/2023,0b489aef-487c-469b-a8a1-19934528721e,Debit Card,Refunded
41e9c3ae-e4f1-446d-bf82-7eb0fd8353dd,b1937b48-94ee-402f-811d-b04393a84ff0,Beauty & Health,1,76.99969084,76.99969084,27/04/2023,bc797972-00be-4753-9970-6bc7f385dc32,PayPal,Refunded
6f40ae79-a164-4187-9587-8d35112112fb,b28b9386-7b43-49ef-9dbd-7960f750b904,Beauty & Health,2,220.567489,441.134978,18/07/2023,3060df80-d27d-4ec6-87c5-919d94128bda,Gift Card,Completed
26443eb6-a030-42ee-b9eb-9a295d2c6e52,b1539c88-af76-49a8-89cc-ae9a70f89818,Sports & Outdoors,4,22.82789762,91.31159049,27/06/2023,174f40d4-cc99-4c13-b694-731563ed2b94,Credit Card,Cancelled
0a1e4ca0-36a8-4f8f-b20f-8cb80648dcb9,056ad162-c644-4541-a8d4-172a9b9c7163,Beauty & Health,4,226.7275386,906.9101545,02/06/2023,da9d62a9-3e31-42f0-8d33-509b4330f3c0,PayPal,Pending
ed6cccb9-3b9b-40de-a338-07fe797bd854,0997a703-015c-4097-a42c-1dfba7a0c184,Home & Kitchen,3,368.8658938,1106.597681,25/05/2023,67ef882c-379a-459d-bcf6-2662fe0efb48,Debit Card,Completed
06666de5-a1b3-4fc0-ac64-18756101c8cd,1dbc4357-9325-4896-a6e5-f31299128831,Home & Kitchen,4,93.82669936,375.3067974,25/04/2023,7fec50ee-eb45-465d-8bdb-58b92794c526,Debit Card,Refunded
00ea4894-3bc6-43db-aa95-ef84743357e3,e7d9cecd-6e87-4eea-86ea-f9202d3af761,Books,1,206.714228,206.714228,02/08/2023,4db84dbe-a3b9-485e-b3e8-ea1826d71e3b,Gift Card,Completed
43291712-8600-4eea-9612-eda1c639edc8,0c533cc6-a7b8-4fbb-b0c3-320116d4d6c3,Sports & Outdoors,4,196.0623881,784.2495525,25/03/2023,0201a59a-a939-4905-bbc1-5724c870c456,Gift Card,Pending
91bee4b7-1918-4cf0-a956-50719812014e,5bef562e-c7c2-40a0-a2b0-6cc6d4172e8d,Sports & Outdoors,1,160.5070457,160.5070457,08/04/2023,821ac1f3-dc5c-4984-8958-dba5731c4d37,Debit Card,Refunded
41bd9ada-394f-4a01-812e-54bbdf5ce82b,26daf34f-6799-42bd-806c-034b498f76c3,Beauty & Health,4,350.3867706,1401.547082,02/07/2023,1e73cc40-e3d0-4aa3-9558-02ffd8a2554c,PayPal,Cancelled
d46153ef-1905-4160-9acc-f1f8e081660f,690b8fdd-b91f-41f5-8300-48c99ba59a52,Electronics,3,155.1137658,465.3412973,19/08/2023,8fd2c77d-1347-457e-8bf2-d7ae282f9bff,Credit Card,Refunded
22c9397e-714f-4e65-a1dd-cd5092471336,90f132c4-6c4f-4cf7-a41d-fd5d46ce1d36,Sports & Outdoors,5,302.6155972,1513.077986,13/09/2023,4058a94a-5f3c-4eec-83ab-6134341fd76c,Credit Card,Refunded
1a97b063-22f5-4c5d-a0bd-4305715c6a8b,7410c302-46ea-4c32-84b8-be54830f182e,Electronics,1,495.460497,495.460497,21/08/2023,625fe1e4-0c1e-4fe2-b572-c58d3ef41de9,Debit Card,Completed
3a71f577-1f86-4b1d-90fa-696ca06d7248,1f847972-3318-42ec-9ff4-a10218c0db4d,Books,1,276.8156954,276.8156954,07/04/2023,1189954a-d0ea-4dd3-b84e-3bc446d98c62,Gift Card,Cancelled
cbf9db4c-e382-4442-8c58-a5331171e27e,828c0225-7f6f-41bf-821f-41bea6a954b4,Electronics,5,286.3061334,1431.530667,03/12/2023,f2f85291-d8ea-433d-b1e8-bfe34f79479b,PayPal,Refunded
f214e5d3-8936-4a66-9f37-4126c94c430d,2aecc087-d2f2-4c03-a81b-e57c16441265,Clothing,4,221.6409955,886.5639819,27/09/2023,727f2235-5493-4e5e-b5a7-ff797fe36bda,Gift Card,Refunded
7533aa67-c979-4975-88c4-f3a34d4dc5d0,00216a34-c2ec-48b6-bded-0bedbda7de20,Electronics,5,273.9408226,1369.704113,27/06/2023,36ba034c-0864-43f8-9164-ef8b81633622,Gift Card,Pending
7c624681-3c20-4698-a474-4c17c570bb89,e4f70548-9836-49d5-b7be-86a3bfe4add4,Beauty & Health,1,29.14195798,29.14195798,13/07/2023,309fbc38-e1b2-41c6-b518-0abcc11bb334,Debit Card,Refunded
d26bd058-f536-49d9-9251-0cc4df262ff0,a0500342-efd8-47f0-abc7-f8dadf55b822,Home & Kitchen,4,401.3029401,1605.211761,15/10/2023,a385185b-5068-4018-b8f7-fbf17f9b5ef2,PayPal,Completed
b749d31d-969b-45ff-acf9-43e3d207d09c,b87d9ea4-5d7d-4f69-82fa-d6e19fad59cb,Beauty & Health,4,261.3940005,1045.576002,08/06/2023,dfe8ee8f-8140-4fb9-a5c3-c178f46b7325,Debit Card,Refunded
ae5fc61d-0705-4b05-9366-8bf96bfb4580,dfd1228b-c058-427f-a976-620fa6ab82dc,Electronics,2,272.2638079,544.5276158,25/01/2023,5a416d7a-a812-409c-9029-4d4a56dc62d7,Debit Card,Refunded
82cae078-be22-4c2d-8c25-fa2d20e60e34,75e55617-79cd-4d21-b883-2661d6587bfe,Books,5,174.4505138,872.252569,10/05/2023,8da61af8-6ea9-486a-b8f7-87aa8c63d715,PayPal,Completed
71aeb44f-ce37-4a9c-a9a4-16a2c99b7a4c,a682173f-8feb-4acd-b516-526aec8681a2,Beauty & Health,1,160.8205613,160.8205613,20/02/2023,b9edee0d-a891-42e0-854c-031b1e52342b,Debit Card,Refunded
59de91dd-359f-41b5-b775-33c7aae5642a,458d540d-4741-4ec6-8d54-48f167ee04fa,Home & Kitchen,2,332.251882,664.503764,19/10/2023,7c0ceb4f-218d-4199-82b3-6e898aa86c56,PayPal,Cancelled
e4be61fb-a381-45ea-b44f-3fed0638da4e,89d9e280-8481-4b8c-bdf0-b6a8e2a7e3c1,Beauty & Health,2,299.7231871,599.4463742,11/11/2023,0989ee8d-2883-493a-9e92-458d1a1436b6,Gift Card,Pending
2f4c8d8b-d0e1-4330-9ad1-c369a5221b71,4e4a530a-256d-435f-a86e-dd88f1eca06c,Sports & Outdoors,4,490.9147364,1963.658945,08/07/2023,a23d18d3-f1b7-49f8-851e-ed71a6a26d25,Gift Card,Refunded
6d5da430-a4bc-428b-8b9e-859e9c38105a,6695e3c6-1924-4eb3-8eb7-71a4b28c3c36,Clothing,2,67.84130049,135.682601,30/06/2023,4c770684-dc30-4f1a-8f54-f300547dfca3,Credit Card,Cancelled
224d3706-ba69-43f4-b434-84904d88d658,a6be2056-4e38-47c1-b1d6-ef36bed8b523,Electronics,1,20.14949758,20.14949758,19/05/2023,0a5c2791-a439-44a4-8cbd-5e38f90133c8,Gift Card,Cancelled
967e9079-1323-4e11-a6e4-807ead697160,41c424b6-ce58-42d1-a499-0f7432d41fbf,Clothing,3,316.7439582,950.2318745,11/09/2023,324fb9c6-0c46-400f-8443-a5be443233e6,Credit Card,Refunded
d58ac731-95d4-4647-b21b-e2119130d1dd,eef347ae-ade0-40df-aef5-17af6a7f5d4a,Home & Kitchen,3,349.6307418,1048.892225,24/06/2023,4532ef2d-8cf3-45c7-889d-054706a84fe6,Gift Card,Completed
a52b908a-59db-4666-abb6-e254e67c6c5d,0a5fe218-8d10-47e1-b5e2-9171fd4ce0a4,Clothing,1,40.91691741,40.91691741,19/04/2023,5bb9c14e-610f-44a4-a953-9d7428026382,Credit Card,Pending
91c328fc-be64-4c60-bce9-e32d45ab481f,5583e559-f2e6-425b-bd12-6ed5ca9d770a,Home & Kitchen,5,382.2871219,1911.435609,29/08/2023,371b11a1-1a0b-48c5-a430-584a78cf56b8,Credit Card,Pending
c260e7b6-a0f3-4a08-9f26-b338d8a5206a,858c0ced-2ab7-440e-ad0a-7c52694df161,Beauty & Health,2,82.6019146,165.2038292,25/02/2023,c664ae3a-5e93-4aec-a925-ddfbc80679f5,PayPal,Cancelled
6f4ab6b1-3e1b-4f00-8588-28339a0782ba,629d7de4-1653-42b0-b7f3-3ba03b3eb92e,Home & Kitchen,3,436.1972825,1308.591847,16/01/2023,644e2181-5a32-4a4a-968e-5b7ea2c203ae,Debit Card,Refunded
91ad9755-d071-4998-831b-7b52c51253aa,4b606748-45ed-48ad-8520-40871034e735,Clothing,5,456.2929082,2281.464541,26/03/2023,74ec6c19-e41e-46cd-9298-48b9b26a21f0,Debit Card,Pending
87860cc0-084d-48d1-af1a-741b9a16f73c,6c527404-2457-4c5c-9ac6-242fd30f9a0a,Home & Kitchen,3,358.6190731,1075.857219,08/09/2023,da5f40b6-9b5d-46ce-8cb4-e52bf1ed9915,Gift Card,Pending
1814a178-d750-40c3-9f23-dfb8e9dca902,517b26a0-2da0-456b-a083-a6e529a19942,Books,2,288.6642387,577.3284773,13/12/2023,dd18a22e-bc0d-4c1b-9110-3b8f594f8330,Credit Card,Completed
8b037e02-98cb-4a75-a8ac-54d3b88b251f,a1b8c0ba-9b19-41b2-aad3-3b6482077de0,Electronics,1,301.52367,301.52367,25/06/2023,c6b06b9f-4bc1-414b-bb6d-7a9868120ca5,Debit Card,Pending
92dfbec3-7e21-4547-a640-8830f5f0f71a,3e1acf49-e197-49b6-b5b0-3c835fb1b573,Books,5,161.2956189,806.4780945,23/11/2023,fa686aa1-922d-430a-bc8b-ef6de2654f33,Debit Card,Pending
3a5a0aff-ead0-4d47-ae66-5527afac8cf0,bfc68f9a-b491-49e1-bbda-aba8e97936a2,Home & Kitchen,4,375.0680541,1500.272216,20/02/2023,d6d4fe8d-26ad-4877-9e46-7b5f1761ba0d,Gift Card,Pending
060147ae-9bf6-4958-8507-9a34aa746d1e,9477e597-fd71-45cc-8fe6-640c1de5528a,Books,1,204.4277799,204.4277799,05/02/2023,e0655d98-c61e-4c0b-8c90-9fc4b07fb9e6,Gift Card,Pending
1558ed57-c985-4576-a809-4c052b4dc423,5be0b886-374d-492e-b58a-21aef06112e9,Home & Kitchen,2,159.9152004,319.8304008,05/07/2023,d902f4eb-3f97-4bad-a436-2ff256e795f1,PayPal,Cancelled
fe2afa2e-ce3d-458f-9244-0a27b19df902,7a2c0e79-2757-4897-b737-671f4fa07aaa,Clothing,1,379.8214097,379.8214097,22/09/2023,a20a115e-a42d-4c7b-b137-db446616165c,PayPal,Cancelled
d31a6f51-ea50-4da5-b322-d689067f59f2,c4a1d44f-159f-4acf-9349-4b9a5198d91e,Home & Kitchen,5,456.7437078,2283.718539,04/03/2023,28acb791-4098-4087-b79e-3387a9cb31ad,Debit Card,Cancelled
7d328297-cde5-4ac2-80fe-59ed305dfac5,b6938791-e39b-4d33-8b0b-aad30cd63c79,Electronics,3,167.4967198,502.4901595,30/06/2023,76668c54-3601-4ee2-a324-86969cb17d44,Credit Card,Cancelled
1d8a4f50-a7f7-4273-a462-3637b542cf42,f673f7d9-7d25-4d09-9465-ef86d802b12a,Clothing,1,240.3758255,240.3758255,17/08/2023,7348d259-bbc9-4ee4-8f2c-16244501526e,Gift Card,Pending
5c397a8f-63b5-4c5d-85d4-d704795435c2,7b5920fa-c2a7-44cd-ae73-d95161f40226,Sports & Outdoors,1,210.996627,210.996627,03/09/2023,cbab2b16-ce1e-484b-8337-800efb0ff854,Credit Card,Refunded
d9c76175-0587-406d-83db-c102c213e473,4d7da65b-d706-47d6-b7b7-f7c69ec2b37e,Home & Kitchen,5,148.2027773,741.0138863,18/03/2023,61a56b93-05a2-43fd-bb01-b152045ae0a4,Credit Card,Cancelled
98c8a4d3-d3f6-4cf0-a2ab-fa6b7d840c23,2c9dcf01-40eb-495a-ac7b-8c70227bb3fb,Home & Kitchen,5,347.0288091,1735.144045,27/05/2023,7e2ae7b6-b883-40fd-924d-098d67bc3dae,Gift Card,Completed
16f2b527-7e0e-423f-a34a-3f373762493c,8af2af04-d5b0-42fc-810d-f221249c291e,Home & Kitchen,3,13.40941364,40.22824092,06/11/2023,7dace2af-1698-4aac-a655-0d3c75cb183f,Gift Card,Completed
ce68fed4-cf41-41fb-98d0-d70b922ae9e1,04573329-db9b-4543-9991-86f2b4961cfa,Books,5,352.759974,1763.79987,20/06/2023,b3fe9ec9-6f97-4cbe-9a4e-69e16fc0d97a,Debit Card,Cancelled
e05455ca-2323-4907-8828-8a052bee6596,1a8f29fd-5386-4b62-9972-61ea84c40ec0,Sports & Outdoors,5,42.25298202,211.2649101,07/08/2023,92e6eed5-6d68-40ee-ada4-25634e191129,Debit Card,Pending
702b0faf-b5bb-4ce7-8fca-9cd540dd4dce,5c54d8a2-cbcd-4526-973e-a0283254d3cb,Sports & Outdoors,3,89.13251129,267.3975339,13/10/2023,1feee28c-8ffc-4c12-bae8-e4c20e480742,Gift Card,Completed
65808c30-3592-4987-9923-ffeadbe0410f,6eb47428-8319-468d-9389-fb6b12b5cba5,Clothing,5,220.7353761,1103.676881,02/09/2023,cf8eba96-1dd8-4b98-a481-9acf59c47611,Debit Card,Pending
058d3170-29fd-450d-9f1f-70f4651b9872,f24a798b-7566-4f27-b249-25a1172a4960,Beauty & Health,5,44.02692247,220.1346123,09/12/2023,320d4cea-b239-49ec-8616-6b469dd8f228,Debit Card,Refunded
3fd10355-0dd0-4ada-aa92-32a81047ddf5,45e6b49c-6ce5-4892-918e-1c0873213c0b,Clothing,5,41.90172403,209.5086201,10/05/2023,7d5922a7-240f-47ec-a59d-c4883f7ccc3f,Debit Card,Pending
397beb40-0ef5-4c0e-bb3f-d4dd4ea1eb81,ddc55375-0692-4243-8097-c731f16ec6ba,Books,5,466.6341818,2333.170909,29/10/2023,026923fa-e015-4a54-82ca-4bf4a45ee972,Debit Card,Cancelled
d28ffc46-9473-4456-a9fe-e72f98ec1a64,476ac598-a2d8-4665-a352-3ae81d90eb1e,Clothing,1,47.90936906,47.90936906,21/05/2023,61d9d693-9f06-4479-8213-2d0ac332a92d,Debit Card,Cancelled
6507426a-d05b-48e1-86d9-c0505c9b3e01,66fb4c2c-e146-4f67-919d-078e1cf60fe7,Clothing,3,164.6119687,493.8359061,15/09/2023,aa8447c8-3f26-4f99-8bca-ca3f71fa3341,Debit Card,Cancelled
83659458-a43e-4d84-822b-8d53f7adf3cc,ada0007d-093f-4ce5-9c27-eeba90862dc5,Books,5,197.0567417,985.2837085,11/08/2023,468c9c76-8e01-400c-8b45-db7112c8b4f1,PayPal,Completed
6dd0d841-2b94-43c1-9656-0a597c397d1b,38d20fcd-153d-4b52-86a7-dcb5d18a0a1b,Home & Kitchen,5,171.761003,858.8050151,13/10/2023,99ab34b8-943d-4f17-87c7-5e30bfcc0135,PayPal,Completed
dc50114f-b26c-446c-a5d9-bc962de0e6ff,7cde785c-39d7-4fbb-beed-e7947092c617,Sports & Outdoors,4,37.28300176,149.132007,24/03/2023,627cc625-a923-4633-95a8-7cf1822c515f,Debit Card,Pending
f99bf4ca-17c8-4597-a74d-707b5a24d7ad,3ad675d9-47e9-4b92-b7ee-990a42cb7bbe,Home & Kitchen,3,188.230789,564.6923669,27/12/2023,ea00cb08-4c42-49e7-9f6d-c324ce0cce83,Gift Card,Cancelled
2d12330a-4967-4664-8000-a0691b71cc5d,195c89ca-75d7-403c-b82d-e12c83716660,Books,5,43.32678742,216.6339371,15/12/2023,dfc1db8c-a465-417a-afdd-8cc4d7839399,Debit Card,Refunded
f4b1ea79-f987-49f9-b195-5d9bd5f12a0f,bde9a537-6597-48ea-865d-f05a40c02cdb,Home & Kitchen,2,359.1158372,718.2316744,22/10/2023,d9bb5159-d81e-4dbc-9dd2-f5190e034647,Debit Card,Pending
b92cf2a7-f153-44e0-afd1-cc3aa077bc45,cde39b4c-8272-4070-adfe-f5c7db534fef,Electronics,5,425.0270314,2125.135157,05/01/2023,fe4cc5bc-a44f-407b-84c9-3e4a0e6a193b,Gift Card,Cancelled
c95e88df-bde2-456c-b98c-c9be11c6bfd7,abe75029-e9d5-4afb-ae2a-bfaf36a3ce16,Sports & Outdoors,3,402.8584766,1208.57543,09/12/2023,45e8ba5e-6a05-42e5-9706-2417d0665b4e,Debit Card,Pending
866cec04-232a-4649-82af-cc736bc87386,6e0a581b-7ad4-428d-bd45-efae9617d49f,Books,5,221.5384408,1107.692204,02/06/2023,7e0365ac-3678-473e-9eab-1d03772ad5dc,Credit Card,Pending
36707008-bf04-4946-8067-a5b9786c3db7,942962b3-ac62-4bf7-934a-2b4df4865088,Clothing,5,425.3435284,2126.717642,13/01/2023,3b9593a4-fb03-4cf5-8b35-203ec436f984,Debit Card,Pending
f95d67de-44e7-44fb-b85f-44f4362d73f8,a5a176db-5a2c-4284-ae16-f3cc797a4727,Beauty & Health,3,292.84084,878.5225199,20/07/2023,43eb5fcb-5fdb-4d46-ad94-d06ba729c48c,Debit Card,Pending
0729b400-1fa1-48d6-b8ba-7de2da063ea6,c549d677-f9e8-410f-ad31-5b4cea71a4ff,Sports & Outdoors,3,176.8108085,530.4324254,03/04/2023,89ec7d85-a7c7-4209-bdb3-8310a55e94bb,Debit Card,Completed
d9078b46-fbd4-43f7-8bd5-0a59af810de9,0825594f-b6b9-43cd-b114-5a0b7baefde3,Electronics,3,45.82046936,137.4614081,06/11/2023,c2cab57a-a3aa-492e-b36e-348268bb2452,Debit Card,Completed
5898845c-73fa-4aa2-b213-bc056632cfbe,af2dfd52-be09-4778-ba2d-31b4cde4fc59,Books,4,347.7325667,1390.930267,30/11/2023,e1f19b0e-ac5b-425f-8b57-0f7729108842,Gift Card,Cancelled
30147f9b-1f28-473c-8c6d-74fb53a91302,50401a08-63e3-41d6-9c63-cd064192a537,Beauty & Health,1,490.6626893,490.6626893,20/07/2023,5ac7b689-76ef-4013-9dfa-d6b5fca2f4e0,Gift Card,Pending
613fb044-b53a-49b4-885d-4b713dbde48f,65275bff-f4d7-4716-a678-e627d8ce600f,Sports & Outdoors,5,289.1676628,1445.838314,15/06/2023,0dad58cb-1445-4012-ab54-e9584ba43b6b,Gift Card,Pending
c894734d-7144-421a-8ecc-e6e9dbcb4f6d,6f2dc1d0-875a-4ee5-804d-e9ff8a814c2f,Home & Kitchen,4,334.7574454,1339.029781,02/10/2023,72f23d03-285e-4251-99bd-f4433610c090,Debit Card,Refunded
ebeeb67c-aa77-4b12-8b76-90db3f2c5664,bff3578d-9dc3-4ec9-b8ab-54af4c22c597,Home & Kitchen,3,97.28752472,291.8625742,02/11/2023,7b09d7f0-9fd1-43ef-bebb-711b644dc880,Credit Card,Refunded
cce88562-d01a-4d48-b79c-a7dd0233b38d,231a04ff-5472-44c2-abfb-a1ca4ce1da91,Sports & Outdoors,5,335.6536805,1678.268403,05/10/2023,9bbca662-b997-4e22-ae40-044a0b2d6cd4,Gift Card,Completed
9ae52257-792f-49f0-944b-254b5bc7719d,396ef28f-0e88-4d46-92d3-cae37b6b8b64,Clothing,1,40.36527713,40.36527713,11/04/2023,e9817668-fe84-49b1-87d1-2ebae365591a,Debit Card,Pending
8de1550b-d6d9-4c09-86c3-d7a34ddcc87c,7776d5df-aeb4-47a1-87e7-294a1da4e314,Clothing,4,30.76222052,123.0488821,05/08/2023,3b0a42d8-dd53-43cc-a44b-d55fd9d68aff,Credit Card,Cancelled
652f5f34-f4be-4807-83fc-fc6d1ae0a67b,c95abf3e-a1c2-41f1-a68a-410f20ed57bd,Electronics,5,200.7435249,1003.717624,19/03/2023,bea8d006-48e6-4369-ad52-ee695058a65a,Gift Card,Completed
f0d674da-fb2d-4cc7-92f9-8c8b09087c28,edd4251a-c079-41fb-a86a-346174da034e,Clothing,4,314.1339056,1256.535623,01/03/2023,512f84ab-d93b-40b6-a578-095dd8233147,PayPal,Completed
818054e7-8a15-462b-8db1-7e10e2da258a,2a68f8a2-783d-455c-ad76-0d06c2f97494,Beauty & Health,1,355.6678106,355.6678106,10/03/2023,ceabfd23-6e82-4145-a486-d3b8354becb8,PayPal,Pending
c1bfe712-c67c-44c5-a816-f568361962fa,a59ec825-f613-46dc-bc91-a413fa60abdd,Sports & Outdoors,3,280.6604717,841.9814151,24/10/2023,bdead58a-8de5-43bd-9cc8-026a5f93b4aa,PayPal,Refunded
c18bf040-83fa-4b4c-9b08-f725bfc6ae07,42c652ea-b45e-4264-a544-8b6523e791c9,Books,2,284.3829277,568.7658553,26/04/2023,2aa69a9b-f93c-4371-8303-92452f806e88,Debit Card,Cancelled
98bce621-f19e-4dd7-96b1-2b329a56b1a0,3fc030a8-137e-4927-a2e2-47ed16c9caf0,Beauty & Health,5,66.77244876,333.8622438,03/09/2023,f03f88c5-07ae-474f-9ccf-d0b44369e66b,PayPal,Cancelled
e231f40a-22d7-4135-8cae-5f23a88d3e31,96d5b396-3396-41b4-82c2-88aa70aca5f3,Books,5,306.0812715,1530.406357,06/11/2023,53f313cc-d1b2-4b18-b9ad-abae2da82a0c,Credit Card,Cancelled
b01c53c3-9f21-448c-85cf-af5c29c22837,763e8b78-899e-4656-96c9-07b9fad43de5,Books,4,134.9102539,539.6410156,15/03/2023,bff66574-9d3a-495f-a499-375fd8164675,Credit Card,Refunded
0cc2db5c-6bf5-48c3-812a-82c35ee7582b,b47e7228-cce9-4876-99b6-65a3d943ed72,Home & Kitchen,3,21.36087972,64.08263915,31/10/2023,a4dcc9ce-864f-4c16-b7e1-3ac4ede94a18,PayPal,Completed
13f84c6d-c94a-4979-acb8-bebaedca4bc2,c1ff8e83-149a-4369-8259-d159b2eca853,Electronics,4,301.7124678,1206.849871,13/06/2023,1a0a5c38-79fa-4059-8dcc-b0df034d1e4e,Debit Card,Completed
4b33254b-4ccf-4e0e-a210-f468f2e51cc5,21e9e553-9cf9-4ddf-b9be-5425d2a523d0,Sports & Outdoors,5,69.51202798,347.5601399,05/05/2023,e70f0df5-baba-4dbb-9d94-d5218c550fe2,PayPal,Completed
0df0a26b-dc2d-4f05-8451-1d38a2505783,87a72945-e636-47e1-ba68-3d4220b2c575,Clothing,1,498.6713049,498.6713049,10/03/2023,897493fd-6fad-4105-bb8f-ff0d0b08edce,Debit Card,Refunded
0a8b9481-a445-4018-b470-3378a451de0e,368e859e-8eb3-4d71-aaf2-ef9350ba45c3,Sports & Outdoors,3,36.10379245,108.3113773,20/10/2023,8c82c6f1-2952-4da5-be6b-d5f40ea88411,Debit Card,Refunded
65d0c470-de2e-4e89-9622-9a70f08f22cf,82e80c55-9cb8-4f27-8bdb-32a28006e0de,Electronics,3,357.5552403,1072.665721,01/06/2023,42b32f88-e2f4-4a88-9716-92e207aad4d8,Debit Card,Cancelled
a29cf740-6d97-4496-876a-3491530e160b,402a5bfb-75d0-46df-89be-b034b3307cc9,Books,2,199.3971083,398.7942167,31/07/2023,4d070ad1-d540-4d01-9344-ba2f63119c65,PayPal,Pending
644f2079-9b0b-4707-bd53-a9032b45ddb7,5e471e2d-1155-421e-baa6-e8c4171db8e6,Books,3,234.870305,704.6109149,01/12/2023,c9514ebc-d201-4fef-ab9d-96ec3761a914,Gift Card,Cancelled
fd09b84d-7028-4536-81be-493cf79a3afc,e7f0379e-b5ec-4918-8f0a-bdb605c0520c,Sports & Outdoors,2,82.98507626,165.9701525,16/03/2023,350dcaef-f499-4144-96ef-54cd78a5531c,Debit Card,Pending
7482838b-fd61-4666-b398-b253403e9348,72bc957b-7563-40a7-b91a-7182e1be1eb7,Beauty & Health,5,228.9270513,1144.635256,12/07/2023,df11bcc4-c277-4b10-99aa-e0b8722640f0,Debit Card,Pending
8e972b7c-b258-492c-9a98-0c082105a12a,a5847360-94d1-4b20-8c66-24271bd81b2a,Clothing,2,233.1013471,466.2026941,15/05/2023,31345b35-e660-447c-9fff-df815a18126a,PayPal,Completed
20552c74-54ca-4c86-9ed4-b31b9e945ecd,acb9853b-285a-49b5-bf0b-77c10ab387d4,Books,5,137.4117091,687.0585455,14/08/2023,5882316b-1289-4b3a-8682-4cfa6b8c5c97,Gift Card,Cancelled
6ccb74f1-0e25-471f-ade2-e97ba93c635a,127af4f8-aeeb-4e46-95a6-483cbd217e4d,Sports & Outdoors,3,287.3488515,862.0465545,10/02/2023,e3c23ebe-481a-46b1-b15a-fdc93711f6c8,Gift Card,Pending
6434b432-79aa-4329-8285-9fd1c022ca8f,f43f2f03-3118-41eb-8a7e-7b4d7280eb4a,Books,1,485.8720779,485.8720779,20/08/2023,83ee51f2-947e-4474-a92b-72e32913a780,Gift Card,Refunded
d4ceed59-4cf8-4364-aa9c-26286513db76,f933dcc7-07af-41fe-b34f-2f191c9b8c93,Home & Kitchen,5,36.82899721,184.1449861,08/09/2023,35251700-c367-4bfb-ba55-ac753b3150ad,Gift Card,Completed
85abf3e2-c2de-43ba-bdb2-9df9bb67b2f9,59e5fb86-94d1-4009-83f8-4dc57b10eaab,Sports & Outdoors,3,49.74691999,149.24076,04/09/2023,43067548-e86e-461f-9a28-7627c4045948,Gift Card,Cancelled
a694dcc8-d608-451e-92eb-9d8e7e38fa0a,4c79d3c7-61b5-4d2e-a10a-36597abc42c9,Clothing,3,374.7573022,1124.271907,05/06/2023,899f8507-dc2d-4cba-bf63-1fcaed8d8dd8,Gift Card,Refunded
b25be783-7cdd-4d19-bce6-740825fde126,fccde32c-f723-4820-89dd-518ad983c4b7,Clothing,3,141.3667809,424.1003428,19/05/2023,7deab0a7-da83-486a-b7a2-0022b8ac03d9,Credit Card,Pending
75a310ed-4319-4682-a381-e89d091bae79,07109bd2-ee9f-4b9c-915f-a990c62c3e90,Books,1,137.8236938,137.8236938,27/08/2023,94d02a1d-806f-47af-a646-a5b1d1f7faec,Credit Card,Refunded
30bb57ad-5408-437e-bdd1-4554c677435b,0b5f6a45-cb9b-432a-a24c-bf831ea37093,Sports & Outdoors,4,425.6298497,1702.519399,09/12/2023,12b8a04a-7f5e-4d96-bd34-21369ce3627a,Credit Card,Cancelled
1cc1e6e8-182f-4cde-bc4e-f721f74eac87,18cb41dd-1c9b-4f91-b12a-f2369fa758ac,Books,5,38.92107228,194.6053614,29/08/2023,135bda0c-55a9-4329-be73-199a677afe51,Debit Card,Cancelled
b28c842e-1478-4ae2-8f81-23b11651dbd0,6ad1f7ba-743b-4fcf-9ccb-6e7a0d05985c,Electronics,3,355.5388183,1066.616455,23/09/2023,e5cebb37-8af0-48b8-af2a-404ae8663f1a,Credit Card,Completed
5fa03f15-cab1-46ee-a9d7-51c0bf748a82,73bd5cf5-0236-4668-93c7-19cfe086fa4d,Home & Kitchen,4,20.24235849,80.96943394,11/03/2023,0be43b30-af34-4499-ad82-fda6a0f1acf4,Gift Card,Completed
264a258d-baae-47c1-bca2-c4a4157c64de,97b4cab7-8b41-4a27-81ee-39739ca08757,Sports & Outdoors,2,231.8959976,463.7919953,02/12/2023,a80975ed-ed5c-4865-bbcc-e48d315c87a0,Debit Card,Refunded
e855d9b6-f315-4d1b-8f60-9201e82d1e5c,20a82eb2-c9ba-4774-8701-fb876da07dfb,Beauty & Health,4,441.0195664,1764.078266,11/11/2023,38ad3be0-2a05-4d05-957b-6b2e00474096,Gift Card,Pending
1c9f16fb-1fe8-4ff0-a8f6-f475b39eab5c,bfbd33ed-5a8d-4627-9fda-e53ae9348088,Clothing,2,474.068675,948.13735,16/12/2023,7166e2ad-93e0-4bfc-971f-ef6b457132e6,Gift Card,Pending
dce37e9f-1c01-423c-80fe-2888a740ae1a,96ca6ab7-a6b7-44a7-b2b3-b7d39242718c,Books,1,273.1733996,273.1733996,04/09/2023,6b30f8d6-e9ce-4b16-bbc7-c525c4e9a7c7,Debit Card,Cancelled
915df975-13d4-4b14-9a16-c8e75e19dbe8,284f7d13-8a59-4e7a-8a02-cd4e6f772bfa,Sports & Outdoors,1,65.14797112,65.14797112,26/10/2023,6b07bfb6-ded2-4b26-844e-7cc95875e032,PayPal,Cancelled
45b43100-8c60-4610-9391-e75f33a8a269,5dd6b82f-4ce4-4bc2-ad51-0facb4ba2e05,Beauty & Health,3,84.18619293,252.5585788,16/10/2023,930586cf-b79e-4df5-a529-c69378e2a09c,PayPal,Pending
e2202040-dd02-48ef-a5e9-40d39239b447,1e87065d-9eda-44ad-8869-1d785f889ec9,Clothing,1,180.4480383,180.4480383,22/02/2023,0033987e-bfee-491d-8fed-2aabe99521a7,PayPal,Cancelled
0ab0dec2-37ff-4193-9fb4-6653800f9a03,5befc7ad-137b-46ea-8ad9-68d27630fb94,Books,1,384.0291345,384.0291345,18/12/2023,ffcf1f5c-c355-4b0c-9d37-d8ae4863ff60,PayPal,Completed
cadedfbf-9aa2-4a64-aed5-3deb65330923,67ec5635-04cb-44d8-8eaf-8c4b6dce7ed0,Electronics,4,27.91168679,111.6467472,27/06/2023,502d965a-bac7-49a0-aeab-8f045a3a874c,Debit Card,Pending
dde66b4e-3cbc-4c93-a171-bf9cc32e2d6b,30051088-591f-4bd7-8a6f-83c82b342110,Sports & Outdoors,2,174.5527924,349.1055849,13/02/2023,2a4b4b59-f416-42ec-83cd-f88b13d5d9e5,Credit Card,Pending
363f038f-9d5a-43b8-8f53-41ef8049b92c,25492559-b60a-4959-8267-66027fe67057,Beauty & Health,1,403.2453966,403.2453966,10/09/2023,14bfb4dc-0dc1-47a8-978b-5ad18b735172,PayPal,Completed
e9c5eca6-09f0-4fd8-9bfe-caa4bed1208e,cbafa81d-1360-43f5-b5b5-c7e38f78f6e5,Electronics,5,291.7582028,1458.791014,17/03/2023,de77b414-c008-42bd-a48c-899294c173ea,Credit Card,Refunded
3dd36296-64e4-4317-8590-1ff988adcb00,a7c0c83c-0caf-4a98-a78b-d35001d11cc8,Home & Kitchen,3,462.47046,1387.41138,10/11/2023,8010afc4-036a-455e-81d6-2f6f69dddf40,Credit Card,Pending
1943db17-977b-4b76-b002-55497f67bce8,284d6762-a94f-4940-b471-c80957949c47,Clothing,4,296.7729229,1187.091691,25/09/2023,a760ab5a-83e1-4755-8e83-64c7446c3fc9,Gift Card,Pending
388efa18-3b53-4a57-b07f-f2e9f89715a8,0724dabc-b93e-4755-a78d-5ccf1199492e,Home & Kitchen,1,426.8461365,426.8461365,12/03/2023,b8abd11c-1b88-409e-b405-612885f45831,PayPal,Cancelled
0cce875f-8bde-4db1-abde-d73f91a4937a,414b2151-86b6-40ad-85a5-e83d69668ed5,Sports & Outdoors,3,259.94893,779.8467899,23/06/2023,6054704e-324c-4da7-8224-e8892210f330,Gift Card,Refunded
e803268b-0293-49c8-9778-bda761cb2324,71d20d38-f833-402e-905f-2ab0f690bb67,Sports & Outdoors,5,238.3841142,1191.920571,15/06/2023,d0235a12-7958-48da-8f5d-7037069cdfb7,Gift Card,Completed
aec9de20-85b8-4e60-8d05-60f3054ca4c8,538b68a1-cc31-4b33-9e7c-adc27bb22eef,Clothing,5,330.7530443,1653.765222,30/10/2023,2e4ac244-95a3-4a7c-887c-26d6a5571d86,Gift Card,Pending
b4ec43c3-5067-4681-a4d8-951a0be8c59b,7c28090d-e4a6-436f-95e2-8ef23995abc1,Sports & Outdoors,5,203.9171721,1019.585861,16/06/2023,e091665a-543b-4dc1-9889-eddce64b7970,PayPal,Refunded
80c82712-e141-4fb8-a0ed-0e4c23134724,4f01ad5f-e313-49bd-890e-b4c61ff71157,Electronics,5,284.149544,1420.74772,16/01/2023,553ee914-b644-4133-9732-49f622671cc0,PayPal,Cancelled
89c8ded6-6ce1-4f62-b816-3ec4a6ed7fab,dde9dc71-1be1-44e1-a55c-0e028c1471db,Home & Kitchen,4,139.3006959,557.2027835,19/05/2023,c031225f-4b69-40d5-8130-b984716a7805,Credit Card,Refunded
37b6ac22-0a52-48fe-853f-a3d1abd9433e,46ebaf6f-e7b2-4b5a-a5ee-257f72b3163f,Sports & Outdoors,1,473.7917924,473.7917924,12/02/2023,8f0156f6-8039-482c-a898-1cc30a13dff6,Credit Card,Pending
f0a17a08-bb7b-4ace-b186-515b4e222f2c,fbb68f3e-07ec-4d40-840d-30f200cf6df8,Home & Kitchen,5,59.85970614,299.2985307,27/01/2023,1bf3890c-22a0-4f8b-aa50-99c4f72be6df,Credit Card,Cancelled
b1c4638a-dbe4-4058-bc18-76797646cd04,f718439c-4ad8-45e3-9231-89094265f8ba,Sports & Outdoors,5,174.8029102,874.0145511,23/07/2023,2424987d-345f-4a2d-828f-8d4a6104d9de,Credit Card,Pending
33bb3427-2351-4b0e-a5ad-1f079c31ca41,f6c20333-f8e9-4141-a7d4-c5ebf86e8ab8,Electronics,5,364.8126044,1824.063022,06/05/2023,200fa5b1-e6e9-4f85-ae65-52e9e4d65509,PayPal,Completed
3cd50686-1615-45dc-8d96-f0da0e346b17,cd454227-7128-485b-928c-51885f7999ef,Sports & Outdoors,3,294.5267888,883.5803665,21/04/2023,fe99a37c-5284-484a-8490-2194b2edd5e9,Debit Card,Completed
162654b0-d097-49cc-920b-017fa49bf257,cf54fcfc-7401-47fa-97f5-687c68b0dfeb,Sports & Outdoors,2,187.5309842,375.0619684,13/07/2023,f639a368-6d97-4466-bbb4-ea2ffa1eb62e,PayPal,Cancelled
228e45ec-3e8d-4568-87fc-54baad8fee70,acaff3da-3dfe-4360-b19e-d365bb20c9a5,Home & Kitchen,5,44.07360456,220.3680228,26/08/2023,c7160c86-37cf-4573-933e-a42d457c1653,Gift Card,Pending
17c5aecd-a5c3-4ba5-9b2d-f5d584f29d62,ec4ac23a-56df-4f85-aedb-25373c5b0780,Home & Kitchen,3,258.8993328,776.6979984,17/12/2023,a743a6ee-2402-4dcf-bb1d-d266779f6ee3,Credit Card,Completed
b2bde610-3ced-440d-8a5a-3faef24627ae,21404e86-6526-4250-b44d-756ed8cac587,Electronics,2,194.2015571,388.4031142,10/05/2023,54980e44-ea52-4212-be55-f4cf09e94e9e,Debit Card,Pending
da1e99c8-7547-4b0f-ab10-0f7c09280492,5640c944-9450-48d5-a04b-d891d5579bb5,Books,3,398.0722027,1194.216608,17/09/2023,1f4db68f-d794-47b1-85a1-104dc47b8179,Gift Card,Pending
f8000009-22a3-4f49-939b-405f50936dcf,2f904568-e181-4231-87f9-657d5c11355a,Books,3,73.20668147,219.6200444,30/07/2023,79973256-fa52-46cf-8015-74027a2d71b3,Gift Card,Completed
79638516-e1ce-407f-8c91-ad42ae21c5d7,4544dc4c-f825-4e2e-a168-b836e47989e7,Sports & Outdoors,1,121.416588,121.416588,10/02/2023,f95c7f9e-8ec2-41e2-a964-31038f12209d,PayPal,Completed
527d2861-01a4-42ca-b4c4-f03f9944e695,b1ec5a2a-dfdc-45dc-8a67-ace4731d5abc,Clothing,4,434.7770666,1739.108267,17/05/2023,72581df3-d87e-4f81-993a-fac361cbb0ec,Credit Card,Pending
67b8f8cd-1d15-4cab-b094-322b7851d820,9531f8e1-805c-4ea3-8af8-27fac65ab8a1,Books,1,104.1897815,104.1897815,07/07/2023,a863f563-9619-4e06-9c2b-42647cc93828,PayPal,Refunded
439e4a2f-ad81-4491-b409-f21e831deadb,61140c45-00e6-4d84-aab9-f1990aeb9cb9,Sports & Outdoors,4,175.6568006,702.6272023,20/02/2023,4700d321-021e-4655-a669-ba37773fc999,Gift Card,Completed
1e068152-2f2c-4a6c-bc9c-398beb59a78f,3ffed84a-2788-4936-90cb-1fe841191d24,Clothing,2,450.5557278,901.1114556,31/08/2023,d5e9b516-2457-43fe-8cc0-5853d4c8df3e,Credit Card,Pending
2af70eee-578e-4c15-aafb-0cf1f2c1f8f5,ea16b1bd-549a-4c90-b938-36f9cf57372c,Home & Kitchen,5,53.01717169,265.0858584,28/03/2023,d2629e52-6081-49c1-89ba-115926b4ca21,PayPal,Pending
c103d4cf-50dc-41cb-b586-3b96dab9878a,c4f23719-4a40-4de5-af7d-d999b428d56d,Sports & Outdoors,1,399.5034897,399.5034897,05/10/2023,d115ce20-210b-44d0-bed4-f79125bcf7f5,Gift Card,Completed
9150d82d-6bb2-432d-84a1-332fa129145c,7fc09590-d921-4003-909e-fc34a93d864c,Books,2,350.3964508,700.7929016,23/01/2023,eb16e2f0-66bf-4c40-a3d5-3841873069bb,Debit Card,Pending
de46a3be-f48c-469c-a30f-e63a8a0cf3ca,a4c8ca7a-1988-4afd-b9d8-d098aba9ba2f,Books,1,340.6686936,340.6686936,16/05/2023,eeb346c2-7c0f-4c19-a57b-52b0af98ba67,PayPal,Cancelled
56c164f0-b136-4d4c-81bb-46fce39f241c,680fa8d9-8ae5-4790-a11c-230270514e0f,Electronics,5,316.081528,1580.40764,02/07/2023,e713409b-c94c-4a4d-9a40-f628bfbf54f9,Credit Card,Completed
e0fa0621-aaa9-4e0e-92d3-cc74e1eb07f4,c01e567a-898e-443f-9ce8-7ab01b773678,Electronics,5,390.5176222,1952.588111,18/06/2023,3e440f45-0953-4be4-9280-abefcc3ff7bb,Debit Card,Refunded
7f33f6bc-962e-49f7-bece-fd8d3317c067,e44cc25f-078b-4ee4-8c14-9c7dfe8b3ad9,Clothing,4,364.005839,1456.023356,28/07/2023,832d8e41-318f-4cb5-ab80-f9ce9e5f8f97,PayPal,Completed
4d070bce-051f-44f9-8dc3-e3ef03cabf47,c1e5cd4f-d4e8-4f73-984d-d5dc83a9ead5,Home & Kitchen,2,267.2176236,534.4352471,31/10/2023,cb112f3e-33aa-42b4-a800-91e90abd1309,Gift Card,Cancelled
31222b75-4fd2-4472-9039-59e0eed9afd1,549c4a13-4ae3-4cf4-9514-b0976fae45a7,Clothing,5,235.324833,1176.624165,21/10/2023,44c0c106-d75e-4081-8510-6a96825e8d95,PayPal,Cancelled
93342f0b-6493-41e8-bc0d-10164996c3b1,af5446a0-2b31-4cbb-8948-89f0d9d2e081,Home & Kitchen,2,120.0981472,240.1962945,10/07/2023,4e805421-596c-49b6-8874-05787415eb82,Gift Card,Pending
3e1b645d-2220-417f-8846-8ae6875fc2fe,4df28370-5032-40e6-8feb-685c26bf980d,Home & Kitchen,1,443.1648763,443.1648763,17/04/2023,069c927b-a1a6-4dca-8788-bbf73a94ac14,Credit Card,Pending
96c0d411-b18d-4e94-8ff4-5ef513a094c0,d1df5ffb-c296-43f3-85ed-decd82d09a08,Home & Kitchen,2,111.4124584,222.8249168,09/06/2023,33b5c2d6-774a-488b-8665-087fad99fbc1,Gift Card,Pending
ec075b03-a37a-437d-9768-96e793c149d1,32885b8b-1d4b-44f8-a15d-81443cf660c9,Clothing,4,400.2391755,1600.956702,08/02/2023,9480a2e9-76b9-4256-9997-e2993ace705c,Debit Card,Pending
bba4a479-04da-4f70-ba3f-2ed94ed82e2e,7fce128a-b68b-4429-912c-0f3ae706a9e6,Sports & Outdoors,3,491.0740625,1473.222187,12/05/2023,43e6d9c9-ee46-42c9-be19-53df522a3d4d,Credit Card,Completed
ca8bfa6d-bc0b-483b-90c6-7e9ceecd454f,567ae4a3-e8c6-43a1-b6af-97be134c77a0,Home & Kitchen,2,55.22100783,110.4420157,29/12/2023,16556098-5b8c-4b8e-97f0-784d83fbb40e,Credit Card,Completed
06a7ff64-a710-43bc-8d86-30bec616f84d,9722956d-73d7-4cc0-892b-61daff1acd3f,Electronics,5,92.13209316,460.6604658,15/08/2023,f7858977-b2b0-4eb7-ab03-5b0e8fa397da,Gift Card,Refunded
3efeb101-d655-48ee-b645-de5942b7ff46,938c7733-a2ce-471b-8d6d-1be2b413eca3,Home & Kitchen,2,59.75667137,119.5133427,25/09/2023,681edf06-045d-4449-9aa5-52a25500eb16,PayPal,Refunded
16e502d1-89f3-4013-ae07-88f581c8984a,78fb3735-c417-4ecd-8006-e9b714dd9666,Sports & Outdoors,3,234.5394021,703.6182063,18/04/2023,d5a19b54-17ab-4038-bacd-aee32c6d54e0,PayPal,Pending
93329369-4784-4a21-9a19-80bf18042136,452ef830-ad87-4f5f-b39e-7f7f856582fc,Sports & Outdoors,5,405.3956267,2026.978134,12/10/2023,ff29d171-7b0d-4b22-a709-b2db9d3b098e,Gift Card,Cancelled
613dad65-c023-424a-a65e-67d10b95ae52,06e710e2-293e-4fbe-a312-6b4d72f22a6c,Books,3,29.75285475,89.25856426,10/05/2023,26b03a40-7c8b-4fda-be89-f9c3a4e4ad2a,Credit Card,Refunded
f13a7835-df5f-4f67-8b4b-78e3b71abe2c,2ac15731-ddff-4277-a97c-dd97b0e94000,Sports & Outdoors,2,82.79390582,165.5878116,22/07/2023,353de97d-d0fe-4edd-bf28-e7d154c193f1,Gift Card,Pending
628b98f4-7a72-4e81-9b5f-0c482267c60a,8d809676-32a1-4e7f-a3b0-fbeacde0045a,Beauty & Health,2,22.71766211,45.43532423,18/02/2023,bc36f60d-9e76-4a58-a281-2fbcd42dc517,Debit Card,Cancelled
cb8dd52a-bdf2-49ad-b2d0-f83d1c2f59e4,ef1700f8-d855-4d3f-a617-6449b5af6fb7,Clothing,1,344.5852866,344.5852866,13/01/2023,264871d7-e722-4878-b883-349635a504ff,PayPal,Cancelled
85d9dc35-9c1c-40c3-b4c4-8b569e0312f4,14e59307-1a05-4775-a750-8e88d2d1b001,Electronics,3,359.4341173,1078.302352,06/02/2023,72c645ef-78a6-4757-bbab-813c6653f7b2,PayPal,Refunded
c75d9495-b659-451b-b45d-e0242c73583c,e1eb5646-b5a9-405a-8f8f-4f77ca23d36b,Home & Kitchen,5,266.563397,1332.816985,24/09/2023,c35c7d6a-ea0e-4f3b-a25d-0bda5a5869e5,Credit Card,Pending
440c9f66-5c31-4c35-9f7a-6855b8ab71c9,660f61d4-d225-4c49-9352-857fcf44f66d,Books,1,329.0517139,329.0517139,03/08/2023,6cec6f93-7cbe-459c-bc5b-99ac37830597,PayPal,Cancelled
e579f53c-da2f-45e6-9463-da3dbf4578ea,ddb1b927-7ced-42f6-b459-9589c3d427fd,Sports & Outdoors,4,72.7677571,291.0710284,06/05/2023,97e52dcb-3e35-46ba-98fb-b4ff8b4acd23,Gift Card,Cancelled
97e60da2-a2be-44aa-baf3-95adb449afbb,91d5062c-727d-424d-9cfd-9423251f754c,Clothing,5,288.1839723,1440.919862,25/12/2023,0b996eea-b9d2-49a2-b272-0208b2353452,Debit Card,Refunded
4042eab4-cee9-4256-9323-3e1996867650,68ca1a15-e3eb-4a3e-8042-0b2e755d013f,Home & Kitchen,3,67.57826323,202.7347897,18/07/2023,7c28fdec-9d60-4118-9b12-5ef62d633b07,Gift Card,Refunded
6efea9f0-8027-4846-81de-be485029934f,db75f9ca-3047-4ce7-91dc-add90c34b33d,Electronics,2,193.5511367,387.1022735,02/12/2023,0c99790e-59a1-42e6-a76f-22466c801761,Debit Card,Completed
30faddc4-b699-4278-8689-c576550683e4,d796f598-0daa-40a7-aa45-61474797aab0,Beauty & Health,3,146.3258358,438.9775074,24/04/2023,d4e39032-ba4e-450c-bfe6-3273eddaa3d9,Credit Card,Cancelled
5bf62aa8-3473-46d2-b007-575dd47d2b17,9521e5e6-cb7f-4919-9827-cf7ba5992ee6,Books,4,366.8683174,1467.47327,01/08/2023,1eadf977-5cd0-4639-9b34-b37329110f48,Credit Card,Completed
2e90760b-d68c-417a-86e2-7cb02f461397,bbf25cdb-c7c1-4268-9eec-0fefbdba9138,Clothing,2,208.5471821,417.0943641,22/02/2023,c71954ca-1393-49f6-a7b7-ef76e8988912,Debit Card,Pending
8a003f68-fd4c-49a9-9ca4-bd5cf281391b,e836360c-96a8-4b1d-b0d1-844e801b621f,Books,3,55.88965187,167.6689556,05/05/2023,383d1837-c2d5-424e-8ffd-567c7dfbdab0,PayPal,Cancelled
34115c28-4c54-4301-baa0-7724a8ad8f0f,46041bdf-967a-4afd-8b45-a35154251c9b,Electronics,5,112.288724,561.4436202,19/07/2023,e84aafb8-8afc-4cc4-997f-cfdc46dbafac,Credit Card,Refunded
84eb293b-9b86-4a44-99e6-c8e635e6f691,e870c3a5-6d8d-48bf-a832-a0e888d66466,Home & Kitchen,3,107.7942054,323.3826161,03/09/2023,d8999fb3-facd-4312-a680-dc39e82762e6,PayPal,Cancelled
c0f5f7ac-b9ff-4830-8400-76dae8d290c6,2805328a-5c09-4423-99a4-9033667adf2a,Books,4,216.4441341,865.7765364,18/03/2023,22ae18ce-2c7c-4238-b052-401ebca0ad4a,Debit Card,Cancelled
b2f0693c-797a-42eb-ae32-1b0dcb9b038b,1101a24a-0939-471c-a537-37ee2ebcb48f,Sports & Outdoors,5,389.4604517,1947.302258,03/03/2023,5fb40319-a5d9-497c-a2aa-1353529a6f5e,Debit Card,Pending
233d3787-84a9-4f3d-8c5e-1f0caa150dbc,723bbd92-d5aa-4ad5-a27f-83846d963a27,Electronics,4,311.6876478,1246.750591,07/09/2023,89293646-db87-40b7-acd7-a99952dba12a,Gift Card,Refunded
3989e580-06da-4ca0-b993-d3b97194ec62,ab359712-da4a-4492-a16a-4366f5e1893f,Books,4,273.0388135,1092.155254,25/04/2023,ae13f5da-5be4-4892-badf-828a860c3920,Credit Card,Pending
0bfd0bcc-5887-4e6e-9bcb-cfca33493252,2f2553fc-f6e0-48dc-b2be-457944294d10,Clothing,4,105.1344455,420.537782,13/02/2023,f3c4f3e6-d92c-45a6-84f1-6f05a062fe15,PayPal,Refunded
e9a64b96-488d-447f-9ea4-7285e2783ba9,a7b7b926-1500-44e0-bc03-55d711df9f3b,Electronics,1,350.9842297,350.9842297,07/12/2023,07b76799-c207-4e37-b733-e33d1e8e9abd,Credit Card,Cancelled
86ff7ab5-af5d-41f3-aea7-3c815e3bfa0b,c87b4bf7-70b3-4f63-a79a-8e941bf253e8,Clothing,2,254.158211,508.316422,27/01/2023,fee52736-b397-4bda-9d44-4726d1730632,PayPal,Pending
6f668eb8-b190-41b8-928a-a54cc7be50d3,9c06a0f0-3d7c-45f7-9c18-a3af3d48ecc6,Books,2,191.2093442,382.4186884,30/04/2023,c8c8d8c7-a41a-4ea4-bdfe-09606d5e1343,Credit Card,Completed
212b2c25-a09a-4b95-ae18-70a4a2d115a3,d0c3767c-2cca-458e-8d00-b24cf2ecd927,Clothing,3,411.6089918,1234.826976,14/08/2023,987a9300-d775-410d-b2fb-d68764071e96,PayPal,Refunded
557a386f-af85-41e4-9ee6-2f324e405720,bb8620e3-d101-4428-93c7-3f9c2c33b65b,Beauty & Health,4,112.925296,451.7011841,10/01/2023,c265834c-10f1-44e9-9eda-1aab88a59473,Debit Card,Refunded
cc52cbb0-65f4-4e62-8767-be6c3082092d,4aa224a2-0236-4492-8183-bfdabfe6cb2d,Sports & Outdoors,2,41.16998764,82.33997528,10/08/2023,17f194e2-7f84-4934-a2ba-12dc75a66577,Gift Card,Refunded
b8f22321-0218-4605-b5b5-0987c69f188c,ffe9af00-d3d0-4254-b207-52df9b488193,Clothing,5,404.1029716,2020.514858,30/09/2023,c182e647-c029-4701-b47a-b3be10ee0d24,Gift Card,Completed
9161dedc-7c28-4bf3-87a5-a0373cc78e09,ae25034e-008f-405c-85d9-d05599cfa8ea,Beauty & Health,4,407.0922407,1628.368963,17/07/2023,938c8915-49a4-41b3-bcc6-07b977f6842f,PayPal,Cancelled
6dda5c31-45d1-4d96-8f48-c07b4d17245f,d465aff2-0382-4242-bb24-4a17cda7e654,Electronics,1,303.2040963,303.2040963,13/08/2023,7e5b34d9-14ab-4614-9a68-c8c52a2af437,Debit Card,Cancelled
cf890eea-7793-4cd5-bb3a-43f122ab1c31,0d73f9fb-22a3-4206-a483-d178bc14462c,Beauty & Health,4,235.2175914,940.8703655,05/02/2023,9a435173-b33d-4b23-ba9c-4d0a9196c404,Credit Card,Completed
8ee39696-ba57-4493-be73-7a561e0ab595,4ccfd401-6f0f-4a37-a6bf-5a1406e025c8,Clothing,5,216.1770742,1080.885371,23/04/2023,07c8d72b-8a53-4be7-8872-eabb3e025923,Gift Card,Completed
95832c0c-00a7-4b28-ae74-7c1c34000d92,f43f2d4e-0204-4055-8b12-45282db55fc5,Home & Kitchen,4,498.4410332,1993.764133,10/12/2023,abd81e40-af41-4d44-88bd-f8645162d0c9,Credit Card,Cancelled
9d526b35-9d49-45f9-8c27-44e391864356,df4bd205-f2ec-4cb7-b0fa-6cee6b1da6ad,Books,3,195.4827581,586.4482742,18/12/2023,d4a28002-54eb-44e2-83a7-2c5b0e26bf18,Credit Card,Refunded
523aa41c-f4fa-420a-a74a-ec9ec970a949,f2f07da8-48b2-46a5-aaea-0fca9893cc09,Books,1,137.1161662,137.1161662,24/12/2023,af6b4c85-3fbd-4720-ad6b-7dcc38576ed6,Debit Card,Pending
6fa7047f-bb27-4a8f-8a49-b98b8686400e,1b6c8c39-e7ce-4595-ae2d-3e6c6d943e81,Clothing,3,113.1760618,339.5281855,14/12/2023,d92540d0-dbb3-44f7-a687-c58b6a937790,Debit Card,Cancelled
13d8361b-c51f-492e-b6ce-e48fdc9c7526,0d0555fb-0d45-4dff-be53-001213aa7eab,Sports & Outdoors,4,114.3490829,457.3963315,01/01/2023,c8843e16-dcf2-4aa7-8028-b18f7c867084,Gift Card,Cancelled
531371dd-3300-4c0e-a143-b05cee2226ba,4dd6bcfa-7e26-45a2-83d0-816584f6092a,Sports & Outdoors,4,27.63491003,110.5396401,28/09/2023,eedd0561-dd3e-4629-943f-5ec809ecb6b0,Gift Card,Refunded
9be7b98a-cd39-455d-a8c5-c950189e6a2c,9389e841-7828-4f73-90e3-257298d193fd,Sports & Outdoors,1,260.2310487,260.2310487,11/07/2023,1f232bd2-f4df-44ac-a641-0f593c66bb33,PayPal,Cancelled
17929121-800a-41ff-9462-7f41f460d4e6,2cdae921-61a8-4344-ae29-16c3385e3aaf,Home & Kitchen,4,28.76093851,115.043754,14/03/2023,4b65e21d-ac32-4666-ae91-9fafb86c88df,PayPal,Cancelled
c10c4060-a23d-42e7-8fb5-47f25ed3adef,a54ba24d-4779-46c6-b4c2-0ab6fd4abea5,Home & Kitchen,1,339.4339766,339.4339766,07/05/2023,ede21e5e-593d-40e9-a8f2-1ee8f8d5b9ad,Gift Card,Pending
5311e2a3-f31e-43ae-87a7-36ab92b6d94f,e020f0e5-8141-470a-87d9-a90bdef350d6,Clothing,1,327.1676877,327.1676877,30/06/2023,e8b9c2c6-b995-456a-b80a-4f8bcc67319c,Credit Card,Completed
e358ae5a-ae02-4a85-ad50-f2fa5e66efcc,ad187e4a-17c9-4e4c-a812-bf10f299b915,Books,1,370.0926277,370.0926277,08/04/2023,2a297789-4b0c-4191-8d29-b6f95b057094,Debit Card,Cancelled
430c5048-28c4-4b87-bd01-5848a8f0079a,b49acb22-7d10-4c87-a644-1306812ed655,Sports & Outdoors,2,230.1805922,460.3611844,21/02/2023,963d6aa6-d0ce-4af0-9964-d465ad2dc948,PayPal,Refunded
38702cf8-bea9-421a-93d2-93e0ce6707cc,c239a063-6f5d-4348-a06c-99262b807c8d,Beauty & Health,2,201.91939,403.83878,29/06/2023,c3479a59-7125-4c38-9bbb-f5c760030f2a,PayPal,Pending
b30b7c8c-0396-4909-b27a-6522f1bd1e71,11cfec07-704c-45ac-8b36-6f9e0503cf02,Beauty & Health,2,335.6376067,671.2752135,24/10/2023,da41488c-12b4-4d2b-bb09-c8bb2fb88bf0,Gift Card,Completed
37a2efd0-a9f3-478f-950e-5955ca652a65,dd87c806-7979-4b7a-a782-6ac127e79fed,Beauty & Health,5,474.9960735,2374.980367,21/01/2023,364e984f-22a1-4d49-80fc-28c22ab4de95,PayPal,Pending
a3dec352-6b36-4b26-8f01-734c9f8bf213,becb60f9-393d-479a-a8d9-0713b977c7ff,Beauty & Health,1,390.6102251,390.6102251,17/01/2023,71095124-8f84-4495-a537-ea13bc310baa,Credit Card,Refunded
f5774173-85e5-41a8-a912-5992c4626355,af426a8f-c810-404e-83c8-10cd96b4c96f,Clothing,2,192.2008501,384.4017002,01/08/2023,7a695a1d-836b-4c1c-9257-cdcdf7edbc28,PayPal,Pending
cd4ee792-446c-42ee-b6a3-ac6ec19ce1e2,7ad60de9-3543-46fb-ad02-160a444fd010,Sports & Outdoors,1,273.9530925,273.9530925,28/01/2023,85ca3877-422b-483e-a893-a6e8004942de,Credit Card,Refunded
55cc7cd8-bffb-4842-b9bf-61894adc6d68,672de808-9dbe-4820-ad19-152dc94bf16c,Sports & Outdoors,3,83.57175088,250.7152526,14/01/2023,171a0b86-8895-4a28-94c5-eef271c87d19,PayPal,Cancelled
94705edc-4b75-49a4-a456-43b53f804ec2,d46c9743-8f98-4fca-a51f-c72bb72b3ba2,Electronics,1,280.3792214,280.3792214,20/09/2023,4b4c91d8-732e-4dc2-a217-8f24594ed221,Gift Card,Cancelled
f93f38b8-4094-47f0-88c7-d58bd89b2ddd,56d9af4e-bd11-4413-9004-23c07e445ca5,Beauty & Health,4,63.56126304,254.2450522,06/04/2023,0e9d7b3b-5548-4ee1-86f9-b8de00555c6a,PayPal,Cancelled
bcbc435a-af92-4edd-8e6e-d9e1ab024f03,887cbfd2-9c5d-4908-87a7-61cb6f4b3ea1,Electronics,4,442.2048582,1768.819433,23/04/2023,b9f52c2c-b95d-40c1-8a15-c5e875268551,PayPal,Refunded
c171549f-2879-462c-9fed-79dc7aae3aff,863eadf0-8770-4be0-bc86-7e52d885e420,Books,1,153.1390063,153.1390063,01/07/2023,f118b9fd-759d-43d5-a809-9988cf31673d,Gift Card,Refunded
40507006-4ec9-4a77-9ea7-e86b5ddd8cb8,445c8021-ab8d-4f8f-89ed-8c660649d5f3,Home & Kitchen,4,373.061264,1492.245056,20/01/2023,e614106e-5830-4314-a5e9-609702221b66,PayPal,Completed
873fa1e9-bd42-4d21-b63f-38478594fe79,fb111c3f-f7b4-487c-b76b-70200cb811f5,Sports & Outdoors,3,140.0169267,420.0507801,23/04/2023,d1a67a1a-7c4c-4a5b-a812-a0f7b300b7e1,PayPal,Cancelled
0f7eb9c8-b5d2-4c75-8917-158a598a9206,ae78264f-7649-48da-8f20-5ed1ea15ce93,Sports & Outdoors,4,449.6035369,1798.414148,03/02/2023,8d860dc2-b77d-4391-aaf9-cff597b0ecf8,Gift Card,Completed
95238f3d-a85c-4063-b513-590609673b9b,0a578fe9-ca70-476e-b4fd-31b7d04af8d4,Electronics,2,467.7178892,935.4357783,13/05/2023,bf6089de-90d9-4c6b-876f-c5ea14fb9d5c,Debit Card,Refunded
f60f22b1-67b6-4c6a-bff1-cad6b3ed1c65,4237dbf3-ffbd-419c-9ebe-4e17540e4342,Electronics,4,78.22484328,312.8993731,10/03/2023,f641b5ca-8ca2-4441-b311-ec09e2ebd36d,Debit Card,Completed
7f57ee8b-d02c-4377-ad43-ddcf470752e2,8b0b8da8-c094-411b-a01d-773f5937feaf,Clothing,2,352.6046509,705.2093019,02/03/2023,e6dca649-e87b-4f4c-9db2-9a0a1cc28369,Credit Card,Refunded
bfa7fe42-40d6-4e5e-bffa-5b1c68df5c0f,a05f7822-dc52-451a-8637-f7c891304146,Clothing,5,266.1817433,1330.908717,27/04/2023,17f26a48-c8e0-4f66-9202-295c733959f3,Debit Card,Completed
025a5e62-e2bd-4c59-95ef-2ea226d7449e,9d0380d4-fd63-416b-8244-4bf4519e23d2,Sports & Outdoors,5,384.5469853,1922.734926,14/08/2023,755ba607-3f3b-47ab-aa06-3c4d7dfa7e4e,Credit Card,Completed
71e35c9c-ff8b-4325-bcf4-bba366d99b45,1182d0cc-f17f-402c-88be-d39a221ee4ca,Books,3,347.5854851,1042.756455,13/01/2023,3cdd308a-4f1e-4321-b26c-8d2c12e31587,Gift Card,Refunded
26a65809-b6af-4fbb-b6fc-8a7f179132dc,f7d9a972-84f7-499a-b4b0-015fdc476b68,Clothing,5,89.39753701,446.987685,16/11/2023,8641f771-46dc-4c2d-862c-bf4dea060b75,Credit Card,Cancelled
4cf1d52d-4e90-4768-9f29-1dc41d631b34,ef887cbd-ad06-4266-9bdd-4c018584a2fd,Clothing,3,136.7819097,410.345729,09/12/2023,e2fc76dc-aa5c-4857-b138-515bc4e5268c,Debit Card,Cancelled
e51b30ad-08cf-4800-b896-3f8d1a7a33d4,41baef45-2c11-41a9-bb6d-85362e6b8e7f,Books,5,78.3934157,391.9670785,02/07/2023,9184a691-62fc-478c-b50b-1c829b5a6189,Credit Card,Pending
d91bcd6d-de0f-4aa4-ae12-290e5c3e1e56,3492ec09-a16c-4998-be7c-1472624a6cdf,Sports & Outdoors,4,227.2415861,908.9663446,03/12/2023,cebc5e9a-55b5-4529-9207-56d7a003efd4,PayPal,Pending
21f78724-e4bf-4f2f-8242-a182055822b4,54710e61-cf21-4958-9df0-a04ee1bc6a88,Home & Kitchen,4,163.9405124,655.7620496,06/01/2023,721757e5-a193-455a-88c9-ea9c9a6094d1,Debit Card,Pending
4ea8124d-3c94-444e-86e1-b51e5e067867,38232e9f-a2cd-4af5-ad56-623315f779ce,Clothing,2,31.24603048,62.49206096,31/03/2023,bc0944b5-1d6a-4b29-b78e-f02269a14d5e,Gift Card,Cancelled
64204f41-1e7b-46b3-9c4e-4ea12d38966a,5bbe6d53-44dc-46e1-b10d-3f39d149863a,Beauty & Health,1,222.7123811,222.7123811,20/06/2023,85afb61a-0ed9-4bbb-9928-11e8b2ed634c,PayPal,Refunded
52c5bc66-84b9-4aa8-b03e-d0d1020eb9de,6fae964c-0893-46ba-ac33-f4126a2655d6,Home & Kitchen,4,48.62895891,194.5158356,28/08/2023,450b1e88-bbfc-4985-8f67-bad690b6bb5a,PayPal,Completed
659643d2-f58b-4c07-9a12-d65a073d7b29,a2befaf1-cde1-4fef-a79b-a902d0170d4c,Sports & Outdoors,2,13.99327137,27.98654273,24/08/2023,79cf567c-dce7-426a-a1e2-de5858f48745,Gift Card,Completed
adc165d7-9757-4429-9e22-1594cea63618,1d068df6-8b2d-4611-9d6f-b0fe1def3bea,Sports & Outdoors,1,90.1525106,90.1525106,01/05/2023,a7ccd0f7-e75e-4256-8049-547b6699bc5d,Credit Card,Cancelled
d1ba5acc-66f5-44aa-8144-b586e97c0609,c5cd7f63-92d3-4136-8ab2-2aee56c4ac95,Clothing,1,372.030056,372.030056,25/02/2023,5cdeb5b5-9e0d-43ef-95b9-7360ea0e4e95,Debit Card,Refunded
ae192d97-4934-409b-91bd-7df03434d4fb,d528af61-cc9e-4e64-84b7-d4a1ce670c77,Sports & Outdoors,5,160.2910297,801.4551485,05/07/2023,0f2aa9ac-22dd-4efe-b01e-a7576230b4b0,Gift Card,Pending
6b6ef903-60ad-4c82-9d5b-f34ef1d6a3e2,125e0b88-711f-44f9-841c-8b5840896cbd,Beauty & Health,4,309.0881715,1236.352686,04/07/2023,7e6b2800-84c1-45d5-8dcb-d3540dbdf231,PayPal,Pending
23a46f44-3a9f-4b43-a3bd-86d9fb825e27,d4cd62fc-2dc9-44c6-a9f8-a7b858120333,Electronics,3,203.6968148,611.0904443,09/02/2023,f4aabb3b-01c8-4f97-be03-3fbe400a5ab4,PayPal,Pending
1c781635-733a-43e7-a519-e28ed6c54201,3b7809cf-ecae-4bd0-8aec-ce4ee0a1e2cd,Electronics,3,497.2306222,1491.691867,13/06/2023,4992ad12-324b-4c8e-be7d-36dc771501f8,Credit Card,Completed
26abc2a8-6f2e-4c12-9b58-622bfd76be7e,9ffd17a0-39ab-45fd-bd7c-8d31b45635cb,Home & Kitchen,1,263.5748054,263.5748054,02/02/2023,388711cc-ec6b-437e-81b0-4332368202df,Gift Card,Pending
9c518112-9683-4d00-b1d6-bc2278ea1afe,da8b9ebf-59b1-46b3-bc67-05a16ab36cb8,Books,4,392.7098676,1570.83947,17/03/2023,2c989900-ac63-4fd7-a8d1-b74efb4cd202,Debit Card,Refunded
7b777bff-9e76-4b0a-b3b0-0ba2fbccc1f7,dae7f0de-ba73-4cbd-9eed-dd10412c9188,Clothing,2,350.3253191,700.6506382,16/02/2023,a4682564-463a-4bf1-8a93-a6de15cab418,Gift Card,Cancelled
431ea05e-80ba-4b07-9649-f0c453a6fb28,331780c3-4ee8-4385-a6ed-491f5ad6e265,Clothing,5,257.1419988,1285.709994,01/02/2023,68f68487-7f9b-4623-900e-1b5a8f1bfae7,Credit Card,Refunded
35ac8a63-e6a1-4e56-b34f-6a40b02579ac,35ff1f1a-4cd5-4de1-b67a-ad8aa513f82a,Home & Kitchen,3,260.9661952,782.8985856,24/06/2023,eb80d70c-242e-458f-98ac-b68173ced7a6,Gift Card,Pending
ede1eff9-9624-4b67-a679-1892ebb4862a,445fb5e3-a290-42d2-9b96-57e18362e591,Electronics,4,12.0653377,48.26135081,10/09/2023,11e3ba20-3b6d-4763-b7e1-e972280c9af3,Gift Card,Cancelled
e610af9d-1eaf-4579-b1bc-3a808cf204a8,ba50e68a-e45d-445e-b1f9-729c99b4b1e8,Sports & Outdoors,2,314.3588435,628.7176869,25/03/2023,3726f913-963d-456a-b32d-9f14a4269210,Gift Card,Pending
70a8b431-1045-46ba-95dd-0acae491ed41,934796ed-9560-44b6-9cbd-14e8ab1a9ada,Clothing,1,298.5758173,298.5758173,30/09/2023,acea71cf-fccc-4469-b3af-0c413457e988,Debit Card,Pending
5ad0fae8-26d3-4ca6-b8c5-5b92cbc7cf66,28299690-2b02-4905-b43d-082c318f4862,Books,1,492.9873929,492.9873929,06/03/2023,9ddf9c98-d2b1-40c0-b901-83fa58e7dd4b,Credit Card,Pending
4da862b9-baf2-4a24-8991-9d7bd039a136,47ceed1e-025a-4295-9fab-1632e9136028,Sports & Outdoors,1,148.0384688,148.0384688,14/03/2023,43781aaa-9c1c-476b-87cd-d78dad93d727,Gift Card,Completed
777a4b34-4cba-46e2-b625-c00a384492a5,cccce328-d49e-489c-a20d-2a80ec76e9a6,Sports & Outdoors,1,296.1159218,296.1159218,19/02/2023,1183abf8-8e29-4b59-8187-515f8d5b1d9e,Credit Card,Pending
3fd91f44-5b5f-4830-9ace-87b561745573,2cfa1395-d9a7-4016-a724-3ce2091de035,Books,2,257.4761715,514.952343,24/07/2023,33ddaa27-3ec3-47be-a87d-8d6801f8d71c,PayPal,Cancelled
80842f34-34de-4ca2-9c33-13d7ee3a1775,07dbf2ec-fc3e-499a-bfd9-ca3ffa9d58a7,Sports & Outdoors,2,147.361442,294.7228839,09/04/2023,0fa63afc-0b7c-43b2-94ab-5305cb4ddb7f,Debit Card,Cancelled
f318c825-2890-411b-a7ec-187a572a5d50,bcef2d0c-c5cb-4ec3-af0a-4ddda3f7fd1b,Sports & Outdoors,3,233.988104,701.9643119,22/03/2023,44ed2b1c-d163-4306-b216-209eba8d5da0,PayPal,Cancelled
60f29f64-d2cc-4dab-bee8-cd59ed5f55a1,77033c9d-8559-4739-8b90-35022959f32a,Home & Kitchen,2,496.7986948,993.5973896,21/03/2023,653f5c9a-6a80-4c56-bd84-674a440c3f89,PayPal,Cancelled
816f91ac-5aac-4afc-8c13-5559e7c9a873,2620f697-f6bd-4c02-9992-0e31d613f782,Electronics,4,303.0241161,1212.096465,20/06/2023,704a299f-677c-4df8-aa17-49e546c61cf8,PayPal,Completed
9ae324a8-8898-417b-818a-e990f4c322ac,bed4da63-92aa-49b7-a3ef-11645f518500,Beauty & Health,5,306.5677886,1532.838943,02/08/2023,c924fde4-4077-4853-bc5c-f453fdd37e05,Credit Card,Pending
2244ca99-b9a5-41b6-94d5-a20928667fec,55cb9cd1-ead0-4c4d-9920-90734dfbbb66,Sports & Outdoors,1,131.854112,131.854112,07/06/2023,6656faaa-660c-4f9f-82f1-e66876e94919,Credit Card,Refunded
014df85e-9c2c-4f87-8f62-890716147ada,61ac41d9-3128-4261-b1cf-dd97b1b9b2f2,Clothing,1,360.1532519,360.1532519,25/03/2023,6decfe6f-e8a5-4f51-814a-fd0da4421266,PayPal,Refunded
489711b8-24ce-4f2d-9e39-8a6eb19f8658,35ec6418-01dd-465b-8ba9-27a600a236df,Books,3,176.8463048,530.5389143,30/04/2023,9bbb9492-4d3d-434c-831b-e21260e96a5a,Gift Card,Cancelled
325d339b-352d-47df-89c0-d2e565e0dd20,41b29227-95b3-4f5d-9987-3a5daf8f0bc0,Beauty & Health,1,235.4892883,235.4892883,10/10/2023,9674c2ff-93d0-4ca8-828c-4ad608b71b78,Credit Card,Completed
0a3cc5ad-cc17-41b0-b10f-21b53d4ba13e,3de7ff73-6683-4aa8-953b-4eca0e54ece1,Electronics,1,84.37530376,84.37530376,19/01/2023,d671f3df-f1b2-46d8-a8d3-bae160060cd7,PayPal,Pending
df194357-86b6-4e5d-bd3e-f595435691a9,141e4c40-4c66-46f8-a09b-ad0ce439f2c6,Sports & Outdoors,4,178.4658977,713.8635909,18/11/2023,26343607-e11f-4e76-9729-bd55d8dcce08,Gift Card,Refunded
5cdcbf0f-2638-4293-92c9-9d92cf739b3c,6a6a99ba-a339-428a-bde1-c7cb04ac3eca,Beauty & Health,3,325.9771353,977.931406,27/05/2023,0224d45f-d518-4ac3-bb4f-8f11aa9c0f2c,Debit Card,Cancelled
537f42a2-6e6c-47b3-b23f-96d4d46fdc0e,f5c80672-c4da-45a7-87f0-a1d5483d6074,Electronics,3,45.76840331,137.3052099,19/03/2023,a2ce0b53-8635-4e90-9edd-bb82d9624942,Gift Card,Cancelled
7d143113-056a-49f8-81e8-c4028713a076,15dcf8d8-efbd-47c4-9182-69426edb1ef4,Electronics,1,441.4740036,441.4740036,18/10/2023,55e0a33c-7b47-4345-8fe7-ca0561732733,Credit Card,Refunded
6e6b45ff-3cf1-4c5d-809f-c9195b1468c5,71f565a5-be7a-4204-a296-16cdc0b6ab7b,Clothing,1,160.6965406,160.6965406,11/01/2023,f71dc77a-af0c-445e-9ca2-93f0d01b4313,Credit Card,Completed
f07a6416-1487-4e95-ab89-8d69c7ef17c2,714b6118-20c9-4f57-a6a5-8a728d258f5a,Books,5,134.440317,672.2015848,01/10/2023,17940cfa-561f-4075-b229-033f84cac884,Debit Card,Cancelled
a01fa01b-994b-4641-aaa5-1b930000207e,50719c28-2a1a-4639-af85-a254fcf509e2,Home & Kitchen,5,52.40674505,262.0337252,24/02/2023,b1264f3a-3d87-4c69-8d10-2da4c3021308,Gift Card,Cancelled
b14ee345-b50c-423a-8487-41958115fa6b,35e11660-2428-44ac-9a68-05a973c129c7,Clothing,2,203.0645018,406.1290036,14/01/2023,c518275a-2596-4d04-a280-6f9e76dfd079,Gift Card,Pending
e16225a1-1806-4b31-ad16-e5624aa46188,87800241-52e0-4ebb-b30c-8d51beb2784b,Sports & Outdoors,2,188.0223198,376.0446395,13/11/2023,f2ec2968-916b-4852-b03e-faa61a61038a,Credit Card,Pending
b3e4c853-8ba2-4587-a2e7-0116f26abae0,5ada2bab-3f57-4771-b772-dd30920aba46,Books,3,485.9400785,1457.820236,27/11/2023,04a1f47d-32e0-4267-bb80-d3aabab0bedb,Gift Card,Refunded
6ee70076-9646-4722-aa8a-929e6df355a1,7e2fcca3-9e94-48e4-bc4b-7b5a4ffb1d3d,Beauty & Health,1,267.6847274,267.6847274,01/06/2023,478b630c-e1a3-42e2-922d-fd684487d41c,Debit Card,Cancelled
c700044d-053b-4e70-8acf-2d158f03eae5,11d95c90-6cf3-401d-996e-dd2bbe1f06b4,Home & Kitchen,1,99.97974367,99.97974367,29/05/2023,2ba5e13d-4591-4387-84fe-64a94e29b1db,Credit Card,Pending
67d3a9f7-fa6c-4f79-85b2-cf87e706656d,72c00b6e-738a-46a7-b7c2-299395b73a13,Electronics,4,129.0510124,516.2040495,12/03/2023,fefd3b3f-b88b-443c-bf43-20d899a126e6,PayPal,Completed
8e3be7c0-38fe-4b1c-8a34-b36266d301ea,9325cc69-f057-4a40-9b4a-355fd059ac32,Sports & Outdoors,2,294.2420596,588.4841191,20/02/2023,2bd977f3-fea0-4ca4-9671-70a001793435,Gift Card,Cancelled
4f5ffca9-001c-4b7d-b124-797c24fad9cd,c84d83ef-2214-4739-b20e-b5ca38eabd9b,Beauty & Health,4,48.03481523,192.1392609,02/10/2023,32d0a477-5517-44e4-bef5-751b2c150d83,Credit Card,Refunded
6e8bc20b-cd21-4edc-98cf-73b7ff0ca6fc,dc63bcdd-9a51-4464-ab80-1158ccc9c02f,Electronics,5,36.71948437,183.5974219,23/04/2023,27a534e0-c843-417d-940a-f77eb40fa6bf,Credit Card,Pending
4ee2d4c8-e8c3-4ee5-a208-00b3af79fff0,db295779-45fa-4b3b-a3bd-bb9004b741d3,Sports & Outdoors,1,372.9165156,372.9165156,30/01/2023,238a53d6-5810-4ec0-9123-2d2bca80a3be,Gift Card,Cancelled
2ea46571-46ad-47db-990b-f046f5a47061,6cdf540d-1f85-42ff-af27-98a72d3aabc4,Sports & Outdoors,3,485.253041,1455.759123,20/01/2023,fac2e030-3d35-401e-b277-3ad11e2e7057,Debit Card,Completed
7af0faae-dc53-4563-87c3-1c16c561e822,601d4f72-e690-4531-bdd2-1114a926057b,Electronics,1,481.1883381,481.1883381,20/11/2023,6582f16d-0b28-4f53-9269-ff0c120d30fd,PayPal,Refunded
5b96ed9e-4ac3-4084-bf41-f320706c1781,02dc91ec-3aae-425b-aed8-b71fc29867dc,Electronics,4,193.4846122,773.9384489,11/05/2023,869bc735-df3a-40bd-b5b6-7d0ab191bc65,Credit Card,Cancelled
10a98952-07e9-40f1-9b20-90a07be84c09,ac11e894-289e-4c8c-9b89-f94c8d91b6e4,Clothing,2,408.3430354,816.6860709,27/03/2023,1b473d1f-0dc8-4af6-a2d4-b880dc85650a,Debit Card,Refunded
8d2e454d-44f8-496e-8cd8-a6c892611bd3,3e638ab9-75b8-46b0-85c9-6b88d1326958,Books,2,456.3574516,912.7149031,18/02/2023,61a3b034-3732-4c9d-addd-e465b8ae1c06,Gift Card,Pending
64074e2c-1639-4a73-b465-91f8f030bb9b,83d72de1-a85f-4de2-9aa6-c80405fb131a,Beauty & Health,3,102.0665046,306.1995137,14/09/2023,1ee1fd4b-499f-4346-b47a-f2fee338b13c,PayPal,Refunded
0f2f7479-e0c8-4385-8622-965236c44c29,3cd2b9d4-fa5f-4be0-9de5-0168315d2604,Sports & Outdoors,2,86.23042285,172.4608457,12/03/2023,55187de7-32a6-469a-a89b-5bd2f27c1e1e,PayPal,Cancelled
897c1444-f1e9-4ae1-b399-4aac6115a3c0,c4c256bb-d190-44fc-91ac-98aa790cda43,Clothing,1,383.5814443,383.5814443,19/05/2023,66f13269-2841-4e8d-8b12-e2b69f0db202,Credit Card,Refunded
efb418a0-8528-4687-a6d1-cfa531d5e72d,e9d02637-f689-469e-999b-d09837815dbd,Books,2,475.6980019,951.3960038,23/11/2023,3140c705-5099-4694-b6a8-7594569d81c0,Debit Card,Cancelled
8f9e25ee-58c1-4b27-ba54-184e95b1699e,757f5ec6-1d0f-498e-a6b5-2a6ae6254c35,Sports & Outdoors,2,261.193049,522.386098,05/12/2023,d6804c8a-b9f1-419a-a2e8-1fbfacbea8f0,PayPal,Pending
6e1622a4-a459-4103-ac40-7c341690f0c6,aec2838d-45e7-45de-a580-dabcf875df60,Clothing,1,270.6655135,270.6655135,01/12/2023,0b5aa50f-6625-4317-bb85-4c9206b5e3de,Credit Card,Pending
a2490444-4c0f-4d3f-95cb-dca6a5c9070f,995abefa-f65a-4fe5-a60b-46b572420e56,Home & Kitchen,2,165.330136,330.660272,25/10/2023,79bd876a-80d7-4761-8117-9828a74c7106,PayPal,Refunded
4c2f3cb3-1383-4f7a-8969-d73d5a0c1b5b,bc124967-5387-4001-a01f-03fb232227ba,Clothing,4,199.8196039,799.2784155,14/10/2023,0240e1e4-7e32-4a10-85a4-f3a443ded03c,Gift Card,Completed
1354c140-1930-4389-9a18-be14e6c1cc61,7db7c743-0872-4715-a94e-7c3029264cc7,Beauty & Health,2,420.7690493,841.5380987,15/05/2023,51c27bbe-34d2-451f-ae27-345811733de5,Credit Card,Completed
f8739f68-8b0d-450a-b0a7-f99be6acb2ab,b4194fa0-d332-425c-8437-dee716d85dc0,Beauty & Health,5,15.74200208,78.71001038,30/06/2023,f30e1a1f-6ed0-4fa7-8dd4-ef85d94d9b66,Gift Card,Cancelled
8b8faae6-e2cf-43a5-b12a-cae250a5dfe1,06ebe0ad-f5bf-4f3c-a1e6-2f7ca566f741,Books,1,220.3448057,220.3448057,17/01/2023,572c37d1-63a2-4e52-9742-de2334d48eb4,Gift Card,Refunded
8005ddc8-3054-4f67-b0cb-3a9c22e217ef,5c3a9558-2bba-49d8-9e35-25ee70513c0f,Books,4,69.16791027,276.6716411,06/10/2023,86275b24-ffea-41ad-afee-2ab13f640693,Debit Card,Refunded
a7b96bc4-d67d-4fb2-bf93-7146e20b0fc6,9fd069eb-d90d-4df4-90a3-b1fb3c8f8cd8,Books,3,160.04131,480.12393,01/11/2023,b67f635b-b066-4ee6-96f7-d992f4937ac4,Credit Card,Completed
eca66933-1495-4d1c-ac92-910694aa39d4,790d2e6c-7e9b-416f-af6a-0c6ddde7ed84,Books,4,182.8966236,731.5864942,08/08/2023,59602d9a-7bd5-4eed-861f-6cd6939bef40,Credit Card,Refunded
12e1aeb0-a607-4d5c-baa1-08787db4e3de,a18b6672-7380-4255-a80e-fcb0b42ed4dd,Books,3,109.4092926,328.2278777,15/03/2023,5197cb24-db02-43e4-a92a-942b19acbc08,Debit Card,Cancelled
37067ffd-4ada-4669-be96-390eae02dcf8,28241c30-0d8c-4541-9549-78b020e5e67a,Sports & Outdoors,3,208.3256017,624.976805,16/06/2023,2958bac7-6e40-43a7-8420-9dbc8fd9adfc,Credit Card,Cancelled
37480da1-f0c9-4467-8de1-220c86c4c219,3114257d-c096-4bb3-9da6-433ba3018b71,Books,3,40.03079559,120.0923868,18/11/2023,b6d0f9db-abb7-4849-a753-fd917b68fce0,Credit Card,Completed
5f14e33a-1009-4553-8f1c-8c80519f3040,ddaeaba1-9c65-43bf-a573-1636d577f356,Sports & Outdoors,5,450.1910854,2250.955427,05/09/2023,36c384e8-21f4-4b89-9fd7-e74731d097b7,Debit Card,Completed
cf4ade12-2d7b-4ead-b593-1b9b050ff7f5,402e580b-1e69-4e76-8e9e-e72da5081730,Electronics,1,321.4379887,321.4379887,26/08/2023,e7d9d176-13fc-4f6f-8fef-774a3dc30d7d,Gift Card,Pending
5201eb5d-fb97-4d11-a745-189f9a744636,f72b5240-1740-4c51-bce6-3b7a75fb5ccf,Sports & Outdoors,4,385.2099432,1540.839773,30/12/2023,2da89506-0613-4c1f-962d-d12d9b395755,Gift Card,Completed
170b9c91-2972-4f24-a19d-2313bfdf0e80,54467f0f-aa54-4431-91cd-470e6d86429d,Beauty & Health,3,369.6587774,1108.976332,02/08/2023,0e6eb8d3-fe5c-4efc-8b29-910fa998040c,Debit Card,Completed
113e533c-b6a8-4900-81d6-ceb1d5d0d6f7,c594a8ac-cd60-4808-8ae3-71b84f73649b,Electronics,5,165.3142024,826.5710119,26/07/2023,6b0aae28-6043-425f-9bb2-1917fbc7e44e,Credit Card,Pending
c31ac125-5ef6-4615-8358-ef97d36a6e33,ebe99958-8b53-4e30-b544-cc9ab8bd77eb,Home & Kitchen,3,309.9928691,929.9786072,27/12/2023,bcca3e09-ea6a-4665-9b2b-dfcad52079a3,Debit Card,Pending
5ddd8248-5473-4367-a1d0-86889f474a2d,ccd01346-9a08-4f54-8848-cd4921eb0ad7,Electronics,5,192.7098306,963.549153,28/10/2023,36d9c753-b99b-4983-8506-9d742673ff29,Credit Card,Completed
9fc83ae5-8b7c-4bbf-a7a7-f05b43435f8d,d4d80bbd-44ed-466d-b235-d3e4d7902f37,Books,3,406.9879316,1220.963795,09/01/2023,f8d0a2ba-b244-4097-85e5-1640eb905c35,Credit Card,Pending
cc11f1ce-8dcc-4be8-853d-9815d913b447,74df323a-5275-4020-b0a1-942ed770f87f,Sports & Outdoors,4,422.3781289,1689.512516,22/04/2023,a4416ea7-e273-4dc6-bbfc-1fa59e62699f,PayPal,Refunded
29e9cf46-7f3d-4878-8286-3e7dc81fb7cf,2238887e-acaa-4d10-9779-deeb43719ad2,Home & Kitchen,3,106.9551274,320.8653823,23/09/2023,b1f12172-e31c-4b70-a26c-43bbff713b37,PayPal,Refunded
bb926ed1-01b2-4177-af2d-c5c8ac1e1d65,dd807aa0-b994-4f73-a822-d85e43938521,Electronics,5,19.69782517,98.48912583,28/02/2023,a5f70118-99b2-4d9c-a783-a4433bb8381c,PayPal,Cancelled
f6580878-1c5e-48e5-8784-5e62b0cd59c2,f58169bf-a3a7-4ee3-905d-1bdff9ec97c6,Beauty & Health,5,338.42968,1692.1484,18/04/2023,9ea32256-65d3-41d0-b31f-11fab49de1ad,Debit Card,Cancelled
427be43c-fbe1-4dec-8759-2edab95a0b85,27bd60cc-6c77-47c6-a156-9382c0d0e3f3,Beauty & Health,5,133.3546934,666.773467,22/07/2023,017bd7fe-7474-4ce6-90dc-62d7f539fede,Debit Card,Refunded
684fafec-a5b5-4aac-89b1-e2e6619a5725,60f295e0-28fe-4d0a-9cbe-0be02b98a290,Home & Kitchen,4,24.38798039,97.55192156,04/11/2023,38b70050-ee47-4e79-ba66-6adfc8aa1fa6,Credit Card,Completed
726c0d99-96f9-4f88-bf4e-fd302bddd8c5,dfbd220a-24da-4bf0-b72d-2f17710d4909,Sports & Outdoors,1,294.5236895,294.5236895,31/03/2023,6cad4356-c4b7-454b-9f56-a6e12c80776e,Debit Card,Cancelled
172a8f83-8d94-4701-a6b1-df8154736ed3,d3fc8454-7eeb-4215-a8cd-6fbb7ba2410b,Home & Kitchen,1,10.59863939,10.59863939,15/02/2023,b076a9be-69b7-485f-9df0-0daa45d95234,Credit Card,Completed
c31cce79-d4bb-48c4-9bdf-0bb2adfebeda,27518089-d036-4d0a-9f3c-ffafc382650b,Sports & Outdoors,1,194.9711127,194.9711127,02/10/2023,230d15f2-93d1-44de-a691-4a0347c1db26,Credit Card,Pending
d6ce1692-b127-4d4e-a692-248bd1b16691,a7c6ac78-9f67-4c45-84f8-a0181517a2da,Books,2,65.46192489,130.9238498,21/05/2023,3baf521f-a556-4c93-aa46-2561ad721ccd,Debit Card,Cancelled
6be54b81-8fe7-4f8e-8c1d-1b884565bb28,f855103d-296b-4d47-b0d3-dd5030b8fd51,Sports & Outdoors,4,105.4248957,421.699583,26/03/2023,d0da1dae-9e4d-42b3-8ffb-226a77f7f66b,PayPal,Refunded
55f78890-f02b-4cb2-8e58-3e0e700a7758,df7e18b1-20b1-4dfc-a910-7034f8216db1,Beauty & Health,1,23.65199437,23.65199437,27/01/2023,2a69cdf2-650b-482a-9d97-9d152c65ecdb,Debit Card,Pending
22b5c184-371a-420d-9ec3-61bfe2e26e54,c3f870dd-6ad8-4b3a-af16-857a79fea7ac,Sports & Outdoors,5,152.3355945,761.6779723,23/03/2023,f8b1da1e-c650-471a-be10-832debfa2050,Gift Card,Completed
025b3314-0c16-4e64-a7ad-2dcec52d66d6,5ada746d-0ac3-44aa-81e5-d970ccabde69,Electronics,5,377.8662635,1889.331317,04/06/2023,a7998265-c525-4445-8034-ab92aaa2a51a,Gift Card,Completed
7d1038da-54b9-46a8-a1d5-f233db0dd0a0,44229fd0-bd23-4bd1-95c3-b3cf9ffd25f4,Home & Kitchen,3,13.42232554,40.26697662,29/04/2023,3d965ec8-8284-414a-a36b-531ed6044d28,Credit Card,Completed
a36cc83d-89a6-493d-9ac8-eac848ab50b9,93b6a4c5-883b-4a53-b628-a13a27c9359f,Home & Kitchen,5,124.1222144,620.6110722,20/10/2023,6348cfe9-31b1-4d38-9858-a99c0a697c19,Gift Card,Pending
896c83c6-1bb3-4c89-9e03-817efe5be3cd,88975eef-82f1-43a4-ae37-17f05545c522,Electronics,5,323.1226818,1615.613409,25/07/2023,a96740f3-8f1f-4216-9eea-c2f4ceb9b5e5,Credit Card,Pending
7e681a41-74cc-40cd-823d-168539440251,0545836a-5cc5-492c-b246-59258571c4f6,Beauty & Health,5,306.0088743,1530.044372,10/04/2023,ace5fdcb-0e9f-4b02-95ae-ff48e22d733a,Gift Card,Cancelled
2c97d4e4-872c-4f7b-b6eb-4e8bf8f4feb8,787cda3b-5340-460b-a17b-71626ca6598f,Home & Kitchen,1,45.19383396,45.19383396,08/09/2023,e92d19b8-baa0-48ad-a63d-7d0f715721bb,Debit Card,Cancelled
df123ebe-cc41-4be5-8a0b-2e6d3a3d3d46,678e206e-b0ec-46c8-b040-5a732e14b767,Books,1,456.6658548,456.6658548,20/03/2023,d6e6912e-786b-4d0c-b550-489ec67a615e,PayPal,Completed
8e38354e-86a9-454b-b282-f8dd7b48dbcc,d2e1988d-258a-4d30-a396-dba7748f97ca,Beauty & Health,2,393.9659693,787.9319386,30/01/2023,8244202d-8d31-4086-a89c-a166bdd4306b,Gift Card,Pending
f7b2e09f-cec0-4974-91d1-270c9b3fc894,7b952518-1a60-4741-a655-c9a8671e9aa7,Home & Kitchen,1,393.5165316,393.5165316,23/07/2023,c59af75a-bb3a-4378-b299-aa3462c06162,Debit Card,Cancelled
ce363fbc-e62c-4f09-be0c-f749f5b090ed,27b05ec1-e438-46cc-8808-5b07e327a736,Home & Kitchen,3,76.32494352,228.9748306,08/08/2023,b59cb889-8ed7-4c42-8507-2a8c823272de,Debit Card,Pending
061a5c11-cfe0-449a-9b0d-012c5fd42ac3,7c7a5b31-9029-4e9a-b887-0cb9883596ea,Home & Kitchen,3,485.8439666,1457.5319,14/05/2023,c64dcad4-6b11-4822-bd71-1162fa380d6c,Debit Card,Completed
7388c3a9-7662-491a-acce-29a15580dadb,68cd0ab6-9fe0-4649-b307-e18cabd8482d,Books,3,200.0917438,600.2752313,27/07/2023,74ca2ff0-f326-453d-9399-833ee5e38184,Gift Card,Refunded
3b422413-6e81-4557-bc65-9d6afffeae28,e81512d7-512e-412f-a675-98ceb2aa9021,Beauty & Health,4,130.7935194,523.1740774,03/05/2023,918e6580-786a-4f49-81c7-3c9c1101c02e,Gift Card,Cancelled
5833f72c-8e6c-4b51-b4ce-b17f6980fb32,a9808c3d-7e75-45e6-a050-15d428d80b0a,Books,5,339.3847183,1696.923591,08/04/2023,a3abbb44-3c9f-4ee3-b235-ef1e27688005,Gift Card,Completed
656109c8-bf01-46e1-8327-32d423efeb8e,8d03d1ef-143d-4fd8-992b-54be856b7a65,Beauty & Health,2,376.1994654,752.3989308,14/08/2023,78f7080c-bf2b-4342-bc09-62b1dbb1bff2,Gift Card,Refunded
a778fae1-862a-40bb-ae0c-329f0cc0cc3b,e1f3cba4-bd37-49b4-9d9d-c380d51e3329,Electronics,1,72.16315901,72.16315901,11/11/2023,357beee4-e686-4c0c-b0fb-c021e431164f,Credit Card,Pending
df0ea4bc-f10f-42f6-92d8-2205c689aa88,4171616a-1953-4e30-b438-7b16b0904e29,Books,5,482.4020965,2412.010483,31/10/2023,4bded801-8485-4813-bdd7-f0129a865b8c,PayPal,Cancelled
407b0b80-bca3-476a-8fb6-d9f3d71cef17,36cdcccb-8e53-4752-8b6d-7adc1a8f7f65,Sports & Outdoors,5,408.7525128,2043.762564,20/06/2023,655cd542-6371-4a17-a7a4-58112c0355a6,PayPal,Pending
5e5eacd3-597d-497b-9c92-86ed1b1a922d,c5603fd9-b36c-4c3d-9b73-fc3f2f254d55,Books,3,60.23127583,180.6938275,01/11/2023,be155a29-d13c-4121-8f64-9e6d1f75c1b6,PayPal,Refunded
54bc7592-59ca-4120-b3ba-cd8caf03a83e,c60ba680-2b9b-442a-976e-351b04b71183,Clothing,3,157.8789661,473.6368982,20/02/2023,2161910c-bd2f-462d-bd78-fa9d182ded24,PayPal,Completed
6c2d21e3-57d4-44c9-898e-c6b208288cef,db9d7764-f483-43e7-9ada-c7d69b096226,Home & Kitchen,2,394.8467195,789.693439,22/09/2023,1893365b-a17b-4431-93e5-e6f12a5ba424,Debit Card,Cancelled
2d01a95d-fecd-4489-ac81-79391615628c,8bc9f99d-25e0-47e8-8eff-2cdbbf9853a8,Electronics,2,467.4975667,934.9951335,24/08/2023,07b8a654-bcca-40fa-8ba2-313b509bf38a,Gift Card,Pending
3fa00815-cd44-400f-bb12-c703a651cfa3,2ca65dfe-5920-4a5c-a968-d386d7500258,Clothing,3,43.94785233,131.843557,15/11/2023,56a7c960-8bf2-4b78-a50b-310f87c0ca5f,Credit Card,Refunded
8742f5c1-c86b-4f32-854a-f708473564d7,4e2336aa-2db7-44cc-8147-dc4d339fd626,Beauty & Health,2,139.8935467,279.7870933,30/05/2023,fdac6a0a-7f40-4a05-bbb3-608053d569e7,Gift Card,Pending
3bab2740-abe3-407b-9eb4-59165161e974,f4aad40d-d3e4-4596-94d4-9f4e04113afa,Books,1,139.8290744,139.8290744,30/10/2023,e804a6ea-0eff-45c1-b80a-7293b04a51ab,Credit Card,Pending
49681a75-8695-4332-9d90-afe1d59fab5f,208a0cc7-457e-4c79-8bdc-941fc29d3a7c,Electronics,4,260.1836264,1040.734506,13/09/2023,6ac4150d-a6d9-4c7e-a6d6-c501c8f0fa9a,PayPal,Refunded
900433d5-48b4-4d78-902b-b1f48aa95906,17aa144d-e5d1-42c7-8ffc-12ff7d035a2b,Clothing,4,325.066907,1300.267628,20/02/2023,4d9dcec3-3947-4dc6-a970-28605c9b9ef9,PayPal,Refunded
527267c2-1135-44b3-9fac-5d7338e5bd99,cac6c730-37dd-4294-8138-a3fa8792728b,Beauty & Health,5,97.81828695,489.0914347,06/08/2023,bfab25bb-34c7-4325-a863-aeebe31854bc,Debit Card,Refunded
dff7a169-1f6c-4eee-b9b2-f7c0edf7b996,cc960486-d874-4771-ba48-5e0315db3bea,Books,3,168.7120053,506.1360158,04/04/2023,fb612452-e7f5-43f3-91cf-c0169a285a37,Credit Card,Completed
a6ba8fe1-8304-4948-9fdf-da733ea623d3,ebbece88-14e3-4302-81bf-496e19de1fd7,Electronics,4,381.4056535,1525.622614,30/03/2023,ace2fd57-667a-4b98-a5c1-2f04ec7e767b,PayPal,Cancelled
025cffd4-b678-4e2c-aba6-9248c6ac33ca,edb42b45-a7d6-44a5-934c-dd29ea00c164,Home & Kitchen,1,488.1389748,488.1389748,30/07/2023,e47fc652-e2c3-4985-97c3-811fc2995c1c,Debit Card,Refunded
dcf94870-d69d-48db-ac36-345bfb9092f4,66a3c0e7-9f10-41f3-944d-bba42e0645e7,Sports & Outdoors,3,178.6504616,535.9513848,22/10/2023,5c55f5d5-b441-4c5f-89a5-3fc09be8e6ce,Debit Card,Refunded
0185d7ad-728b-4e2b-92ba-9f1431e2068b,2818239f-e19a-4f72-b3d5-6e31df408d9c,Beauty & Health,1,249.2971358,249.2971358,08/05/2023,0e3a0d27-b1d2-4ed3-adc8-263796e99578,Gift Card,Pending
f7b55f03-56e1-4acf-9fd8-8f6414530b67,7d516a47-1c7c-42f5-bab7-20fa98807e35,Home & Kitchen,3,182.0586003,546.175801,30/03/2023,a4f20b4c-9a9f-43e9-b65b-de5aa4c17a19,PayPal,Cancelled
8c7a748e-c303-4b96-9380-b62400523cfb,ca20c737-800f-4354-8681-44427f7637c4,Home & Kitchen,2,277.5673788,555.1347575,11/05/2023,2ea674cb-47ee-4fe5-a3f0-dd24896656e4,PayPal,Pending
b5e08516-54c2-447f-97a4-bcc0922fa913,70b2819e-e226-4052-90dd-bdfb29467080,Clothing,5,199.0456838,995.2284192,29/09/2023,e01bd7e2-1714-488f-86f8-b9225677648e,Debit Card,Refunded
aef28f98-072e-4a64-a958-1ac053a73c5e,7676a8c7-ab69-42f3-b6de-b34a1b08aba9,Beauty & Health,1,130.716318,130.716318,23/05/2023,9b89acbe-8ae5-4af1-92ab-05de431c00f6,Credit Card,Refunded
c4e62afa-44c5-4d2a-b888-a6fb10fa12c0,e84edf2b-0ddb-4407-9107-1dcc09a63eae,Beauty & Health,1,275.2819256,275.2819256,19/07/2023,5ab292f5-fc62-4686-af60-fc04cf58dd38,Gift Card,Completed
088ede6d-1290-4a1b-b86e-15f942a74192,2bd1c6f3-2005-4086-821f-bd29555eaa63,Electronics,3,166.2564427,498.7693282,12/05/2023,1ecebdde-e1cd-4ba9-a256-4e706b9e30f8,PayPal,Refunded
c3eb5a0f-f9fa-403a-967c-1c2e96e9ac0f,da3e4bb7-e4fe-4b33-a50b-55d2ff7ed675,Clothing,3,56.14340742,168.4302222,15/07/2023,b2152c21-c459-4a3b-9531-8a47cec078dc,Debit Card,Completed
8a4b9a5b-a45f-41dd-be3e-caaed27d54e8,dadc9ee7-be5e-4dc9-bc79-5e1330f34ecb,Home & Kitchen,5,340.6369864,1703.184932,24/04/2023,b39ec961-6f03-4b7d-ba21-4d5b10867262,PayPal,Cancelled
8c188f28-487b-4df0-94d6-d76f7ee601bf,70f70522-ef4c-4be4-b2b7-15b2ad84be16,Home & Kitchen,2,245.075223,490.150446,23/03/2023,10f042d7-e858-4ee4-b2b5-dcd1bf9f6cf2,PayPal,Cancelled
a46eea44-1b17-41a3-8c3d-c8179a6d7a89,8ad99961-799e-44ea-a89c-16035ac4e000,Beauty & Health,2,336.0722411,672.1444823,19/07/2023,97bf4ba3-719f-4330-a6bd-0c6165ab9cd8,PayPal,Completed
64b7cfb9-8056-4b6e-92a9-6feaaf1bb3fb,14452829-1b3e-43b9-ba01-9d4264b08b7c,Beauty & Health,3,123.5811267,370.7433802,19/02/2023,da98ffff-9e39-48b5-b806-e90b03445f30,Credit Card,Cancelled
6aa18c81-631d-429e-b977-ad6aa69f84ae,5216abe5-00fb-427c-b4a4-46d56cf75f3b,Electronics,3,96.9511277,290.8533831,05/07/2023,a0ac6357-ff00-4a02-bb42-21ec22a31af6,PayPal,Cancelled
bdd5903b-e6e5-4325-968f-3a6dc8c33b36,a21f5bb6-835d-42c2-bb65-3d89bac04e97,Sports & Outdoors,5,13.74038871,68.70194356,01/09/2023,6027478e-a6cc-4569-80e5-981d07e1e317,Gift Card,Completed
a926db5e-1355-42ef-88ce-99ffa34a4555,513b5c5c-d7ef-45a6-b05b-bc62e37649ad,Sports & Outdoors,2,348.7264722,697.4529444,09/02/2023,a21e7cb7-7ec7-4ab8-97c8-ee7fbd7b560f,Debit Card,Completed
9de26bd1-373e-4984-93db-1bb67c59e411,58106f1b-1b9e-45e3-8aa4-5e869d7be6b6,Home & Kitchen,4,434.7379478,1738.951791,04/10/2023,dd43af14-caf9-4aec-97da-5224a0fe3449,Gift Card,Refunded
a998a5c9-f045-438e-8ad1-47374445bbc2,68f4dd98-a242-4b3a-8278-9323233d8594,Beauty & Health,5,241.9599446,1209.799723,16/01/2023,4abf2cff-fd92-4a71-9f00-7ea588cb82f7,PayPal,Completed
bdae04b9-6325-467f-9bc3-8bf04a54c2fa,bd3a06f6-4e94-4c99-96ce-0e2d15039841,Sports & Outdoors,4,73.18251134,292.7300454,01/11/2023,8ddc3b03-9a3b-4c46-a852-2cf8528b4d87,Gift Card,Completed
712ab7b0-5f89-4f1a-9f93-638d11b3bcbf,389a4d73-3cd7-484d-9df3-7aea8f446117,Clothing,1,324.0805257,324.0805257,19/01/2023,1d321fc9-9ece-4b8e-a944-0baad95f278f,Credit Card,Refunded
0579b33b-a7fd-42e7-bd43-cfb518120f79,df787682-c9ac-4323-b3ef-4a290f0eced1,Electronics,4,404.4036765,1617.614706,02/06/2023,50f8f4c3-aa16-4ab5-8bb3-d28c925d828f,Credit Card,Pending
8d3ffd3b-de60-4c37-b650-4c139d80f9e9,004e7863-fb5f-4b20-ba4e-61bd63f84f24,Beauty & Health,5,339.1354202,1695.677101,22/12/2023,862b03dd-b2e3-4e80-9a0c-684bf7911b6e,Credit Card,Completed
e6d0b068-3718-4950-b589-133eaf117da3,d5c1a090-f2a7-4a7a-9d0a-1219f5325b78,Home & Kitchen,1,35.25364696,35.25364696,29/05/2023,368e25b2-54dc-4bc3-a0f4-ee163571c12f,Debit Card,Pending
522e1c65-f11f-4dda-8029-f4a67ab6c539,4e31dd1e-7bc1-4b56-a0ac-299e5cdfc4a3,Books,2,382.3863325,764.772665,21/12/2023,5cf3302f-b0d3-448d-b9f9-e69e34115f94,Credit Card,Pending
3ac67723-bcde-4bd4-8944-e58c41130b64,91a712f4-71d7-47ca-bbb2-3600445a0495,Home & Kitchen,3,43.82913803,131.4874141,15/05/2023,dc5a27e8-aa4f-4853-b2e6-1859a2b0d7b6,PayPal,Completed
f05e9a85-6829-42ad-b75b-bffb13de3fab,a6effb84-fe98-4743-9821-ae7ebb8940b5,Books,2,121.0390143,242.0780287,02/04/2023,5553f024-d384-4741-8901-c385bb5d9cda,Gift Card,Pending
da7b5430-cac0-4417-9b00-83278d97d55f,0c511b35-e841-484c-a066-307ab63551bd,Books,2,166.1489955,332.2979911,31/01/2023,7bdf5ee6-193c-411b-8433-bdddecff3ad3,Gift Card,Refunded
b826a152-7e33-480d-8ae5-85c79f0d6c8c,b1557f59-aacd-4f44-b2ce-070679637139,Sports & Outdoors,4,359.4968878,1437.987551,26/03/2023,f433af3d-6834-486b-b236-16e250f1f152,PayPal,Cancelled
2da941e0-6bf0-4c1c-b103-26bace456487,7b232284-d40c-4340-a257-546234427d3c,Electronics,2,432.2481739,864.4963478,21/11/2023,a69ff44c-b689-457a-b444-0180a65d77a4,PayPal,Completed
f3abb02d-4827-4c5e-9097-5ae017a5ff46,c106ee74-c485-4dc9-bde7-f6abc3b0dcad,Clothing,4,322.6499461,1290.599784,19/02/2023,a320b713-a180-4095-8012-b7ad8d32d1b0,Gift Card,Completed
ea078b46-07e3-48ff-8fee-6a159271a361,3c66b702-d69f-49ef-bed0-9a587b937702,Home & Kitchen,4,76.73081081,306.9232432,16/04/2023,7ab6d58b-0db7-4b1f-9c3b-ea6227023de1,Credit Card,Cancelled
31eb5d99-fed2-4762-b561-505b8d4e9a24,76b7f674-ebb1-4c03-9a04-a2bf8a61f15f,Home & Kitchen,4,18.23604482,72.94417927,29/12/2023,d69e66fa-6742-49a3-8f7f-215edef96a2b,Credit Card,Cancelled
12f8b05c-2f0f-428f-92f4-042508ecacc5,ac520d7d-59c6-455a-9b98-2575b684d9bb,Electronics,1,108.5840868,108.5840868,27/09/2023,a26ee9ff-1a31-4411-a01c-ac3fb90d63da,PayPal,Cancelled
81c0cb9b-e19e-4288-a44d-d47d75c9df45,54180c5e-8063-43c0-965b-ac311523ba71,Beauty & Health,3,376.6636716,1129.991015,01/05/2023,e5f670d3-8510-46f2-ba35-163e2fa52cfb,Debit Card,Pending
ba80c707-3f8f-4664-abae-b57d8b0af628,868849dc-b851-4521-8d1c-37ae5fde042a,Beauty & Health,2,173.4673608,346.9347217,23/11/2023,8e0b547f-fe85-4e8f-a78e-90410b8e7467,Gift Card,Refunded
059ed599-ab6e-4a3a-939c-6c7c4a427cd7,11d64c45-5740-4c58-a368-3e3c1e0b229e,Books,5,425.530268,2127.65134,11/07/2023,5cd06feb-b2a4-43b5-9de6-216fb23f6c0d,Credit Card,Cancelled
817bb7b2-9f41-4c20-a753-6fdaaa4febd7,1b894146-e981-4029-bc4d-f3856fe77bf7,Electronics,5,128.5520365,642.7601824,09/02/2023,75ed9d48-ebc6-49fc-b650-6b17b50d62a0,Credit Card,Pending
2ad552bb-c443-4bf4-ab8a-ab07ee547c45,22430663-8940-4bba-9d9e-5569b9ce12e1,Electronics,4,462.8641656,1851.456662,29/12/2023,b433ccb7-c863-47de-9e98-203e6cc56ee7,Gift Card,Refunded
66e0961d-897f-44a3-be85-b6b1bf20c667,4eb584a6-3757-4775-a33f-5c5462991dba,Books,5,257.0151213,1285.075606,21/12/2023,8a5f795f-9524-4bcf-9c89-eff3402d8845,Debit Card,Pending
6026861c-9ef5-497a-b548-b0d8c282e0e1,9387590c-3cea-4966-837b-1065ab8cb980,Sports & Outdoors,3,486.3797427,1459.139228,16/01/2023,cd4b84ed-1d4c-4131-bad1-a5b372892251,Credit Card,Cancelled
8bc501b5-695c-493d-a0ce-31fc317d7de9,02e4ba64-87a3-4299-a019-7b9756495adc,Clothing,5,264.7627326,1323.813663,13/10/2023,0c99de3a-2fbc-4012-a030-5a4ee47f80bf,Credit Card,Pending
ca001a8f-87fc-4d57-8470-755d9ada66c2,5115f6a6-5b7f-433e-a192-e55d2848dab0,Home & Kitchen,3,492.3818994,1477.145698,13/08/2023,b32bf1d3-c38d-4844-b815-124fd3a9c68c,Gift Card,Refunded
29d7230f-350c-44aa-bb3f-3e4f3df283d5,4b4a0fdd-df29-4866-8288-1b05db50f9d3,Home & Kitchen,3,302.7839436,908.3518308,29/11/2023,9e56e26e-daec-4bbc-b693-47b0e6ccb47a,Gift Card,Refunded
80c34f75-9c3b-4022-88b6-efa8a58116d7,db03f5cd-0a09-4ab4-b4cf-f0cfe796fdae,Books,1,354.271362,354.271362,19/10/2023,4818d757-c20c-4b10-aea2-21e3ecf8b2b8,Credit Card,Completed
504b522c-335b-440c-aa8e-64902e9d3b6e,fae976be-6f36-43e3-b046-6e2d59357535,Home & Kitchen,5,499.9569746,2499.784873,12/08/2023,cd1472e9-2a12-484d-b496-fc6638dc948d,Credit Card,Refunded
02429cdf-fb54-402e-94db-1e10adbb585d,8c6c506b-4bef-4789-adf2-08578bedbe2c,Clothing,5,185.699472,928.4973598,19/05/2023,4ef34ea6-2800-49ed-b419-09a465177ad5,Credit Card,Refunded
7bd43570-f656-4a50-b404-560b45b90e5b,1d5d7aa3-79b9-4650-a0a1-82ccbd38678f,Home & Kitchen,3,191.9108994,575.7326981,29/08/2023,a53aaa8e-9af1-4b1a-8450-0196c74da5af,Debit Card,Pending
cb944df5-e601-48a9-ab9d-76edd45455d9,4e4009c5-c21f-4dd8-9d92-403eea3ecbb1,Electronics,3,453.1189057,1359.356717,23/02/2023,22c743ce-a652-43ad-a748-e048c366c51f,PayPal,Completed
c32f59b4-c5d8-44d7-b867-a0f850676390,54771815-e562-48a4-8fbe-0d3f9ff11fbd,Sports & Outdoors,3,423.6444335,1270.933301,21/12/2023,d4ddbe36-f16b-42e9-b774-9f22627894c7,Debit Card,Cancelled
415e16b6-8469-4e97-92e5-092d91bc7057,1cb6d55b-23cd-43f9-b633-8d3b875f7d7a,Sports & Outdoors,1,24.82131479,24.82131479,06/07/2023,ed4c5dd0-3feb-4c50-af0e-0736f77d13c1,Gift Card,Completed
deab55f4-dfd8-41bb-a8fd-e324f0923bac,405d3230-ee1e-46e4-80bb-2415ec515bea,Home & Kitchen,5,238.6126507,1193.063253,09/03/2023,583d54c8-0906-43eb-a231-65359d0d56b1,PayPal,Completed
e68fc94b-c923-4c82-8a7f-b68a6d32aa8d,d62fe2cf-da80-40dd-b683-c4233feff15c,Clothing,1,346.4645035,346.4645035,13/07/2023,f9b07b1a-8b65-4812-83d5-9fb2f4ab9fec,PayPal,Pending
e66c6d58-8bef-4737-8f58-a7ce86064b8d,9af3b9fd-99a2-4257-a331-288650327f30,Clothing,5,200.7494209,1003.747104,27/10/2023,1a15cbd6-dedc-4f79-b451-b3c5175216ba,Gift Card,Refunded
6255476e-6adc-4cbf-9b6a-c659702d8ac0,c0a2ae4d-1035-49b6-ba09-8b3debdfb67c,Sports & Outdoors,5,94.26954831,471.3477415,01/02/2023,e722393f-a72b-446a-9832-b2f87ce61430,Debit Card,Refunded
c7441d87-c6ba-48ee-9fce-d820cdb1c677,c157b103-c732-47b5-b90e-cdbe70ec9836,Sports & Outdoors,2,202.8235096,405.6470191,07/02/2023,6a85dc52-20ba-4880-9302-80fb954283a0,Credit Card,Cancelled
f15db95c-b1ea-445e-b780-8372a415ea20,d19499d1-d5cc-45c8-aafc-11d445f2cad2,Electronics,1,95.17887584,95.17887584,24/09/2023,12dde1ab-28f3-4877-85c6-f0f3f8a47e46,Credit Card,Completed
7dd30ace-a246-4d28-91fb-97fd8d62a669,6a3ab311-29c4-46db-970a-81cc4e74393c,Home & Kitchen,1,388.1993478,388.1993478,16/05/2023,f083995d-21b5-4724-8e24-3d238f64b046,Credit Card,Completed
0b6729b0-95af-4495-8f9c-3445a45cadcc,5a207fd7-7bf5-4292-927e-7f223ddf09d2,Electronics,5,412.7050166,2063.525083,23/10/2023,070ae77c-3523-43e7-8574-4bff3b591bbd,Debit Card,Refunded
83236941-a8b7-4919-975e-e494439d0808,3ff9aab3-778b-4bda-92ab-d50e2cc42b45,Home & Kitchen,1,471.2753667,471.2753667,23/02/2023,dc7557bf-d531-41d6-bf3d-3dab3a648370,Debit Card,Completed
c0496dc6-e8e6-4393-9cdc-438b429c9150,1c678e76-2cf0-436b-b975-cde6d6c5c177,Home & Kitchen,5,200.3982161,1001.991081,15/08/2023,b6a9e444-6eda-4795-bb2e-505bf63588b4,Debit Card,Completed
d0a22d96-7842-4e25-ae82-292a2f600f01,ded2b964-3f03-4af6-9d0e-b7eddeb178dd,Home & Kitchen,5,10.4901279,52.45063951,19/12/2023,138105b2-078f-40e1-ab25-5bf1fcff8c30,Gift Card,Refunded
2543afa5-2c78-4e40-8076-30586f17e4dc,47d84297-f202-41a7-bc4c-59599fb5ed8c,Clothing,3,99.66299723,298.9889917,22/06/2023,8c39123a-52c7-4740-a4d8-692f8df79c40,Credit Card,Cancelled
24be2f56-7433-4897-bc5a-5b049eb65acc,b82db60e-2c38-4405-aef2-2e5162432423,Home & Kitchen,4,444.9986194,1779.994478,20/03/2023,25f5933d-6187-43cc-b474-4877e9cdc506,Debit Card,Completed
91d4e55c-2e91-49f5-9f31-7d25e331323a,8642c03a-9cca-471d-bced-be5af29c84c0,Home & Kitchen,4,202.6221577,810.4886309,24/11/2023,7a898ccf-2fcf-4930-a012-80a68926dd24,Gift Card,Completed
b599ec99-4b03-458c-a60e-634cb60a3e4d,1c8f1303-3b40-473c-a3bd-4aa6de3d608c,Electronics,5,362.9279884,1814.639942,29/04/2023,fd4c96a2-9b99-4b10-834a-20629ce2209f,PayPal,Cancelled
b00d1208-b12b-41d2-98d6-e89c1942f101,1fd90f25-2a63-4595-85ab-7dbcdfdcf5ed,Sports & Outdoors,3,118.3617229,355.0851687,04/10/2023,c5fe94b0-f0e4-420e-a9be-c8e1477e53c3,PayPal,Refunded
bd1fc7aa-a21d-49b0-a8f3-ce1251218625,6958d26e-985c-4cd3-869c-98b2e5b34ed7,Books,4,44.1296723,176.5186892,10/04/2023,7a391e04-4ab8-429b-92c5-992cbf19034e,Credit Card,Cancelled
73499562-54ce-444e-a6a1-66ddcd0c7c0d,25d4988d-13ab-4c22-8c18-af94dfa92149,Sports & Outdoors,1,109.6260392,109.6260392,22/11/2023,bc64322b-5046-4908-aca8-af5d2c83b559,PayPal,Pending
306ac843-5d15-4fb0-bb81-e6c16682fb94,3bc53354-8cf9-4807-9f93-a46c6e2abcea,Home & Kitchen,2,47.54585737,95.09171475,30/11/2023,d4f6f31c-9c46-4cb0-99e9-6d79d207771d,Credit Card,Pending
94b9f7bd-00b3-492c-92a5-78eb277af78d,25766cc4-f9a9-4396-94cf-3105f815c3e9,Home & Kitchen,3,393.3422822,1180.026847,11/07/2023,0479e128-4573-4dfa-bfd5-9cdc76ba3de5,Credit Card,Completed
52d444d2-48a6-43a8-bafe-b2ae143c1f9a,6a6d7d8f-7204-4319-a272-c136c08474a4,Clothing,2,423.7646124,847.5292248,07/03/2023,e1864f8d-6751-4d98-8ad2-251b50458120,PayPal,Pending
0af97961-6c2f-46b5-a225-d539a58ef246,9541cad2-00ac-4ec9-87fa-d734a6b037e4,Electronics,3,346.7425752,1040.227726,06/01/2023,14bbea1b-b9b8-4b76-b89b-28fff6080a27,Debit Card,Refunded
a2395345-b6d0-423d-9a34-6909c7cdc50b,93732d90-3c94-41a7-92e3-b9a7941a3f50,Home & Kitchen,1,426.864267,426.864267,08/08/2023,fff470ab-a2dc-4037-a994-e3dd235b4412,Gift Card,Cancelled
7a74c5fd-a7f3-42d9-8dc9-ae250a004919,4d6dd327-05ee-4015-abcf-d6f88dfabe94,Books,5,370.8250522,1854.125261,24/06/2023,d14bb0cd-53d2-43a5-8ac0-ea4bb7269696,Gift Card,Refunded
e7fedc4b-16b5-4401-9ab4-740b11dce582,95e56aa6-136c-4b9f-b353-bbc6db328e83,Sports & Outdoors,5,493.2802567,2466.401284,19/11/2023,50be99d4-050c-4417-b03d-e97713dc9ea0,Credit Card,Pending
139ea28c-8d3f-4b02-b254-8ca26879bf82,2bdfc169-4a6c-48cd-a46d-96e2d279e50a,Home & Kitchen,5,18.23813678,91.19068391,04/01/2023,dbc8a2f0-e426-4b3d-a542-be05d7451a42,PayPal,Refunded
8185b98c-d475-4374-a0af-e62d6dbce72a,ece8c015-ce56-44c4-a8f9-964e971c7b0c,Sports & Outdoors,4,37.58851899,150.3540759,11/05/2023,bdf57f3c-20da-4b77-bb84-912e99bf4ebd,PayPal,Pending
a04f8a8c-b6d8-43f6-b577-feb379423745,3ff37a53-ec63-4a8a-af7b-659d6d4bc604,Home & Kitchen,3,190.3544624,571.0633873,13/01/2023,5aab60c0-2cf7-406e-a34c-a8d01facb42d,PayPal,Cancelled
295e99c0-709d-4924-bb50-20a4ab15654a,e8f376f3-b5c2-4506-a352-c9e4c70323c3,Home & Kitchen,3,85.89065746,257.6719724,05/06/2023,1ba5d657-8ac2-4f16-9159-06df9a2e777a,Debit Card,Cancelled
3f155a0d-a747-4302-afc3-08454b02733c,0961cf29-9afe-45a0-a5a7-3e2d08c6c205,Home & Kitchen,1,252.2711796,252.2711796,23/07/2023,57f7d1a6-11bb-452d-b8fc-c78e7be54b36,Gift Card,Completed
3292229a-75fd-4e4f-81a8-e644a209b93a,2000e1ad-c655-489b-ade3-d0f7d998eb97,Clothing,1,10.09248265,10.09248265,20/01/2023,62a04417-8a3b-40c6-858d-e2fe96d44fa4,Credit Card,Pending
16b97f7d-bc37-4b9e-94d7-3a45ee352cf4,564e7bd1-0a01-48df-9148-752d36506559,Sports & Outdoors,2,81.17146586,162.3429317,17/07/2023,bd936e65-b2b4-4889-9aff-e16123fd5601,Credit Card,Refunded
28be7f3b-571e-4dcd-ba1c-1cdc39b2e4bb,aca0335c-bf18-43e8-8e90-b0e6069cb330,Books,3,429.9426885,1289.828066,16/10/2023,3ecde84e-4fb6-48da-9b65-29eaa02bfa57,Credit Card,Completed
1bc33c99-ed0b-4fc5-9d1a-54a8a16b799d,00a9ec07-fadd-4e72-99f1-0527a6da3460,Electronics,3,89.72511203,269.1753361,16/04/2023,e4fc71d8-9211-44d2-b6cc-14bcd7c25909,Gift Card,Pending
d8ea8aad-bf29-4330-b790-60939f98fd03,045974cf-5e68-443d-ac60-9d40f40314df,Home & Kitchen,5,14.50709452,72.53547258,30/08/2023,e9a864dc-c7ef-48cf-b2c9-b68b9194a0f7,Gift Card,Completed
c594f502-cba5-4731-bb8e-6e2a3ba675f0,c78fca62-97c5-402c-a5e1-8e5046723d9a,Beauty & Health,3,227.5315153,682.594546,03/09/2023,bdd6e787-81b6-48f9-8ed2-e893452ed106,Gift Card,Pending
a474b659-bfc5-4e1b-976d-84ec4da14656,de7a46ec-ce58-4e98-9e3b-3ad5d4b69b8b,Sports & Outdoors,3,309.49573,928.48719,02/03/2023,fcff0ea1-9edc-4c3b-814d-645d05bd9149,PayPal,Pending
48a262c6-00f7-46d2-a7a5-bc65eba61f0c,72670a8d-f3b0-4951-b9dc-54c3485eb36c,Clothing,5,31.45049071,157.2524536,01/01/2023,63738264-2ae1-4536-9684-01c7f648a553,Debit Card,Cancelled
f9a8a748-7b95-4e80-989a-c397504a379e,7ed91585-3204-4683-9163-7cc0403102b8,Clothing,4,169.7321959,678.9287836,20/12/2023,18324b71-2df3-4793-8c21-1f68e81a57e7,Gift Card,Refunded
2c02a005-40e5-4dd9-8b93-ba5efdba92cd,53424e8a-b2a2-4005-a641-2f34b864ff34,Clothing,5,181.7731539,908.8657694,08/05/2023,2ad239cf-124b-4f63-adb9-d441643db425,Credit Card,Completed
76f9c478-9e8a-42ef-a00d-b3c32bde8a86,e1ea0731-2efc-4a31-af22-4d33b2994ce1,Sports & Outdoors,4,432.7853951,1731.14158,08/02/2023,02bb797f-96a1-4230-a379-5b05c15e23ef,PayPal,Cancelled
903bda60-1695-4424-bbe1-6fd2fc55839d,f5ee274f-419c-4bd4-91eb-c99f862dc540,Books,1,166.824629,166.824629,10/07/2023,ebdba434-ca0b-4e82-9795-339d7b18b674,Credit Card,Completed
0c8d68ee-f400-438b-89b2-e535f84dfe63,911cfe81-0918-4a14-8e04-c25e19f737fe,Clothing,4,233.5056348,934.0225394,19/08/2023,68bb13a8-1faf-4db3-8f94-5143c088c178,PayPal,Refunded
d956cecb-caa5-42da-a2ee-a20a708c5ce5,2c7171f8-ba37-48e3-b7fc-35427134b983,Books,5,328.070792,1640.35396,02/01/2023,7002f788-bb8d-49d4-9826-9387bbe2b86c,PayPal,Pending
e42d3b95-b2bb-42f8-9c04-b6b12eecce85,8f211aff-803e-419f-95e3-e1f80edd3514,Books,5,388.6676366,1943.338183,21/07/2023,fa8cc5b4-96a0-4ade-95a4-a557f503d756,Gift Card,Cancelled
82a0f9cf-def8-4df8-b7e1-61077af01271,f207a459-ce5f-4d37-b282-b7235786c726,Books,1,115.0283681,115.0283681,26/05/2023,ba2c8fba-df4a-4432-812d-5f4a600fa229,Debit Card,Pending
31c53c9b-f520-4401-8524-2aad58f6d60a,b8032952-0194-40c8-a2ac-81e76752a6c0,Books,1,176.0911497,176.0911497,29/06/2023,ff93707b-209f-42d2-b846-34669a7863b5,Credit Card,Pending
08b2cb84-8813-4b3d-8271-9622acf6f95e,bd9e7e17-7146-406f-956e-d65dca739af9,Sports & Outdoors,5,343.9563848,1719.781924,12/09/2023,0cc98014-dc0a-4db1-b1d3-796429ba677f,Credit Card,Cancelled
a7f708a0-2edc-4afd-954a-906a3c0c84fa,3ef95806-cd77-489f-8ee2-fc71eeecf08d,Clothing,2,145.153514,290.3070279,26/11/2023,180a96dc-4565-41ab-8927-1910d8a4e759,PayPal,Pending
107aecf0-d5d9-4589-8742-7f7df3aba108,84ae4059-e0a0-4ca6-9495-e744f6fea91d,Electronics,1,192.0641731,192.0641731,05/01/2023,4621283c-249b-48af-a103-8e1db6f83327,Debit Card,Completed
542504ed-c4e9-4296-8a6c-81d1ce6ef3db,f460c4c3-0df7-4bbb-9b05-a9600e21719f,Home & Kitchen,5,334.2780202,1671.390101,04/11/2023,e170f497-5b58-475e-85ef-eec6b59f5b4f,Credit Card,Cancelled
12801121-ff2e-44a6-a111-bec801ce3cab,02da4064-fd0e-438c-818c-e9482f4c4d0a,Electronics,3,154.9102979,464.7308937,24/01/2023,1605e2cb-698c-4b56-bb93-c486ecd2ca74,Debit Card,Completed
059f914e-e143-4696-81ce-b692d29d324d,02bf7d66-f9d6-4a8b-bb18-38726cef53f4,Home & Kitchen,3,479.0286278,1437.085883,08/06/2023,5f81c5a5-079b-49a2-9afd-bbf5577d0b05,Gift Card,Refunded
f52fe207-13b2-4d46-9f5a-ecc9a11a9a7b,478fa0db-16ff-4ac4-88a2-cab8426ccf8b,Home & Kitchen,1,266.7140602,266.7140602,26/05/2023,1ba19cbe-ed2d-4ac6-8d17-87d4ffcfdee0,Debit Card,Cancelled
ec63bac9-5145-4fde-a0eb-1e04f191c7e8,0dd14647-cfd3-42dc-a47e-d654bd3938c3,Clothing,1,463.497875,463.497875,16/09/2023,e9ffb4e4-ceb2-4937-9b1c-2efd15f41572,PayPal,Refunded
229b6085-ae20-47f1-aa1c-fd20949f09d8,74cb3d99-3790-4ae4-9183-363ad67a8fda,Sports & Outdoors,3,252.1086998,756.3260994,19/02/2023,ce8d5d42-538b-48c7-b0d3-5968255ecf6a,Credit Card,Completed
2219cabb-fd47-4c14-b69f-baa15e94a900,bc7dd8a6-d3b6-429b-a502-8ec8c3c666fb,Sports & Outdoors,3,185.8978644,557.6935933,30/03/2023,4bf66cea-1b65-43d8-9dfa-646ea866b5eb,Gift Card,Completed
ec94f88f-377e-46b8-a0db-0d417e0cb1fb,f0969d7a-6e04-4a68-be01-b456a3d0c850,Clothing,3,323.4153521,970.2460563,12/05/2023,cbb7b196-43fe-4f45-aa52-8f9e790a3a63,Debit Card,Refunded
5174d860-7117-411d-8dfd-7d4ad531e1be,bd5d5b3b-640f-471f-97ad-32dacc257e2a,Clothing,4,311.6351818,1246.540727,27/06/2023,4b2b115f-4db1-4aa0-b39b-20f3d1d9e48c,Gift Card,Pending
93481bce-be4f-4ee8-943f-48746e242651,e7aad827-beb5-4189-a2d2-c38439a2000d,Sports & Outdoors,3,364.5919428,1093.775828,26/11/2023,7867e26f-b46c-4f5c-b25c-b8d14936b90e,PayPal,Completed
ffdd034f-4b87-4d42-b77b-b0c51bae67a0,0d20b54e-1d23-4e9a-bbf5-c25200a88954,Sports & Outdoors,4,350.8766759,1403.506703,07/07/2023,e24ee5d8-de81-41b3-8f70-54588302b68a,Debit Card,Refunded
a1dcd217-ad11-4e2a-9d3e-00d833f9fcf9,2f319903-5e4b-456a-b680-2150147d9c94,Sports & Outdoors,5,126.0026478,630.0132389,27/03/2023,d28fb700-5fac-431a-9b9f-372754ad7cc5,Gift Card,Refunded
636a66ec-c3f8-493f-a231-85a516c86b8f,bd64018a-7211-4041-9163-7d2dd535a96e,Books,2,329.1547897,658.3095794,31/10/2023,e0c966c0-d78e-4a42-93a2-b3de51a84d78,Gift Card,Pending
9b2dcd18-8c96-4ac8-bf65-83e92da69bbb,f2d0b135-46c5-4976-88f4-14fef50a072e,Clothing,5,327.3282075,1636.641038,12/07/2023,85296b77-509d-4aaa-a8f8-7db9acc4b743,PayPal,Completed
a9496a0c-68f4-496f-8f3d-1f84bf87b0de,8e51ce0d-6e22-4e12-a421-a8edbcc51a4d,Clothing,5,160.9281984,804.6409921,11/02/2023,741965ca-b2f4-40ac-aabd-80902dd8f30b,Credit Card,Cancelled
5867ccfe-1f0f-4ffd-80f3-b1545211471d,2f48480f-c0e2-4f3f-8e18-9afc83ea2946,Sports & Outdoors,5,65.75399961,328.769998,05/07/2023,4a1a98c2-7779-477e-8807-941cf39d7a41,Gift Card,Cancelled
6eb2adc1-b923-4adf-803b-9b9164126e54,7fbdeda4-f459-4e76-b062-3899e0278f22,Beauty & Health,4,211.9264584,847.7058337,27/12/2023,14098113-1461-4e86-bea1-ee603eca46fa,Debit Card,Refunded
ffe1440a-72a3-4230-84ff-fab942b3fa80,85190171-f873-490d-9e6a-afd74bd056d6,Sports & Outdoors,3,455.5433778,1366.630133,12/09/2023,e89d82fa-22a3-4e18-9bd7-e995c3aeb63c,PayPal,Cancelled
ebdb5949-f5f9-4def-872d-c1264c554b66,b34e840e-f634-44e3-9e22-ca2df9ecc5d0,Home & Kitchen,3,399.9510945,1199.853283,21/09/2023,69247967-16da-498e-a755-a84f8d6e2e88,Credit Card,Refunded
7795ec63-7400-4175-9c3b-b95c683b73be,a560bc0c-889e-4f00-8080-3482e657fcfd,Sports & Outdoors,1,295.7804594,295.7804594,22/12/2023,ee327b4e-0904-4c93-b652-eb992b517fdb,Gift Card,Pending
f8f97357-4311-4329-bb1c-c9d9c9f350a0,99e3c6bf-b313-4b84-b3d3-1caec54abcf4,Clothing,4,125.3889691,501.5558763,04/01/2023,fc59a75c-7bde-42ed-8f2d-276e8cbae144,Credit Card,Cancelled
75eed242-499f-4fc7-b427-ea068a51e79d,9567ce2f-d42f-4b07-a905-ed413c25736f,Beauty & Health,3,259.2784138,777.8352415,11/09/2023,c7b45e93-6d57-41c2-9a4e-9c4d312730d7,Credit Card,Pending
2717f5d7-9104-4afe-8461-903280045c1f,60d95ffd-2533-4bb7-90eb-f88dbbc6377d,Sports & Outdoors,2,179.9696861,359.9393722,18/11/2023,95f5da23-315c-41be-af0b-7420d5003e8f,Credit Card,Completed
1efcda5f-db60-4f26-8abd-ca7fb5ff9199,94d167a9-44a4-4612-91f7-a2a4184baabc,Beauty & Health,2,363.854584,727.709168,16/10/2023,e77dd35c-1c0d-4342-b562-194f74fdaa29,Credit Card,Refunded
6d2f6ced-2962-4a17-9b4a-452f872580ac,d5cfb165-c5f1-4471-b3a0-042978927a78,Home & Kitchen,2,392.8837077,785.7674153,08/12/2023,033d0aaf-1f28-4b00-b060-8934631f5d47,PayPal,Completed
557ea069-b719-4a4b-a7ba-73303393edc0,520aa31f-ea69-4554-9b3f-9cc78f908fe0,Clothing,3,20.78036353,62.34109059,10/03/2023,7b604853-1c01-4bd1-8230-7a6544cc2a9e,Debit Card,Refunded
0cb28e6f-e0e6-4449-a892-0ddcd27fe472,d404bc82-c113-4334-9bb9-59a583d3f962,Clothing,1,355.8179545,355.8179545,11/08/2023,cc18503a-26b1-45a3-ba4d-0e832a70192a,Credit Card,Pending
d71cf52e-62d4-4a34-b01b-e43849aa0184,d41d36f4-a3ea-4990-856e-bfec02959c28,Electronics,4,171.4569794,685.8279176,02/12/2023,48d1608e-8838-4e53-ac3f-66d91d87359e,Credit Card,Pending
c1c1d4f9-d416-4ae6-8645-1b9e42046630,c10f1be9-c122-409b-b832-6fc0eb8833ea,Beauty & Health,5,391.0354019,1955.177009,24/04/2023,a207ed49-2995-4e73-88a9-f98dcc426438,Credit Card,Cancelled
99f21429-5da8-4a14-81e1-d0fb1509282e,47127aa4-d5bf-4537-91fe-49e4ff1589c2,Beauty & Health,1,363.2265439,363.2265439,28/12/2023,7997dd2c-58c3-48ce-8ab3-189f49ae052e,Gift Card,Refunded
8fb3c6ef-2c29-4828-98a8-044c9d900bcb,740e0055-c3bb-4586-8355-c396db02fbe1,Sports & Outdoors,5,195.8825355,979.4126776,05/03/2023,2873fc96-278f-4ad6-93b9-3a05aa8c4f2e,Credit Card,Cancelled
2a742eed-ac5f-4a8c-96bd-3dc781e29c82,6cb46c51-aa65-4bfb-819b-c0ec24318adb,Books,4,117.7196559,470.8786234,04/10/2023,7329fd8d-41d6-486a-811c-22ced3c2935e,Credit Card,Cancelled
ce4fee0e-303c-480a-b7f3-0cc044c0ff97,973f7dbc-f25c-49c9-90a4-a9e9e4deb3f3,Home & Kitchen,1,211.3349726,211.3349726,10/03/2023,581eab8d-c891-4ecf-8818-85afec23e001,Gift Card,Completed
b3de3cad-dbf4-4a43-a90b-bf999dd8c085,1fd6b83e-63a4-42d1-b345-b1a4a3c0c46a,Beauty & Health,1,194.4960134,194.4960134,01/08/2023,b380ca9b-64c7-4474-bebf-50ac350f1913,Credit Card,Pending
9be973cd-f7a5-4884-9dcd-ee81ed364281,42b25f2d-0c80-448e-b1a2-c9b1a330a897,Sports & Outdoors,5,35.56691831,177.8345915,07/10/2023,b2c1778a-59fe-47cc-a865-18e2657c8952,Credit Card,Completed
22221181-8d56-4505-8177-97495bc83853,859d4213-67ca-44ef-a091-bf2fcbced31f,Beauty & Health,5,470.6831182,2353.415591,22/02/2023,bcfb6469-fe0c-4621-9b2c-18fea6036046,PayPal,Completed
b9a17e2c-185b-466f-a151-1431c47889e3,e2af0dfc-8e96-4877-85b9-4b2527e12bd0,Beauty & Health,3,409.5719197,1228.715759,20/10/2023,6c001abf-9d26-4d4f-a7c3-86daac1ad073,Credit Card,Completed
8716cded-68e7-473c-80b0-83185c5af7df,0bcf8b0f-028c-40b7-bd7c-04d6816d9323,Clothing,5,37.29640914,186.4820457,29/12/2023,79be90c0-1196-4afb-8696-24d7df407750,Debit Card,Refunded
16dfbe0c-1f8c-48c7-9d8a-936282f81bb7,eae68e25-5016-4021-85e9-bb5aad43e59f,Beauty & Health,3,281.6123525,844.8370574,05/07/2023,cb891b8c-feb8-4223-81f6-6720203ab0cd,Debit Card,Pending
5391b53f-27d6-4022-a30c-34d0a448b083,3a9490ef-4bca-4976-b9e6-dea7098dd72a,Home & Kitchen,2,231.2560765,462.512153,16/10/2023,8dc596be-31e9-4025-ac7a-f40a252e1e5d,Gift Card,Completed
30970150-d4c7-4b50-9dcb-06e9bcfedea8,de07b0e6-c7c2-4616-ade8-1dbee98da866,Electronics,1,412.1781595,412.1781595,17/06/2023,798ca925-772a-494a-b54d-487345c3c0d7,Credit Card,Pending
47dd09ad-58ad-4efb-bfe3-b2fed376752a,b4e36dab-01ae-4e0d-8a66-023dc5fa679b,Electronics,1,412.9384502,412.9384502,02/04/2023,bfa4ef77-f348-46f1-87ef-b5aae5bce8da,Debit Card,Completed
a9d1d270-e65c-4c5d-9b3b-e19f84a16c18,f0e6eef3-2e61-4329-b783-339ce592b800,Electronics,1,330.2406557,330.2406557,10/06/2023,8c82a948-3f01-48a2-86ce-77772935263e,PayPal,Completed
7dd4998c-0d5e-470f-9500-ad8ff5756bfc,81cd1d2a-ffb7-4be1-a7c6-78ac24c68642,Clothing,1,175.6471075,175.6471075,03/06/2023,fa1ef6d2-4195-40ad-8330-4f4f13a61ef9,Credit Card,Pending
d61494c9-4a9c-467e-b7d4-68b40850926f,53fc037f-96cf-4ecd-9d1c-5d691868a13d,Sports & Outdoors,3,452.9136729,1358.741019,25/02/2023,dfcf23b4-38c6-4df9-beff-7f0b500c9370,Credit Card,Refunded
758732d9-c741-4015-a04f-f5d3bf635138,77146039-a980-42d8-9ee9-be7def684d8f,Books,4,325.5437472,1302.174989,01/06/2023,0236e935-189b-40de-a2b5-6fb05010e21a,PayPal,Cancelled
b404f754-8fe0-4297-90c9-3151bb9a2749,826e37a6-bcd2-4d9c-b6ce-95585f1f6b30,Books,4,99.54312338,398.1724935,08/10/2023,b75f4c40-0ff8-490f-8aa0-0987a68009e9,Credit Card,Pending
4b9a634d-b9fa-4f84-a009-0342ebca9342,8d3874ba-a592-4aa2-9400-3fca862e900f,Books,2,329.3202856,658.6405711,02/05/2023,789f7e90-eab2-46f5-aca8-4eccf83d1a68,PayPal,Refunded
f51391c9-c568-43fa-9912-27def1409021,65da4466-31d7-403c-9164-e5177f14aab1,Books,2,106.2346022,212.4692043,26/09/2023,02037dde-da3e-4280-b48c-6eae7ed8c037,Debit Card,Pending
931fd1dd-6d68-428d-86be-f2515ec5c308,c3d707b0-9755-4c3b-b4e7-5bce9a8418a8,Beauty & Health,3,477.3520894,1432.056268,07/05/2023,1e757792-64e1-42e8-aaf3-5d595953337e,PayPal,Refunded
7530b680-cf1a-4258-bfe6-cb0e1323cf75,c4aca23d-42e4-4019-888b-1b685e78c0b0,Books,3,147.3489913,442.046974,16/12/2023,82c77867-9a6e-4f7a-a618-2d602811f161,Credit Card,Refunded
5871fe09-2c2e-4e28-ab02-26334ae93d90,f579ed5b-22b4-4ce7-a9e2-89a8bf518e2d,Clothing,3,454.9865285,1364.959586,07/08/2023,4fc85168-0431-4d5c-bf64-4bb669b3aee2,Gift Card,Refunded
0602a498-9a6a-427b-9699-89ce60c27987,3158ab12-11b0-438a-9f1b-dd549c5ac8ba,Clothing,4,343.7194853,1374.877941,19/02/2023,10f882d7-5f62-4706-a45b-2c978fd7d668,Credit Card,Pending
523576b3-e481-4697-ab81-9b7b0acbec4f,4b327f28-5f33-4ca4-8b63-7798aa06db0d,Electronics,4,488.6241836,1954.496735,13/08/2023,d4697507-c9bb-4a71-b4ba-440e36c91fb1,Debit Card,Pending
e64a6dd9-1cc2-4b24-8cbb-ded4da8f2fce,3c542877-9bef-4e62-81cc-1a917db75375,Clothing,5,481.1061194,2405.530597,19/01/2023,23d7111f-378d-4b9f-92ed-b5726b388ade,Credit Card,Completed
20e9019a-8412-4aaf-ab50-06f8528cc5c0,be1940ba-edc4-4aba-9498-60c0e06e3a18,Clothing,5,124.753668,623.76834,13/06/2023,8a915eab-d620-49d5-9591-6ee4d4c45413,Credit Card,Cancelled
aed0524a-a13c-4586-ad26-024b339fdc05,47eb78bd-e963-4dfd-aa5a-af5f303efdaa,Home & Kitchen,5,474.6296487,2373.148244,21/07/2023,e5c75c8e-4c87-4e03-88ae-30715cc9f794,PayPal,Cancelled
17d58718-1e50-40fe-989a-e37e45dd8f64,b430db91-e3fc-41bf-afd6-6c51e2e41734,Electronics,1,386.4506871,386.4506871,30/01/2023,ad9631af-526a-478d-9eee-3564a8954f9f,Debit Card,Pending
10212f8d-ef27-4305-bef4-5e883faaa1fa,a15cd971-6621-4517-b9cc-934cce680dc9,Electronics,5,361.1646356,1805.823178,09/06/2023,7e497070-5e66-4dd4-9553-6bcb788c41f6,Debit Card,Completed
e264f3ce-de0a-46eb-833c-9f943373d23c,cf410d6e-3e2e-48ca-84e8-c6688fb7ad42,Electronics,1,197.5696861,197.5696861,16/06/2023,893d6008-8e34-4cff-83b4-9a79e71b9baa,Debit Card,Cancelled
15aa9dde-d0df-427a-a12f-d77e6d8dc976,941c204f-12c3-425c-8e99-62875a3314b9,Sports & Outdoors,4,396.6969476,1586.78779,01/04/2023,c685167d-2a94-4eb1-bdb3-50a91fb510f6,Credit Card,Completed
76d0a2a2-5e72-4516-9b9f-3f500ce22614,a95c2345-60aa-4b46-93b7-9f07615c17b3,Electronics,1,469.0148719,469.0148719,10/01/2023,70f5dfb0-364e-4440-a056-b794bc1ef729,Debit Card,Pending
34624e1d-f59b-4c8a-b4d0-2334cedcc47c,ddcf76c6-cd34-4497-84f0-2d59836fa611,Beauty & Health,4,397.2640298,1589.056119,14/12/2023,5dcd5ecb-d844-4568-961e-67cfbea13ae9,Credit Card,Refunded
331427e7-c4c8-454e-af45-743f62a603e3,9f316dc8-5b2d-49ec-b87e-301d756a650c,Clothing,4,110.0363459,440.1453836,23/09/2023,c49f80d0-c740-4c86-8a14-f77538176318,Gift Card,Completed
058891e6-49ed-4f58-8fbf-0e8afd6d544f,f505761f-efc0-45a5-a104-ca9265488c26,Beauty & Health,3,19.37734013,58.13202038,12/06/2023,8e02838f-15ab-4a62-b769-f9fb0d817266,Debit Card,Completed
998e8beb-e353-46e1-8e97-2235b95de92c,6e846951-9e0c-463e-8fcb-64f9cb4344d3,Books,4,440.5092913,1762.037165,07/02/2023,d7f63e12-23cc-413a-8602-083e1c3a836b,Gift Card,Refunded
14dea644-2cf4-4a70-805b-618ce2c5bd14,9469954a-b406-4879-81f0-68be56119efc,Clothing,3,212.0575328,636.1725984,22/11/2023,397c4fa2-c6b0-4c7d-8551-f20c1889b31b,PayPal,Pending
26c10053-85f3-4942-bdbf-f9191e5463f2,3ce08f23-b1d4-4082-9ce2-107b0499351c,Electronics,2,138.2239994,276.4479988,12/09/2023,1858bd07-123a-48bb-823f-9c99c6a55923,Credit Card,Refunded
7cf04729-1f68-45ff-b904-681d24f39f84,2ca45aa7-92f6-4f54-b9d6-0362f2e1bd06,Sports & Outdoors,4,69.62643615,278.5057446,07/09/2023,565ef775-6ad2-49ba-b211-d2526a3c18c7,PayPal,Completed
875f0921-0731-4e30-a2d5-226759c5a38c,140ba8cc-f6ea-463e-9c79-3076cd9aa203,Home & Kitchen,4,113.9899474,455.9597894,04/04/2023,9c124d9e-db11-4275-b10c-2fb38541ba06,Gift Card,Pending
b8f5bad1-28fe-4b7c-ba51-42f62485dce4,43eaf65d-6d51-4a7f-8c72-9f28f7ff44f4,Sports & Outdoors,4,253.7469924,1014.98797,10/12/2023,ff7986b1-8503-4bcd-89ca-543eec9ac304,Debit Card,Pending
ff56bf84-e816-4317-b16d-13c0adf5a9f5,31362297-a55a-44f1-a514-b1f09bbc33e5,Electronics,4,378.9019798,1515.607919,12/10/2023,7d9f75f4-d196-4724-81b6-d35a98db79f1,Credit Card,Pending
d3e73f6f-7cdc-46b4-aa38-cd8fce728408,ed6450ef-a98d-436d-ac1a-fbceb1d110d0,Sports & Outdoors,2,157.9878024,315.9756048,06/06/2023,be87b408-b227-4031-adba-b1fc8005ea33,Credit Card,Completed
8d611dba-458c-4bbd-96a7-ff6dfed68d41,aa54014a-1610-4add-9ad4-4563647e807d,Books,5,20.45300674,102.2650337,31/10/2023,b54612f4-0fcd-456f-99f9-b8898c82074f,Gift Card,Pending
e4a183a4-1103-4220-b750-99a9c89f6357,b8b0ce60-8b92-4bb4-a491-6d52053aa733,Clothing,4,27.55501649,110.220066,18/11/2023,512cf613-a114-4e65-a3ac-5a02cbfe860e,PayPal,Refunded
0a5fd9ac-2533-430b-827c-21604e7ee2f5,e7459235-2429-410a-95fa-d8cf1ab28100,Electronics,2,10.4515102,20.90302041,10/08/2023,dfe1d550-482b-4274-b506-2f4a42ca2d23,Gift Card,Cancelled
09380aed-703c-49f8-8120-2ec57a1d4a28,c42d4338-b5ad-4934-aa2d-480d7bbba023,Clothing,4,272.8725657,1091.490263,04/01/2023,9cd230b6-de9d-4514-858c-6c914f68cfda,Gift Card,Cancelled
fe1c839f-39e4-47ae-9db2-152681c661ab,b1c92731-b7dc-425f-95c1-a2c1ad6eb629,Electronics,3,312.1029209,936.3087626,10/09/2023,3a4af40d-ea16-4bab-a9c7-175d04ee97d9,PayPal,Pending
c10ee2ee-c9c7-4f47-a4c7-8a603a56137b,905ee220-6b96-4513-a43b-bbf75f7607ea,Clothing,4,82.63253036,330.5301214,26/09/2023,cc364426-1424-4bd0-8927-5afc1709c617,PayPal,Cancelled
76ed05c1-f63c-4d0f-841a-5b025d42d4b3,079b9242-8176-482c-8c61-988880e11382,Sports & Outdoors,1,474.7965228,474.7965228,17/05/2023,26d41b81-bd81-4d61-a0b7-6757cb43be7e,Credit Card,Completed
4c058d28-31bf-4434-ae14-2b7757797de7,01386ebd-3421-494f-96df-c272f2903be1,Beauty & Health,5,78.81384079,394.0692039,23/08/2023,1ec4ea85-37e1-49d8-b9d9-d02ed7cec328,Credit Card,Pending
c90b9b02-2c0e-446c-8197-77ffbeef2473,897898b4-3343-459c-a947-a1a775f14314,Sports & Outdoors,2,410.698539,821.3970781,12/08/2023,889af3b2-6731-44d9-9c5d-63d8be99c437,PayPal,Cancelled
eb414c56-32b2-4086-ba9c-23ca85584e0b,87683f41-f166-483f-9b70-334f72b48bce,Home & Kitchen,4,296.5701849,1186.28074,01/05/2023,45d5cdd5-cb6e-48e9-8bad-de2ec13d9f43,Credit Card,Pending
891d2318-bf21-443d-9fa1-238f317c5047,0fb148bd-f542-40b0-a33d-7be2909ed378,Home & Kitchen,5,156.3053317,781.5266584,18/02/2023,c06e89f3-7b68-4aff-9820-3d8665c7ec54,PayPal,Refunded
0d28d462-8936-444b-8acb-4a8c7c7c3e58,d8893f83-39dd-4c7e-b9e8-9da177836c0b,Home & Kitchen,1,373.9473236,373.9473236,18/06/2023,e4e246ed-c62b-4420-a951-e06111062e6b,Credit Card,Cancelled
e7203534-a962-40cf-b0e6-fbe22712e673,098a2973-3c40-4065-aa7d-73b2f6f21bcd,Clothing,4,451.0654369,1804.261748,22/08/2023,4f6c3a5a-8b47-4998-aacf-d5c9eacc16aa,Credit Card,Cancelled
60e28da6-cf70-4d64-a287-1e20378096a6,642a18c6-429c-4275-ba5a-0d7f63a73906,Home & Kitchen,4,439.5209387,1758.083755,21/07/2023,403599a5-e366-42d5-b986-13042afee65d,Credit Card,Refunded
278781a9-4b7b-460f-a8e8-ca7ed08531be,d4d6e21e-9977-4b69-a313-95aa1e716c87,Home & Kitchen,5,389.7706794,1948.853397,09/09/2023,bbfeda3c-9f73-401c-ab8e-5dbc9d98d3ea,Debit Card,Pending
fbfde3c7-419e-41b3-9888-35a2b7f16d15,a6e3b214-fc1e-48eb-8957-a0b804e7a3b4,Books,1,18.73642795,18.73642795,25/06/2023,27a76941-5f77-4058-a1fe-d504180f8ae6,Gift Card,Refunded
39fa2780-9a53-4925-8eb9-8066382476f1,531aeca4-1305-4ed1-bd22-fb69bdeec6cb,Books,3,265.4922599,796.4767796,27/07/2023,ea041084-a8f2-488d-820f-78c16b4532a4,Debit Card,Completed
11c6e7dc-d9f7-4731-a57c-3b96910849d9,a79befc9-08d0-43a0-86d0-6701fcc27295,Books,2,398.3085459,796.6170918,21/05/2023,fb5881ca-c287-424c-ac5e-b2992bc8bf2b,Gift Card,Pending
b3a05fe1-4d6b-4ce1-87f0-5154d3e0e130,755f996e-01d3-412e-9f6c-975eec24a62e,Electronics,3,30.93059015,92.79177045,06/02/2023,21eb52cc-60b3-4deb-843b-bb10f630a594,Debit Card,Completed
2f1eafae-7db5-4a75-8dea-db9d4b31e94c,602d483e-5431-41e9-9d28-ba60c8117bb0,Electronics,5,472.9006095,2364.503048,13/02/2023,e64ec091-ace1-4ebe-967f-4c0a14d89418,Debit Card,Pending
43e951fc-5801-4421-b553-fb5c1f4a0cac,1c359666-8aaa-4326-a701-936a8c1b6622,Sports & Outdoors,5,292.1463211,1460.731606,04/10/2023,03a7ce52-f22c-4e55-b155-4aedb3e79078,Gift Card,Pending
06da9fa8-9184-4258-ba45-8eb363da73a8,d606a2e9-05f6-437c-ac07-c319102ba6cc,Books,1,422.5993389,422.5993389,20/08/2023,2f082934-e995-40b0-afd3-28bb2fc03399,Debit Card,Refunded
abb97a13-4541-4386-8498-57b40b7cb4bc,f8aa3e6b-8942-4fc6-8ad7-05ec1d4b283a,Clothing,4,476.3125632,1905.250253,24/01/2023,de920283-3d72-49b4-90f8-33a09ff9f844,Debit Card,Pending
9d238069-f53f-40f1-84ae-bed06f584b7c,79036292-fd0f-4fc0-9b44-414636834bcf,Books,1,198.637231,198.637231,14/02/2023,4eda5c61-4874-4361-94ed-adf1e715b1b3,Credit Card,Completed
eacf24ee-8673-48ed-b8d9-f7eb72f5f445,267cb4c5-0cfb-46f7-bd58-a0fc86043e5b,Books,5,31.79738506,158.9869253,21/01/2023,4ef34801-a0a3-47df-a352-54383aef5d89,Credit Card,Refunded
510e510b-b4c8-4d22-80bd-f1d8102e947e,a3845162-7631-48f6-869f-8882f2ccdb96,Clothing,1,264.8860483,264.8860483,21/07/2023,f395b94d-3e19-4df0-a94b-816b0bbc01c2,Gift Card,Pending
b281c76e-0238-4eb2-988e-aa05238d08f8,54169d64-911e-4907-b6b6-04c0a0a5ea09,Home & Kitchen,2,202.8673427,405.7346855,15/06/2023,a9ee9e82-697e-4af0-842e-97479f7b7fbc,Debit Card,Pending
a95e7385-959e-4e68-8ca2-0d174875c483,b4efe92a-dc0b-4760-828d-e2c21d1b40de,Clothing,4,240.9040661,963.6162642,31/05/2023,42b94ca6-47d3-4e06-ac50-b88f242a3d43,PayPal,Refunded
74ecb51c-1832-4e87-b559-6057ef99e7bd,68c3ba60-d51a-413f-b330-c094e0615e79,Sports & Outdoors,5,311.294447,1556.472235,25/06/2023,26e52876-00a6-454e-a497-07b618facd00,Gift Card,Completed
a24c2892-0796-445c-87fe-aa0ccd10b5d1,c4e440ee-8a8a-45f8-9d20-5af8df2d658a,Books,4,387.8233864,1551.293546,28/12/2023,2542f702-e77d-4c95-8ee5-8b2ca1c2cd44,PayPal,Completed
77b835f0-50a0-4703-907e-8d0174338ac2,00910480-2214-4866-aec7-f31d258d9750,Electronics,2,462.3277736,924.6555473,06/08/2023,d51972a3-166a-4f82-a5ba-6ba5daa2df6a,PayPal,Pending
fecbd25c-4b85-4891-9860-9bf68d17dfe3,2b2d4c15-9d98-4b9c-b65e-75d8ea36ba69,Clothing,2,383.8165102,767.6330203,05/01/2023,20727964-7487-4add-ad23-bdee46d5f106,PayPal,Completed
62baf5ce-11ad-4d6a-b4c0-c4da2403ab8c,a5c26c53-6210-46ba-ab08-38ed63e424f9,Electronics,4,36.20671879,144.8268752,18/05/2023,5659e5ff-eb04-4627-9d54-b4966cd6bf89,PayPal,Pending
89a33e36-9d62-45f5-9a9d-017cec735125,6a20a20c-872b-4899-833e-35f7db184b10,Home & Kitchen,2,475.5761739,951.1523478,02/08/2023,9b48a303-3d78-4aa1-9aa0-4f56d267062b,Gift Card,Pending
e700ba8c-302c-48aa-85e2-10f039231ade,e7aa1857-b967-4a22-9423-478837e5092e,Sports & Outdoors,4,32.58300598,130.3320239,06/04/2023,d0bc496f-fcac-4044-ba78-3a75421c083c,Gift Card,Pending
8a68fab8-e66a-4452-8358-cc8a2c77019d,9968d7fc-6db3-4324-af92-be2f5f182c0a,Sports & Outdoors,4,248.5614942,994.2459768,28/11/2023,df0764da-d685-45d2-82fc-0956c89447ca,PayPal,Completed
60930307-eeb2-457e-9f00-98f0988d0246,6971a491-b096-4404-9914-5b712a9a26c1,Books,1,394.9871307,394.9871307,25/08/2023,bf047c48-3269-4e63-8d7f-2df9b55b653e,Debit Card,Refunded
62d17b33-fc0c-4dc1-a963-5885ff8f0a91,5ade214c-3017-4c66-840b-ce9e6a6a5409,Electronics,1,74.08818395,74.08818395,17/06/2023,719de5de-d13a-44c0-b29c-004fb2653c08,Debit Card,Cancelled
22965acf-ced4-42fe-978f-3546c902f9ca,a6f470a5-736d-4b78-8031-ca406fb74ca7,Electronics,2,392.9863613,785.9727227,13/10/2023,40360270-c30e-4c6b-af12-d83203ba2131,Credit Card,Refunded
df080bf5-1cab-4776-aed7-fbf2fb6b5208,62fe9e3a-b833-4dc3-827a-1364a6da9e85,Sports & Outdoors,3,103.9814566,311.9443697,26/05/2023,24b5ecac-6847-470d-a463-7cccd8a87379,PayPal,Pending
f62934f7-84dd-4522-b36d-6b2739f29a0c,dca3bf9f-b6e6-4ad8-8612-d3339c067a6c,Electronics,5,316.7117447,1583.558723,08/06/2023,a6d561ba-59f4-4144-824c-2a6f5d7a3b91,Credit Card,Pending
962cf906-d109-447d-a492-f74d61f261ee,5026e41a-1f6f-4f49-b323-f37a2123d52a,Home & Kitchen,2,498.3778918,996.7557837,12/08/2023,8b5efa11-79c5-46c3-a94c-2147676f0761,Gift Card,Refunded
0be16d3c-d474-4a64-a6f9-1e773af0aa79,40914b9c-dd17-4adc-a0f2-f6ec75b95d78,Clothing,2,424.8539253,849.7078506,29/05/2023,a0543067-5d50-4db8-96bb-6ff9ee7458e6,Debit Card,Cancelled
7612c0ad-868d-43f5-aa40-30f9359d0348,86768bac-1d36-4f71-808b-5ac8088ec020,Sports & Outdoors,5,416.7989502,2083.994751,08/09/2023,a6ec26b3-3a94-4196-be4b-22a8f2c6820d,Credit Card,Pending
5da56b8d-625b-4b1a-a649-669160ddf041,338fa1f5-e975-43ef-891a-b2a280ba624e,Electronics,3,148.5797058,445.7391175,29/12/2023,4b794c1e-378d-447c-9ce5-21ebd2bdd6c9,Debit Card,Pending
991ca892-4b1a-4471-aa5b-bd4c6547513a,849c1ad0-f299-4da6-bfa1-ec1433bbfc2b,Clothing,2,196.7292395,393.4584791,04/06/2023,c41eec6a-b1fa-4070-97af-92a53b2dd862,PayPal,Completed
921bf583-155c-40b4-95b8-3ffe8b80da64,ce129308-fde3-4fa4-96b6-8674d0248509,Clothing,1,77.00285476,77.00285476,24/10/2023,fa74059a-8f34-4344-9361-a87059379b14,Debit Card,Refunded
fc44f42f-7504-4965-978f-c53ad5c6465e,e7e4e3e3-6267-44c7-bbcb-973f639b72bc,Books,4,207.9873275,831.9493102,24/07/2023,7d60cb3a-5c0a-4f3c-aa89-fa8bf4d8f94e,PayPal,Completed
6dcead89-9d83-4bd3-b211-bbc3ae75c4ce,1a057b9e-3832-48bc-b6e3-b3691a834ded,Sports & Outdoors,4,386.0730632,1544.292253,25/08/2023,49683e36-e1a5-47f6-8ec1-68e2b5c00554,Gift Card,Completed
cd27a476-67d3-429c-ab37-f987280c35ac,8d826b7a-c32a-4bb4-a5c4-69c7f3598760,Clothing,4,251.1279575,1004.51183,10/03/2023,dbfd2b1d-6249-4f49-b4df-0e60b8598bb2,Debit Card,Cancelled
83a0ea09-dedc-4e31-bbe7-f1c96bb87c0d,f34b2242-2440-4c23-b6c6-9e58c84cfe0f,Sports & Outdoors,1,22.8127085,22.8127085,13/06/2023,2ba796af-28d4-4f8d-9f53-3481ce825c14,PayPal,Refunded
c8a06c33-5729-4da8-95b9-586ea563363b,c23da8e3-d188-4c53-b912-6834e812ad06,Sports & Outdoors,3,363.0342745,1089.102823,25/04/2023,54851b62-8607-4135-a581-f7da3257fe9f,Gift Card,Refunded
53cd7d14-f0f6-42db-a2fb-eafc5345ff68,ed68f756-1c65-4fb2-a615-433afd396e1d,Books,3,371.8072214,1115.421664,22/10/2023,a0f8c810-2948-4911-b283-1f11571b8e83,PayPal,Cancelled
4c52acf4-0f4b-4cd8-be25-7018e777572b,18f08df6-2ec3-4b2b-bda7-0ef37036f936,Beauty & Health,1,243.0330065,243.0330065,11/08/2023,d72fca37-ac1e-436b-bd1e-833861963dba,Gift Card,Pending
db47f282-5436-493b-b708-6ce9389c720d,025f2ff0-7246-448c-8032-910d58f1916f,Home & Kitchen,3,242.8228207,728.4684622,31/05/2023,63f29f0e-6bf7-40b2-bf75-fa116e30e6e9,Gift Card,Pending
f95b095e-cffa-4105-a9e9-db939f2463b6,d3dd129f-ecb4-4570-84ba-aba97df427c3,Beauty & Health,1,116.3756419,116.3756419,18/10/2023,0588607d-d39d-4c2f-9853-0174a9d75eaa,Debit Card,Refunded
003b5ca4-ac6e-47d9-96a9-56430e7a70e6,bfc24c90-83f7-472e-a864-80e77e7092d1,Books,1,49.8321131,49.8321131,18/09/2023,43457965-b667-4caf-84d8-50afb1fcff01,Debit Card,Pending
97d95767-4480-435c-80c0-d2603650a8d9,602b8d7f-293e-4d8c-a269-2542e9a03d18,Sports & Outdoors,2,61.15314383,122.3062877,25/12/2023,d58db5c9-e472-4d7d-a2ad-4a6693a1834d,Credit Card,Refunded
89d6601b-7938-42c4-9622-b0dd2dde3a7b,054d7e9e-2935-4953-88b9-64d071c34b0b,Clothing,2,253.5944662,507.1889324,10/12/2023,22d7d1d0-de4d-4341-8620-f09ddd7174fc,Credit Card,Refunded
f7c0c736-5111-4a6d-97f4-7905a18c9e2f,1ad6909e-a5d6-4f32-8400-d8cbe27395c0,Clothing,3,74.82850065,224.4855019,12/11/2023,afa872d5-0180-43f5-aebb-63ce509ee5f7,Debit Card,Completed
d3c15ea6-eb9c-4783-b6cd-43fb3222d8e5,2faa7191-a85f-4ab8-a07d-bd2b5fc8bd72,Home & Kitchen,4,415.5693533,1662.277413,12/10/2023,a2cc1bd1-1301-4485-a94a-f12aa1847d9b,Debit Card,Cancelled
df0491ef-a428-4c0d-a968-eeffb4a44d16,1b562661-454b-4167-94c2-8653d5b148fc,Sports & Outdoors,3,493.561812,1480.685436,02/08/2023,aa3d0eac-a82b-4161-b639-eefb8be94ac6,Debit Card,Completed
4cbb0a0b-2056-451a-8abd-9d0aff5e5304,6984370f-3aa8-4573-beba-0c2bbf8b6897,Beauty & Health,1,393.0313723,393.0313723,03/06/2023,e9b2b379-dfd6-4940-8d01-9f2184206075,Credit Card,Pending
da8b94f7-a809-4572-a701-58cfa5fbefe2,af6b0160-d076-40d2-bfb3-471aaa354a0d,Home & Kitchen,4,196.3396317,785.3585269,11/07/2023,a5868e58-8cbf-4745-91ff-fafc9dfd34be,Credit Card,Cancelled
dc5ee8aa-76bb-4805-805c-e62b7c6372a6,a9c21bdc-2dcf-414c-a119-7ef5730bcfa1,Electronics,2,277.9412427,555.8824854,14/03/2023,05b43083-0982-4b8d-a564-5dfa633e1cbc,Debit Card,Completed
171e7df0-47b7-4fa7-9c7d-2ce9795b87c6,221d1e66-7d29-4b69-b54e-752f18ac390f,Sports & Outdoors,4,370.0938427,1480.375371,21/12/2023,cfe187d8-ed7c-4c8c-bd14-83caa331e396,Gift Card,Completed
3c726142-18b2-4c7f-a88a-35673b5d7a65,4d8a5915-a96f-4314-947b-8ada1a36f53e,Beauty & Health,3,19.81582268,59.44746805,02/12/2023,d42ab724-4fd0-487e-a33b-d310b31447ca,PayPal,Completed
eae674bb-7506-4927-bc46-8b0174fa26f0,dbd314ab-1778-495e-863b-2081425e9339,Sports & Outdoors,3,283.3599194,850.0797582,24/01/2023,7738221d-aa84-4bd0-9d28-ff1e6b478eb7,Debit Card,Refunded
edb74d4a-0dba-4867-8554-29a5e9ec9d9c,237bd149-096a-4bb8-b211-83bb9d62c0f7,Electronics,3,344.6195221,1033.858566,09/06/2023,71ddddd0-a6e4-4019-8003-ff8a3d9d4dd8,Credit Card,Pending
4596b2eb-0f45-44ef-b631-98e5f9e60524,02f5b4ec-0ff8-42f0-9405-0df8710c7cf9,Clothing,5,213.5895901,1067.94795,11/04/2023,b7932863-e82c-4cc3-8d2e-96c5f438ee55,Gift Card,Refunded
be7b9fcf-90e7-46af-975a-56a98b696f8e,37fe62b0-ee26-4db9-8c0a-9a578532db77,Beauty & Health,2,188.9664564,377.9329128,23/05/2023,ddd7410c-af00-4011-9a87-0536b5ecc607,Credit Card,Refunded
381e968e-3e6d-4941-bc18-c76c55dd9a86,10894b39-f6ec-41a4-bc44-4c88f87c87fc,Books,5,445.9679739,2229.83987,29/01/2023,5615234c-ff2d-43e4-9541-2d50490bd079,Gift Card,Completed
c6a23f01-f568-46f0-93c4-37e2d1a375b4,f6e7c666-c40d-4ff5-a098-a432b27dc8d0,Beauty & Health,5,308.0888959,1540.44448,03/10/2023,a9ae366e-a9b5-4b45-adfa-dab4b9982d45,Credit Card,Cancelled
b8a29cd1-8acd-4c6f-ae7f-7dbcc7d57d06,535d188f-c5fc-4dac-bb15-ff98b710b980,Home & Kitchen,4,420.4131834,1681.652733,19/11/2023,c9ea15f4-dc9c-4967-a395-f7c9594533fa,PayPal,Completed
07dbf6fc-a1b2-4a5a-a70f-3fd3fd5e0c3e,2cfa29f5-9b8f-45a2-a565-4106f34d71b8,Electronics,2,422.8652565,845.730513,14/08/2023,eeb64800-b88f-4926-968c-161f9952777b,PayPal,Completed
806fe2e8-de85-4592-af26-44549bafa376,748ec2af-c6a5-4820-b280-abf2ec2c22b7,Beauty & Health,3,383.006579,1149.019737,16/12/2023,64b3a154-1ddf-4ce8-80df-09f6d56b4d6f,Credit Card,Pending
97dc59ea-47be-4c59-88b8-3de3aabb5150,119d9392-407b-4f46-ba54-7ebb2e08dc46,Books,2,419.4821557,838.9643114,03/07/2023,d6eba485-404b-4026-ab43-91c33f30b73e,Gift Card,Pending
e18475c8-dfc9-4738-9ddf-6abc9d213f26,0621ffb7-046a-479f-a551-5c772f45e0fd,Home & Kitchen,4,129.8507044,519.4028176,11/02/2023,ca81f568-d39a-421e-8104-9028fcac9aab,PayPal,Completed
a1196c0a-8ecb-4d13-b4ad-5c5547cfffd1,54f9505f-fe6f-45c0-a174-8df39ac08a8d,Sports & Outdoors,4,92.46000721,369.8400288,21/11/2023,065d1b35-0144-4a1b-9951-b11f0e0509c7,Gift Card,Pending
8a7e9a9a-c31f-47b1-8aa8-9b89b44b5985,0c9ea9f0-3479-412d-98aa-b6348684b8ac,Sports & Outdoors,5,128.4208171,642.1040857,05/12/2023,990e9c91-291d-4268-bbb1-509946b90a92,Credit Card,Pending
6389ee02-c79e-4f53-9674-6156ee51ecb8,a56b6979-4704-4014-84fd-f23f0bfb0ef8,Beauty & Health,4,192.8722453,771.4889812,17/09/2023,cbd3182d-27b1-49a1-ad26-ae18aa038735,Gift Card,Cancelled
f38237bc-ca85-4bc4-9f31-845f45848ffd,c6eb9a14-4014-4509-8639-3d7a1304659c,Home & Kitchen,5,48.39521226,241.9760613,18/06/2023,deac9e19-baed-4c07-b68f-9c7a88744f76,Credit Card,Completed
788d9d7a-5387-4272-8fa6-9885bcd95736,916633f9-0785-4540-8a24-cef7a9cc5a9a,Beauty & Health,3,338.9754911,1016.926473,09/08/2023,f62387e5-e733-4447-8d14-2e23aad2ed92,Gift Card,Cancelled
231e779f-2d6f-4ed8-a7e0-e822d2a830a8,67973446-8aa6-40a3-a345-30134d62bd45,Beauty & Health,4,88.27038869,353.0815547,28/08/2023,885c9e88-488e-4238-bdc3-ed2a73bb67d7,Debit Card,Cancelled
73543df1-6966-4997-a57b-03d424c8d3f8,5dcfa377-1234-483d-a6e1-f24d1d04aaa3,Sports & Outdoors,5,244.694102,1223.47051,15/11/2023,7b75267a-63e5-4cad-868d-a983806178ff,Gift Card,Completed
d4d58ded-4ef3-4304-ad15-744911a0ec00,91d3faa2-6789-4ed7-9734-2ceb7160f500,Beauty & Health,4,356.3278352,1425.311341,31/07/2023,460950ce-0f1d-4208-96a6-bc55e40483a0,Credit Card,Completed
6856db59-f047-42b5-a008-5674dd07cb95,21b849dc-57ab-4a2b-993f-ec32321d6981,Clothing,2,414.1572739,828.3145478,20/12/2023,81f2f792-51eb-4040-a3b9-5fe8b5eb02d2,Debit Card,Cancelled
c2d5bbfc-6bf9-4848-a48a-d98644c77aef,79a63fe1-d186-4ca5-9596-cdea1218b19c,Beauty & Health,4,427.3340534,1709.336214,16/08/2023,0e2e46ed-d405-4ca2-bc65-67098e5f88a9,PayPal,Completed
2592462d-d00d-42dc-bfda-4b2186086a3a,220767ee-7446-4766-9f01-429e5c0f9929,Electronics,5,373.6573623,1868.286811,06/06/2023,156a8e37-0e29-4f89-8483-af9d9ff5f1e9,Gift Card,Refunded
65f9c0cc-0df5-4666-911e-1a798ec101a8,936d96e6-40ea-4d01-9f72-1c546e882039,Books,5,295.0923331,1475.461665,11/12/2023,d19ebed3-7690-4e08-baeb-91e57cfb3add,Credit Card,Cancelled
35774f9b-718d-455f-b94f-a8ecc67670e5,b93ba95a-e2e5-4f2e-9ea5-9dee3cf065ca,Clothing,2,309.240651,618.4813019,12/12/2023,876737a5-c60c-467d-8538-bb351692ec96,PayPal,Completed
5decc46d-2479-446c-beb8-212a4f4ed923,931fa4c4-7a8e-4237-b1c5-62a00459d87f,Beauty & Health,3,179.5545803,538.6637409,23/05/2023,7f17d047-12ec-4a3e-b429-77accf663df9,Debit Card,Cancelled
4490d296-ada1-406f-9996-4ff3afe49b24,f11b1e4a-9254-441f-b32f-23e87ec9aa74,Electronics,5,320.4652563,1602.326281,09/05/2023,ced68ddc-615c-4f57-926a-3d06931336df,Credit Card,Cancelled
64b1373f-7349-4197-b6fc-cf1f2dec6a1f,d58c12d8-2392-43af-a051-b6d51b32edca,Home & Kitchen,1,444.9533098,444.9533098,15/04/2023,fc412ce6-8d4d-4854-b28c-b6365c2d6c3d,Gift Card,Pending
02adbc9c-8a23-43d0-bf36-a34bafe57a89,461d24cf-32e0-42e8-a51f-e70babe81b89,Beauty & Health,5,369.5818245,1847.909122,31/03/2023,b12ef962-2adf-4276-93e3-9658744dac39,PayPal,Pending
03304380-1c7f-4dd6-8595-d878bf1dc037,b3533331-b08f-47c7-b7d0-36fb70fbd9e5,Beauty & Health,2,272.5322488,545.0644977,12/07/2023,6b30eb19-b297-4a1e-a767-6ab40aa873a4,Debit Card,Pending
f388eefe-8f75-4906-974d-eddf5b26490a,808b6d11-cd96-4b18-a219-831389d2c36c,Electronics,3,309.8134678,929.4404033,17/07/2023,0439a690-0888-4fc3-959c-dfd9620a1702,PayPal,Cancelled
438455fe-4b07-41ee-ad93-3b5ece5ccd84,1583ec32-1847-4602-a30b-7a19a93ee656,Beauty & Health,3,271.5344885,814.6034656,17/05/2023,fa801775-9ff9-4aaa-897a-e793d4673075,PayPal,Cancelled
81b6a1e0-c94d-46dd-9a66-1e97f142a43b,4194b9b5-0c99-4dfe-8915-5b18437dad6d,Home & Kitchen,5,451.6297369,2258.148685,19/11/2023,a87bad65-64f0-4ae4-b48f-3d08e4844449,Debit Card,Completed
d0774cff-fcd4-41ca-a40d-14a5952795ae,a1cc2eb3-57ef-4c55-a7f8-a3843d9b41c0,Electronics,2,293.1289979,586.2579958,15/10/2023,8e47eb2d-838c-4dc2-adf4-f7e6d9ddb63b,Gift Card,Cancelled
a2ce9d08-c5b1-4dcd-b52d-43fef4d7f98c,0997721c-32a6-4c48-a41e-2e1a36ced26f,Books,3,165.1040847,495.3122542,07/01/2023,6923e116-aa1b-4c02-9ff7-9207f8b946de,PayPal,Cancelled
07a01413-467c-41d0-88d4-c11206c53bf8,9ae75a4d-bbe6-4c9d-ba60-974fc1a3e1cd,Beauty & Health,4,266.3540404,1065.416162,22/07/2023,a7040672-4f30-4a99-8fe4-441684a6c024,PayPal,Completed
2c7bc60d-5743-42f1-9cc5-4ab894ad6769,3d5d2eb4-671b-4a64-b4ca-21610831c633,Sports & Outdoors,1,483.4426257,483.4426257,29/06/2023,b134d4bf-29fb-4c0b-bed8-c971a4ff3f8f,Credit Card,Pending
0fe5a51a-c742-4b39-a317-baf3642a2849,6d256f62-c96d-4620-a9de-0e9f4cf4cff0,Electronics,3,216.4481541,649.3444622,09/05/2023,c11461b1-9965-491f-87e4-5dbeb8035dfd,Debit Card,Cancelled
8b2fc2b3-8d40-46bb-9afc-edbd40077be5,663a1fcd-e554-4085-b0e9-cf9a51de7887,Sports & Outdoors,4,413.5700105,1654.280042,20/08/2023,44c4b257-259b-44f4-b3d9-5458d74361b4,Debit Card,Pending
cc759d0f-9572-46a9-9f38-a66f4bb35a5b,77cd7574-ff0d-4e5d-a9a1-246d698fc91a,Electronics,3,254.8474239,764.5422716,07/12/2023,39448653-8be2-47e8-b6f0-79f910c110c9,PayPal,Cancelled
c4143376-2492-4484-bb92-828056d9500e,0864aed5-f2c5-4603-8585-5da241a0356e,Electronics,3,92.77195041,278.3158512,17/08/2023,ab48abdc-d303-4edf-8292-c8a93fd6d403,Debit Card,Refunded
57157f79-9a28-470e-92bb-fa8562a10982,a17c84ad-e57e-484d-9333-34d53c08fb96,Electronics,5,305.838034,1529.19017,29/12/2023,52f78650-147c-4e74-b2d5-fcd244bd816b,PayPal,Pending
131cddf3-2306-47a6-b79f-3b54b57ad2d4,36e7c92c-108b-4ae6-9662-f2c3f088aa1c,Books,3,339.9425363,1019.827609,15/08/2023,2c676987-768c-4b84-a6d1-524a97241b53,PayPal,Cancelled
a02c1d45-1a30-4c0b-90c8-89304f8c2d3d,a14b5bf2-db0c-4364-8f9a-5f50f338992c,Home & Kitchen,5,63.80441435,319.0220717,08/12/2023,dfbf71d0-036e-4b3b-a885-9faf525f1eca,Debit Card,Cancelled
17740bc9-e941-44b8-86b7-6a1a0d8bff45,97fee20f-e082-4685-9669-f501446b047d,Books,5,492.732796,2463.66398,18/10/2023,fb03c43b-7840-4129-beb6-1fc1f98b9c47,PayPal,Completed
3d5f393f-d6a4-4fb1-9b03-92937fdda154,e24ff329-2c88-4afb-877e-1bb6c7eaffb5,Home & Kitchen,3,446.585598,1339.756794,27/11/2023,93c3c3ab-ad45-4467-89a1-29e2e6326969,Debit Card,Cancelled
05534a5b-4e0e-4d3b-903b-83b084886ca6,5814ee07-d29f-42e1-99d3-e1e1ffd5c3e7,Clothing,3,428.0742215,1284.222664,26/01/2023,d76dac3d-e0f0-4fb2-b643-92bce89fa90e,PayPal,Refunded
6c16f0be-a346-4e71-9ac1-19e2450c239e,7bae16df-c203-4892-90c8-9f389986f15c,Beauty & Health,2,275.5564866,551.1129731,23/12/2023,1444c848-17ff-4f4e-9610-7030a64dea80,Gift Card,Pending
ab24e4a1-46f6-4723-9d20-b78f6a5f9851,4b2aeb73-1a45-430a-b57a-ba5f52244f04,Sports & Outdoors,2,304.855281,609.710562,28/06/2023,985ebf9a-3856-4e0a-83e3-945982d5bda8,Gift Card,Refunded
ef7f9fce-a0e7-4b06-9cf8-cb148113c446,bf4b2cbb-6757-4872-99f3-10ef1e273de7,Beauty & Health,3,254.1198541,762.3595623,18/12/2023,f61dcd82-80d9-4d3d-8c17-1c5145b93451,Gift Card,Completed
10cc8c12-d83c-418e-8f92-72de3b1fbdaa,94bbcbf2-68d3-42b0-b7f0-b07999f3fb3e,Sports & Outdoors,2,376.6327103,753.2654205,12/03/2023,d4e6d0d3-f6bc-4044-9b2c-c360f4270f1c,Credit Card,Completed
dbbf0886-12fe-44e9-87fb-ef9ca2b02590,f1fd2573-0fba-490e-88ca-73721e256fea,Beauty & Health,5,383.8501487,1919.250743,03/08/2023,91ed0245-6d34-4b6f-8395-d95d67d19311,Gift Card,Refunded
5b546d6a-4899-486b-af63-84ce37db56b2,f91cea4c-dcc6-490a-942c-448b74c1d4e1,Electronics,1,416.2768996,416.2768996,05/03/2023,14ce78a4-a1b3-4847-a299-358b7ca643dd,Gift Card,Pending
f330cb47-576f-47e1-b2f3-73aee43dfcfb,6e6c6591-b3ab-487c-84bf-a2c7d04d1f00,Beauty & Health,3,255.5071904,766.5215712,03/11/2023,e9eddf48-db4e-43ed-b0ca-03071ecb362b,Gift Card,Pending
8a541c6e-562d-47ea-ae33-be07b8df1021,5c1d5a95-788d-4bdc-b60e-0edfe91f01cf,Clothing,1,90.68783204,90.68783204,03/12/2023,2756f630-d42c-46e2-8cef-23f76127c0e3,Debit Card,Completed
c4443cba-c8fe-4a22-9633-d9fb147a1f2a,1f18d952-6913-45cf-ad31-eca0d1794578,Home & Kitchen,1,139.640652,139.640652,26/02/2023,cc81f1c9-de14-4c74-b96a-0e02fe013749,Credit Card,Pending
948ba832-0264-4a12-9afc-c09dc57fc716,05ca5a31-ef8e-4ce6-a1e2-8b1b486c2f19,Beauty & Health,4,214.3415548,857.3662194,26/05/2023,c4efc167-e973-4cd4-9d4c-14f4db42a69c,PayPal,Refunded
0baa6a2b-fc3d-463a-8832-b80ae21d6a79,dab57a5d-9e38-4280-b7ca-3aa4a2685bff,Clothing,1,477.3772262,477.3772262,23/05/2023,f2587486-3de6-473b-8d6e-191e6073d4b2,PayPal,Completed
f2d82c28-c711-458b-b503-c6a9e78ef50b,96ca8d53-b969-4ef2-9f4c-5cb62c558b53,Sports & Outdoors,5,210.7012638,1053.506319,27/12/2023,2d4df452-e908-4d02-ad00-c6c43fc55bd1,Credit Card,Pending
90095a26-4bc1-45bf-927c-6e18816537ec,038bd448-78cc-40d3-9255-048e5ab522c9,Clothing,1,499.1385009,499.1385009,02/05/2023,ae9e5b79-204c-4b5a-93c0-a486d0f4afef,Gift Card,Cancelled
9273db34-079f-4517-8a1c-2f988ab0538f,6dd5ca66-8e76-4b83-a986-6fda78517aab,Books,3,364.9965063,1094.989519,21/10/2023,cc204b0c-8d1d-413c-850d-4da31d316ebc,Gift Card,Cancelled
73a9eb0a-7660-4c5c-b987-31965b24afbd,4e89692b-a92b-4019-a05c-771e2946fa23,Sports & Outdoors,5,346.7980482,1733.990241,08/11/2023,ba36d02c-620f-4f68-9b84-58c9c414be5b,Credit Card,Completed
f6a257e1-9e5a-4cdf-8d18-5a9a302022e5,de915d00-9088-4138-859f-5f6c68769275,Sports & Outdoors,2,93.73388439,187.4677688,03/05/2023,31cfb0aa-4537-422d-9341-7763184dc79d,PayPal,Cancelled
3cf2a6cd-3a1b-4b4f-83d5-96f8d1aa81f8,c2527538-0a81-478f-88b9-f3c060810aea,Home & Kitchen,3,106.9002125,320.7006374,10/05/2023,d4c87400-4ddc-4f21-b886-3b2dc0938575,Credit Card,Cancelled
a8224a50-76c2-48fe-8e7b-ee96df005eac,17e414f6-203b-4944-acc6-7e4c31953d5b,Home & Kitchen,2,132.8549702,265.7099404,14/02/2023,bac709f7-a808-4dc1-a495-a3b61871bef3,Debit Card,Refunded
9bacf73f-6248-4b96-9c74-379ebe1d9c68,115382aa-f003-41e0-af42-3a06de6bbd80,Beauty & Health,1,156.138693,156.138693,27/09/2023,69825f62-0d3c-4340-a535-0314b0942173,Debit Card,Completed
8bb07252-a54d-44d1-963e-f975f314c47b,305481d5-addb-4b93-94a4-6091ab19c505,Home & Kitchen,5,79.08987872,395.4493936,12/06/2023,198aeeea-3303-40b5-b9a9-f8f451a8a27f,Gift Card,Refunded
d334ffe7-86f5-4a32-83a7-4385acfc0ef1,9f3221ed-3a13-4e23-986e-98060d593f2d,Sports & Outdoors,2,157.1286812,314.2573625,29/05/2023,926d7c99-0d5e-4283-bb2d-128ac4280107,PayPal,Cancelled
e26ef788-459a-45d2-82d8-4400ea1f1f52,88b6f848-9248-442b-a5ad-9adcbb09a6a7,Electronics,5,467.5426397,2337.713198,04/12/2023,500ba5ee-0dbf-471c-ab2d-4c8c9e41a2be,Debit Card,Pending
9f625d9d-0c4a-45d6-93dc-343e4d2e4e1c,f57cde96-e70d-4c47-b758-acd7f4bfd102,Home & Kitchen,4,452.7316338,1810.926535,04/08/2023,52099112-9f8f-4986-a890-064b1aa6fbe6,Gift Card,Refunded
a2f56eaf-238b-4a50-8e9c-a396ad2b85a4,be9a10f0-f824-494e-848e-299b2ca5dad3,Sports & Outdoors,1,92.96225011,92.96225011,25/08/2023,97a6c7d0-a03c-4ba2-a34c-f292726ecc7a,Credit Card,Completed
6a47f3ec-ceb7-4537-a654-ff84f46d89c2,ac39f7a3-d6a5-4e00-b980-13c80762f802,Electronics,4,472.2643694,1889.057477,02/08/2023,0e390d10-08d3-4e05-8c4c-521f705528c6,Debit Card,Cancelled
321ad496-5535-4629-8578-c07fab3faa2f,d6132e80-a24b-4f88-835b-dea9db877d77,Home & Kitchen,2,347.0998892,694.1997784,27/08/2023,53cc3fc3-14d5-4271-9ac8-78587b4fd3e5,Debit Card,Cancelled
8f770658-a893-4472-a7a4-ff5304601088,9def67ce-26e1-41a7-9cc5-87ac07898270,Beauty & Health,5,69.98700153,349.9350077,22/01/2023,b1587fbe-1d90-43b2-a4eb-3b8b54c385f4,Credit Card,Refunded
040b6af8-ea07-40ce-a88d-b491e7b41778,ca51011e-3dd8-4f95-af60-31e137e4253a,Sports & Outdoors,2,151.6425497,303.2850995,03/11/2023,e38c8eef-4018-4b50-824a-9da2113b0b41,PayPal,Pending
3fd9beb0-2da6-4369-b4ea-d9fc8f2b1a3e,3b4881e6-1041-4b0d-998a-26739c7e04f1,Sports & Outdoors,2,325.7632294,651.5264587,25/06/2023,572deec0-febf-47a9-999d-657066595d17,Gift Card,Completed
93e08a2f-08f0-4a1e-914b-01b0cec7aa61,ac5b0ae8-268d-43d9-beb8-f9e2b6e3d60d,Beauty & Health,3,134.8193481,404.4580444,05/06/2023,243049d5-15f1-4e1b-883a-f97aad8468d9,Credit Card,Pending
feccfe48-c1cc-49af-a063-ae6ef96cd3f0,8ef4788d-2222-45e1-8c81-f0c27b90cea9,Clothing,3,329.0002575,987.0007724,17/01/2023,6c0594d3-f204-44c1-ae7d-fadd3c77664a,Gift Card,Pending
c180af67-2892-4c10-a85a-a91a305027d8,6236fbdb-3487-498d-b79e-2bc2a718c68c,Electronics,5,124.9690182,624.8450912,07/03/2023,83c0ed28-e6d0-4b57-876d-4c5b8ad50e44,PayPal,Completed
32a4895c-2f7d-47be-afa7-0db22e6a57d5,71ef50d9-b97f-4051-bb4d-73a898a494b2,Sports & Outdoors,3,309.5783778,928.7351335,23/10/2023,595d8ed2-587d-4a60-994f-8d22dedbee15,Debit Card,Refunded
88eeb630-fa88-4a99-8ecd-4edb72c74485,3ecdc5b1-4d8f-434e-a95d-eb2c79f74a1b,Beauty & Health,1,271.4183802,271.4183802,08/03/2023,0da8a67f-6e9e-429b-b5ea-beb152edbbc3,Gift Card,Cancelled
9340cfdc-8e2b-4965-81df-561abafdeead,2048b09b-ee93-47b2-ba7c-3f7770b3d329,Electronics,3,60.33667727,181.0100318,07/05/2023,ac5434ef-244a-4861-9ea0-3355447b925b,Debit Card,Cancelled
354bfe5d-1603-407f-a2ff-6cdb034863d9,062cd31a-b1d9-4383-abf5-7eac78258224,Sports & Outdoors,4,149.4046567,597.6186267,13/10/2023,48dff5db-5516-4771-8e05-642eb3075912,Credit Card,Refunded
30a47f5b-813a-4210-9f3f-cf9fdf765e48,765cab87-1444-417e-adfc-e6fc98b7d6fd,Sports & Outdoors,1,371.4278311,371.4278311,08/06/2023,e0d12a67-4a3f-412a-9ef3-53d5e52e5537,Gift Card,Completed
6d1cf64d-abf6-4aaf-98af-26e8a88c1f27,895b9cfd-078f-47f5-aa71-c41016c7dd89,Beauty & Health,1,263.5924158,263.5924158,18/11/2023,a846131c-4643-4bef-9670-987f47356e08,PayPal,Completed
30376d1d-c9f6-437b-8470-be21fa430539,1df8b504-af8a-4542-9540-8dab773e19ca,Beauty & Health,1,479.4986312,479.4986312,01/03/2023,389c10bc-35b9-49f1-96f7-67187e05b392,Gift Card,Refunded
d726c615-d400-4d7e-9188-04b4c79905d9,f9528e21-f3e2-4bec-a2f0-b82b506b2980,Beauty & Health,5,125.7984152,628.9920762,14/07/2023,80f87dc6-6894-4f41-bc5d-b9c8bc0a9d3e,PayPal,Refunded
bf490625-9eda-4e98-a2c5-95e2c3d36411,5e245628-69f5-462b-b695-f06733da9e6a,Clothing,1,235.7807376,235.7807376,09/10/2023,5c28fbfc-8578-4ee2-8718-3c5fec39e237,PayPal,Completed
5b55e06e-162e-48ce-834b-85c6828ceeee,4d6d494c-702d-42ba-88ff-f3a3c67c673e,Books,1,37.59579289,37.59579289,11/06/2023,c5792298-08d5-475c-9fcf-5fecdf3aac4b,PayPal,Completed
51ccbaaf-18d0-4ede-8288-af24b2fa5014,0dda3729-eedf-437d-8ce6-f2833ad9047a,Clothing,2,115.9536123,231.9072247,02/05/2023,f6cd4598-a69e-4b2d-90e5-11b7106234f3,Debit Card,Cancelled
c7b41706-396c-4b1a-8ff8-d218e758e2c6,edfa69d6-eb63-40dd-ba86-28a9d5f48105,Sports & Outdoors,3,110.4171593,331.251478,04/08/2023,b586d153-21ad-4b8f-b3d0-128c7d543ec7,Debit Card,Pending
a97b217d-8e4e-480a-87b6-b37ab2e4f508,029c8ee4-b386-4266-9f0f-90df92906c99,Books,3,129.6432784,388.9298351,22/09/2023,1828d946-1f0c-4872-8b2f-5e4eedb956e6,Debit Card,Refunded
0f10d355-1ab6-4b98-9f78-2f588b595e17,4f70462a-2651-4b0e-a762-855726e2f2cd,Sports & Outdoors,3,297.1065259,891.3195778,15/05/2023,73a4f269-6d02-4ce6-a8d6-362cdb014937,PayPal,Pending
d972949c-62ae-4b0f-bfad-d12f1d3a4629,fa44e8bc-e62e-45b1-8a3c-9b2c51f26740,Home & Kitchen,4,215.2572276,861.0289105,13/02/2023,53cbe70a-bce9-4c49-89e3-b112b04958d1,Debit Card,Cancelled
a5574c24-fcf7-4aa8-84ee-9f481cc96c6d,34b57261-8931-4f3b-83b7-2992f75f12ab,Books,4,400.3127166,1601.250867,07/03/2023,7e76aca2-1bf3-4938-ba17-1919e8055420,PayPal,Refunded
45b015e1-a3bf-4d1f-a61c-106f22452b72,e7a31f77-0256-40bb-a25a-d9fff49ae8b1,Sports & Outdoors,1,203.7836283,203.7836283,09/09/2023,20423268-e7b5-42a2-8e6b-9044febeb2d5,Debit Card,Cancelled
e7741ae3-6379-4b2f-8bc9-b9137d509470,b29c68eb-3a8f-4a6b-a34f-6ee1ee7ed1b9,Sports & Outdoors,4,441.1576775,1764.63071,11/12/2023,01f4fc20-a9cd-4155-808d-a6f69fa7cf9d,Debit Card,Pending
749171c0-7730-44b6-a849-5063d3b89c42,3175119e-da40-49d2-8fff-23ff5524e351,Books,1,417.7305021,417.7305021,02/08/2023,4b05094c-29cd-40c6-9a05-567977c7a534,PayPal,Pending
af3063de-aa51-4e6f-9fec-00c62ef876f3,f2b39192-fd00-4a2a-97f1-3951ddae11d3,Electronics,4,236.5845981,946.3383926,08/07/2023,c6646583-a627-4136-8d5c-bd6ff6cd1054,Debit Card,Completed
390e89b2-edac-4334-b4a3-42433ee399f9,e0af121a-3b0a-4893-91df-c19a915bf828,Beauty & Health,4,493.375958,1973.503832,05/12/2023,440321f1-523b-463e-a9ef-f25f225829ce,Credit Card,Refunded
c00d46c9-2777-48ac-a385-44c19d06388f,4eb9ee6c-93dc-49ab-bb6a-f188f2711eb4,Books,1,334.5079646,334.5079646,05/06/2023,1f319646-85f0-4300-b884-d29d8b462975,Debit Card,Cancelled
4c6adec9-9f40-4297-aa9d-530724f133cd,40114fc1-6011-4361-9704-b66eb77f1b4e,Home & Kitchen,5,41.29799704,206.4899852,07/07/2023,9ad73a9f-d067-4ffe-89af-235338167e49,Gift Card,Cancelled
ffbc711e-d267-4ef2-8214-915b2f22b785,28370f72-fc8e-4b5d-9d29-6b2e730fc6c2,Books,3,395.3878373,1186.163512,11/06/2023,e3449302-b862-463e-b0b4-4cf4373563b1,PayPal,Refunded
8f9f772e-8351-4aaa-83f3-784cb0a8eb58,3bdead00-04ae-4206-97e8-969c701b7f63,Books,2,331.5845134,663.1690267,02/07/2023,483dd504-406a-42c1-b3b1-ae02b0bc2110,Gift Card,Completed
7648a93f-62e2-49b7-b5b9-800ee026353f,cef18cd5-0b89-4f14-a8a8-421e0ae92fc8,Sports & Outdoors,2,164.7470895,329.494179,18/09/2023,601d668b-8804-4791-980f-df00c7a0bc9b,Gift Card,Refunded
be84363b-c1ee-48a2-91cc-1cd9212fd394,625ca36e-873e-4e3f-926d-590d66a0c582,Beauty & Health,5,11.85517087,59.27585433,28/07/2023,4573df32-5f6a-447b-9579-aa6c87300080,Debit Card,Cancelled
fae751e1-bd0d-4509-9053-e903e41c3651,59680bb6-9444-46f9-b9e6-35106b178ba9,Clothing,1,120.078797,120.078797,17/04/2023,993ee818-7b18-4482-8556-7f5d61d69c8a,Credit Card,Refunded
ba065c7a-9e15-4f2b-9559-ec14d7b55302,8287fa49-c5ee-4126-9ee9-ab478bf99cdd,Sports & Outdoors,1,214.0346836,214.0346836,30/01/2023,90ed93f5-a821-40fa-af66-4a41466980e0,PayPal,Refunded
e2ad6c66-84b8-4833-8c98-5e49f8112f5a,1cfdbbbb-186a-4a6d-9c26-a848a6efe170,Clothing,1,102.1506297,102.1506297,11/06/2023,64a4838f-2c98-4b6a-85af-98a5adbd83bb,PayPal,Cancelled
e6c1cd3a-7b44-4953-bf75-eb4614957509,61312340-8c86-4bf1-9306-1dc3873184a6,Beauty & Health,2,162.2897577,324.5795153,11/11/2023,4ca194ed-09b4-4e57-ab9c-eda2b96bc109,Gift Card,Completed
a34c6404-9362-4234-8018-7531893ac824,49dc08a6-487b-406d-be3a-595daa35342a,Electronics,2,322.1390584,644.2781169,26/08/2023,52597b84-5833-43c9-89a0-5e7952ac47ec,Credit Card,Completed
ceb14beb-a698-4a6c-9617-2ad7aa350e88,61b28bbb-37e2-4f92-a29a-08059a1416c7,Clothing,3,152.9792124,458.9376373,20/03/2023,1abdc2d0-5891-4002-9d0c-890147cc8518,Gift Card,Pending
ce302a66-965e-45ca-844a-89879ffc8a74,dbff8ac4-e9c2-4014-acc2-ae851003ebbe,Beauty & Health,1,406.6019359,406.6019359,04/12/2023,e9e385d4-1057-4fa6-929c-af6025471c4b,Gift Card,Refunded
de9fa92b-441c-42cf-b5ce-6104545d8c16,1bf7afba-6154-4f54-8442-6d8ea20cb371,Home & Kitchen,2,175.7141851,351.4283703,08/01/2023,96e1dd24-5160-453e-8804-bef07a58c357,PayPal,Pending
1f038e63-2e6b-4a73-b6a7-20f428b7622b,00d90c0b-c3c8-4a3f-b36e-faf8b95f40fb,Clothing,1,194.1241398,194.1241398,08/09/2023,d1ce5457-7f23-4f9c-b296-be5aad28a0c4,Gift Card,Cancelled
3fd1897e-588b-4da4-8ffc-6aaa1c1a76a1,61c58ba4-a01c-479d-a001-6ad672cd2ebf,Clothing,2,187.3806268,374.7612535,23/02/2023,74b40d7e-f75b-48db-9d4c-d7de724fc1c0,Credit Card,Refunded
a7ab0aed-f31c-440f-8b27-2ddd81c6cc84,bfb4529f-08d6-46b1-a795-7e82b7194a38,Beauty & Health,3,414.6855416,1244.056625,14/12/2023,03b7fd97-dd30-4bab-8181-61f420966c1d,Debit Card,Pending
e675dea8-737c-4c6e-8fdb-62c64629f37f,7e5fb412-77cf-4e32-a6a3-02324aa56b6f,Sports & Outdoors,1,136.0290149,136.0290149,06/11/2023,0c2ec495-c275-4686-824f-54a210d81b62,Debit Card,Refunded
5d12b952-8524-462e-bddf-0c209472208a,fa2eb4d0-ea08-431a-9ff1-2dd6c5364f35,Clothing,3,315.7175484,947.1526453,07/09/2023,a90156e9-c24c-4426-9235-ed47eae9d118,Credit Card,Completed
9a1c731b-a47a-4788-9176-a12b58cf82a5,dedcd01c-7d2f-4c90-9a14-9a4a3c755748,Beauty & Health,1,322.6989023,322.6989023,29/04/2023,6053e54f-925d-499c-a6ca-1e244f00791c,Debit Card,Refunded
a3c0e313-632c-4318-859f-be339b9c789c,3ac820a0-1ce1-4c8f-8c96-c11512970b11,Beauty & Health,1,195.4609013,195.4609013,31/03/2023,f372dbfa-7bdc-4662-a5fb-812913e76a6b,Credit Card,Pending
d0f3316b-cd11-449e-94fb-e537754541e2,4d85727a-da0e-4711-9e9e-155278b57289,Home & Kitchen,5,153.1855772,765.9278858,30/06/2023,36ee243e-40cb-4860-b11e-c213e2a76787,Gift Card,Cancelled
b69a0ff7-272e-4fc2-b0df-66d9f516cce4,6c84b367-bdc3-43e5-ad7a-f759a811993e,Books,3,118.3444441,355.0333323,11/01/2023,e68b2ff1-e5dd-4669-aa75-58d058a23cef,Credit Card,Refunded
8309d094-5c5b-4f0c-bdc2-4cfb49b7d845,8071f68f-2069-452c-bf56-52fe88521cf4,Sports & Outdoors,3,498.7736455,1496.320936,02/06/2023,d3bfc209-b37e-409c-a74c-53524caf76e7,Gift Card,Refunded
ed8c2702-4ea0-4773-827d-08f433581cac,9868ac4d-5049-4620-8170-cde8cbb860ce,Beauty & Health,4,46.81263246,187.2505299,11/11/2023,c6185218-9693-4252-88ae-9e6174e840b4,Debit Card,Pending
2610e8e8-2a62-430b-8a0c-672b335a5355,41266dd4-fab5-4b12-b3cc-8b9d4f1e38e9,Beauty & Health,2,396.7585162,793.5170323,25/01/2023,c4df909b-baba-410d-951a-5da08718279f,PayPal,Completed
5061ae9a-1eed-4c3d-b0d5-287c51413ecb,ec274c34-0cd7-4098-abf5-cf58a1d8509e,Home & Kitchen,1,341.0991865,341.0991865,19/07/2023,0e33f328-2902-4788-97f5-4a6db5e56679,PayPal,Completed
c82192b4-77b7-454a-ba46-6ec564242785,7236c310-f67e-4b81-90ea-ffca26e857fa,Beauty & Health,5,66.82921085,334.1460542,16/11/2023,e5f724f0-b250-4b77-adb3-53ea8ab38a60,Gift Card,Refunded
67d70c05-6c7e-4d3e-b246-bf82f5200ba2,71126b82-10e1-424b-ba29-daaef76b56fe,Clothing,5,391.0816641,1955.40832,05/11/2023,08d6d64a-558d-468a-8680-e4a046a93b1c,Credit Card,Pending
36439f18-9ce9-4299-b814-cc4e985360d1,d4c77254-acb8-4067-b5d8-d9f16ea53942,Home & Kitchen,1,292.5091653,292.5091653,11/01/2023,ecb1ae86-da05-4afa-8dbc-7fc381713125,Gift Card,Pending
417dd271-890a-4446-ba74-e34d0f0cc95e,42800e73-a354-4f29-9597-0910a053dfac,Electronics,5,129.3661528,646.8307638,02/10/2023,7e9d7882-dfcc-4429-8b3e-9811b00fb9c8,Debit Card,Cancelled
4015a236-6e6f-4dcb-b375-a7b967dae3c7,3df8be75-4d75-44fe-a296-8446e6bd8b2e,Clothing,1,474.0073024,474.0073024,04/02/2023,eba902f1-0146-42ff-9981-03655612c2f2,Credit Card,Refunded
adb1d664-8e10-47cd-809b-f87a9fba952d,24005f7d-c6e3-4d7e-b3b5-1ff35880eec3,Beauty & Health,1,256.4181552,256.4181552,20/04/2023,0a2a5b4c-469f-4bb8-b33f-817e89a672f4,Gift Card,Completed
70a5f447-7a90-4381-890a-5255bcc1801b,f5a40605-18f7-4604-87f1-b5f36668a74d,Electronics,5,132.209944,661.04972,10/07/2023,b6f60d5f-d20d-4293-95fa-f15380e38df9,Gift Card,Completed
4fe4c6a3-0c9d-4dea-ba57-9a2c2d852c4f,ce3800f4-a1c7-46ac-93ff-a1df34f7f183,Books,4,205.0187874,820.0751497,14/09/2023,14c2984f-a452-43b1-9455-7c02523f1615,Credit Card,Completed
c4594fc9-c8a5-4417-a07c-0c7804912351,3f01958f-2121-4f7b-80b5-7f5ea531602a,Sports & Outdoors,2,456.0381012,912.0762023,08/04/2023,3f6eb6ac-6f83-4b73-87a6-9d9c2178c3be,Gift Card,Refunded
42788944-d516-413c-95ec-0c2ab264d508,6be63e46-7438-411e-bde5-9a33bb071e54,Beauty & Health,5,23.92793458,119.6396729,21/06/2023,81f1f07e-d909-4953-992c-15e686354b8d,PayPal,Pending
07a7899a-be95-453b-aa81-c98d114fc893,9b9d3f8c-1f29-4d65-a257-a65d951777d2,Clothing,4,277.3622933,1109.449173,06/03/2023,0cc1f530-98be-4442-97c5-becb3c689b8b,Credit Card,Completed
c4214659-eb9d-46dc-b8a2-6c4873504900,5ca829e8-b0c0-4ee1-9adc-8eaff9be2a62,Books,2,190.6811297,381.3622594,14/04/2023,58532e14-629e-4249-8516-57fc2e363ffd,Debit Card,Pending
88ef41c1-9f03-4518-9aa2-386c701ce473,51ddfa39-f6e2-4b3a-b674-c5817d9e4336,Books,2,421.6616336,843.3232672,26/01/2023,af20211d-de21-4b55-afc0-f4f2c4c63ea3,Credit Card,Pending
f624a774-599a-41e5-a095-d81df1649693,8626a76c-57e3-4961-9499-f2e5e4649622,Home & Kitchen,2,210.1200551,420.2401101,05/06/2023,c81e003a-bc23-4eee-ae89-690487a1833a,Debit Card,Completed
41d9c263-65fc-4c09-89b3-d5d9a8c07e9d,6bece5c0-b9b4-49c4-a5d1-7c4d55c5dd2b,Electronics,5,165.8297915,829.1489575,28/04/2023,dd25d4e9-a838-4dc1-82ed-9b29ea7eab95,Credit Card,Completed
8e1b8e13-f6bb-464d-bbfd-b4056e775165,5d7106d9-212c-4f8c-b0d4-e808aa9d6488,Books,3,382.672291,1148.016873,08/06/2023,dc3c07ed-2d1d-4a71-b23e-b57764aa5097,PayPal,Completed
92ff7fc1-b274-48e4-a821-ef5fb2637078,e81eb14d-d354-4963-afd6-1a0dca5a59ac,Home & Kitchen,3,222.3952833,667.18585,30/08/2023,63c4e952-0ca8-4b5b-89bc-2b485515db44,PayPal,Refunded
4557efc8-a584-4405-9796-77ac1a54bbb7,b7781cf5-d8fb-4cd8-b4d9-a54442bed846,Sports & Outdoors,1,38.26320431,38.26320431,06/09/2023,998280c1-f507-4bad-847d-51a66a788d7d,Gift Card,Pending
582bcf35-b848-45f0-baac-60b68108d269,c7260521-512c-4120-86b1-add5263e0d72,Books,5,61.51030028,307.5515014,21/05/2023,7090378e-1652-40cc-830a-4873f67b0e72,PayPal,Pending
6ac88e4c-bf06-4185-84ee-2b5f3c58e1f2,20bb3fb2-e1e8-4c08-9191-21015aee3c34,Books,1,21.80056026,21.80056026,06/09/2023,b9f504ef-2431-40de-b095-086dd4924e25,Gift Card,Completed
6bfb5ed1-542e-43fd-a0b2-e5bcd27af379,2887efe3-192e-4702-a3a4-6a4488a4c6f9,Home & Kitchen,1,257.1488316,257.1488316,12/05/2023,15d04f23-ca71-47df-8d04-5ccfa66070f7,Credit Card,Completed
d5616b20-832b-4b14-a9de-e72556fa7245,a082052a-5798-41a5-85c8-1d16b734bb9a,Books,1,346.336589,346.336589,15/01/2023,3ec3b87b-57fb-4e73-b480-454850f7aebb,Gift Card,Cancelled
12fd8c0b-7816-4359-b47b-866ed9c99f93,49674ab0-b058-4ce4-b916-8698d17f6563,Electronics,1,370.1315266,370.1315266,12/01/2023,2a326a12-d6ab-4b40-9d1d-ac873e87c44a,PayPal,Completed
28415284-3a4c-4960-8a94-3701c696e41f,8d173b00-96d9-4aeb-848d-fcb58f4d3026,Clothing,1,439.2219689,439.2219689,11/04/2023,1a7b4f3d-3250-4f4b-a31d-5ebf2409671b,Debit Card,Cancelled
dcda3c6a-ceb2-411c-ab89-e744c6082eab,d711f4bc-9ec1-4895-af65-9d3ef15471b4,Home & Kitchen,3,130.7484816,392.2454447,17/04/2023,0db9d222-ba8f-435d-9bb1-64e2297362ff,Debit Card,Pending
3ecffd39-2e5c-4d55-84af-70f6b845055f,9d643303-f3b2-49e1-ba0e-1514dbbaa1c8,Beauty & Health,1,14.8896405,14.8896405,17/04/2023,78d3b822-b4a9-40c4-b56f-3a3c8ebfa4dc,Debit Card,Cancelled
5a73a063-1007-4372-bb6c-5375cd336325,18a52d95-3b94-4674-b2dc-0e988a34bfba,Clothing,5,38.73192064,193.6596032,16/03/2023,51bb597d-8c6b-48f0-baba-183858069b8a,PayPal,Pending
881ca621-0f2e-4365-94eb-4bb805b4c52c,5562a1cf-7958-4e2f-8fb3-f3608fa53ee1,Books,2,149.5521471,299.1042941,01/07/2023,504cd2bb-ec82-437e-a671-4c9c3bc8beab,Credit Card,Pending
09142f6b-c90f-41bd-9ce1-9bfe3d247309,b93c2f10-6b5b-471b-b671-c41390ef6c0b,Beauty & Health,2,54.94018099,109.880362,12/08/2023,7f044d53-a918-4c48-9457-b2e04b3a04dd,Credit Card,Completed
a72db165-4915-4c69-bc35-3cd445e091ac,76c6b359-7648-4644-ad92-dab05f83557b,Sports & Outdoors,5,276.93603,1384.68015,02/01/2023,b6871513-35e4-453f-8d0f-12af49200d33,Debit Card,Completed
6403bed1-2a15-4599-92fc-f8a809a1b194,4ca766ff-cc80-4c5e-8dc9-ba5bfd1a915c,Sports & Outdoors,1,446.3841896,446.3841896,06/04/2023,d4c24a26-f419-4bb1-8324-a6fe3cc4f291,Gift Card,Completed
a4b4e4ca-5602-45d6-bc58-5d22e9f37aba,8277a5f9-adcd-4782-96d8-5ac0258261c1,Books,4,59.8909773,239.5639092,15/07/2023,5cc7174c-7b58-46e8-8201-0d3688f1ca3a,PayPal,Cancelled
047d8cbc-addb-4436-8bcb-c0a6814b644b,a36ecb7d-cae7-4128-ab89-0b1551e21885,Books,2,343.3392595,686.678519,25/10/2023,798597e3-e439-4154-a975-2242ed96350f,Credit Card,Refunded
5d602ba7-bcb6-461e-9d8f-bbdbbdbc8fad,2cbf7b4f-d31e-41f7-9ee9-06a12d704185,Clothing,2,216.9312086,433.8624172,21/11/2023,b824d5e7-3f2c-48b8-a565-7fb017e92b0f,Debit Card,Completed
ca65f683-e633-4edc-bc51-dfb62e8caa9d,e36e2746-7975-4617-ade9-acd5a10a5537,Clothing,1,491.9701802,491.9701802,10/02/2023,989bc23a-c26d-42db-842e-f7e9844e7740,Credit Card,Cancelled
b1bc148f-5b2e-4e1e-b874-2012e2ff4ffa,bb956dce-82de-42d5-b98d-3e2c543f135e,Electronics,5,264.9312871,1324.656435,26/07/2023,3cc8d41b-67be-4b45-9e38-245df66216f7,Debit Card,Completed
8cfce377-354c-4e2d-b907-4f092ec46798,bd413f4f-fb6c-43db-b24d-da893174bcbe,Books,1,206.8065111,206.8065111,29/11/2023,a5bccd41-f026-401e-910e-403cfa06dcd0,Debit Card,Completed
86f8bf1c-8341-4d9a-b7c2-937c5b0e21d4,6e833308-8db8-4012-ac56-1a4c20ca7698,Home & Kitchen,2,321.7077675,643.415535,20/06/2023,9cdbb05b-1265-4cac-bc97-8b648290b97f,Debit Card,Cancelled
b3b6371b-5414-4fbd-97af-c7026a51ee42,d0ac718a-232c-4f7d-a252-9726b7c8fe11,Sports & Outdoors,4,439.9884357,1759.953743,07/01/2023,206daf36-1015-4290-8a5f-af3f320e97ba,Gift Card,Completed
f33f9300-e927-473e-9424-3e023a7e08e1,02a77d81-806b-4bcf-b8c1-a35fdff30e80,Electronics,2,41.78012268,83.56024535,07/05/2023,760e0b6b-ce39-4582-a155-203cc68a3a93,Gift Card,Pending
68ccc12b-8fd1-4e49-909d-cbba7cb856df,7da1eace-87f2-4515-b2e8-3bb4cb32570a,Electronics,1,65.73453323,65.73453323,14/03/2023,4db5d1b6-b752-43bf-8fd7-dbbe58a0f20f,PayPal,Pending
d7017fca-1566-48e7-8aba-6b966df8b7cd,3658f861-9e74-4804-af9a-d056870a8625,Electronics,1,470.1225515,470.1225515,10/05/2023,e39f0167-6280-4f4a-9dcf-b3636767aa9a,Gift Card,Refunded
c874ec8b-b25e-4ad9-ba61-d03a3f722ba9,1762316b-58b3-4aeb-aa19-d932ad221793,Electronics,4,254.368529,1017.474116,15/11/2023,2ec473d3-023e-4a2a-8b36-7edfebbefacf,Gift Card,Pending
3ac6b525-872b-4d54-8ff6-667762b30961,5fda374d-a3f0-4869-8fcb-ec1b14df2645,Books,5,311.9858077,1559.929038,21/03/2023,17f7c178-2f9c-49f6-be0b-182f51e1ca13,PayPal,Pending
f310e7c1-6f73-43d1-8729-008a476eaa74,af18acdb-70c5-4637-b1c9-7c5296d884cf,Home & Kitchen,3,77.09416984,231.2825095,13/10/2023,d9b375f8-d683-4c92-ba4a-787088ff5b13,Debit Card,Cancelled
b3c05b1d-f0c9-47fc-a560-724ba99b082b,3184c76a-5c8f-4f16-948b-e5a8e123477f,Home & Kitchen,3,159.2065861,477.6197582,09/08/2023,ad684d82-bc64-4d50-a9ba-008e0f2711fd,PayPal,Completed
fdd4bd2f-5ab0-45e1-ae65-f113d53eab89,85d7a272-f77b-484d-8104-59381551d1e2,Books,3,398.6236379,1195.870914,10/04/2023,ae3f675f-e190-4b4e-8319-503132d6f6d6,PayPal,Cancelled
ab8bf7cf-ac52-461b-aa9f-ef546bfaff86,c817f5fc-b182-4dd5-b81d-48c0dbb055e9,Books,2,27.22232922,54.44465843,29/06/2023,481eaa8e-3c0a-4730-bea9-5baba56c3ec8,Gift Card,Refunded
a48f9981-f4d4-4830-abce-c45269bb9dfb,33490506-5c35-4325-911b-e48bad644991,Home & Kitchen,3,78.3170441,234.9511323,13/07/2023,77d66ffd-620e-478b-9e26-f4670a930e48,Credit Card,Completed
4ade9dbd-dcd7-4694-9a01-4f315207892a,884445bf-237b-48aa-8057-37bb8ee95400,Home & Kitchen,4,457.9753816,1831.901527,20/03/2023,01ac2fac-6034-461d-bb1a-bb433c0612da,Credit Card,Pending
1559e4a9-c085-4470-b8cd-fe6ca3e9e553,3cfe051c-b5cc-46d0-bcea-bcd4c9c08278,Electronics,2,365.2714,730.5427999,13/06/2023,e78dec77-5639-4c25-ab58-80b0696f1a1e,Credit Card,Cancelled
a9b3f7ac-dd88-4249-b461-cb52c3b940de,d37edf35-916f-446a-98ba-586011fd7353,Books,4,52.90555427,211.6222171,15/10/2023,d09daaa3-488a-4fbb-9032-aab244360793,PayPal,Cancelled
7716683c-5ef2-4354-ab11-0b2db1a640b2,8623ea1b-ceac-4c0c-8853-4ce2d58dc0c9,Home & Kitchen,4,364.3583519,1457.433407,28/08/2023,3ff3587e-6d74-4f35-b6f3-34b7305fe73d,Credit Card,Completed
332c8d2c-1232-466e-8fb4-37edfa86fb4a,fc6dd193-8799-4151-bb69-f16948cc6e8e,Books,1,455.1363497,455.1363497,12/09/2023,ccf82310-561d-4664-9aab-055e195eda35,Credit Card,Pending
f10db3a7-ed05-4ae5-8785-366c2c899981,c9ceede0-7a7f-4746-a080-e7a681a7aeec,Books,2,473.3745387,946.7490774,28/10/2023,d2caeddc-0157-4c60-95da-d521b1c520f4,Debit Card,Cancelled
5ed1308b-d2ac-493d-a550-70286cacbdc2,dac14ec4-7ff8-4101-8cdb-18c8961150e4,Clothing,3,493.6535871,1480.960761,01/01/2023,dbda85f0-d96c-4dee-b3bc-c5954b4e0e43,PayPal,Refunded
ce94940f-5311-4af6-976d-caf01c5b1528,d76c9a3b-0907-42ac-aacd-47977f489d73,Books,4,225.7138039,902.8552154,23/10/2023,314cb124-6759-4676-8e2f-5b6900d19afe,Debit Card,Refunded
244d6b08-e1c3-484b-baab-cb3fd1c2c2fe,3668bbad-233e-4e59-a321-3dd417cd564e,Sports & Outdoors,3,424.9684805,1274.905441,22/08/2023,20fb645c-8c9b-4968-b485-a37b3dd9f50f,Debit Card,Cancelled
6f886835-a689-4e93-b954-24f01ef3cc35,a379a54f-63e9-442d-8e9c-1c2ee4486fba,Beauty & Health,4,220.7495922,882.9983687,27/08/2023,043392ea-2e85-45b8-b203-6d848a0151bf,Credit Card,Cancelled
b0114f54-d9dd-460b-aa23-fc5ab5a5d1a1,dbd4a256-fff1-4f67-868e-9f64d628755d,Electronics,3,329.5312738,988.5938214,18/11/2023,5132c1cc-07b4-4500-a4f0-23451b2dd282,Credit Card,Completed
9456aa88-a752-4971-a561-1a798bd5503e,b44e56e9-27a3-40f8-8a17-8f0cd98e2eaa,Electronics,5,144.3338207,721.6691036,09/07/2023,de5e2b6a-f640-4022-97b5-a68e14a3c242,PayPal,Pending
6d04ba90-f981-4dd2-aede-36ccba164586,8e2983e3-d4e3-4b5d-8726-624f5614815d,Beauty & Health,3,251.986818,755.960454,04/04/2023,8e013164-96d3-401e-97b4-7c80df811364,Credit Card,Pending
1ba98913-71eb-4f17-9d0e-2312d3000cd5,774e58f9-b94e-4a9d-8098-f16d07e5d43d,Electronics,4,292.2748515,1169.099406,11/11/2023,c6e3d5fd-2538-4382-99ed-3955428fa613,Gift Card,Pending
90097b74-9f9b-4642-9dcb-95a281e01808,5868690e-143e-4df3-983e-4c68c38108cc,Books,1,31.11430628,31.11430628,22/06/2023,ff35a9f3-6a18-4512-a42f-e4ce72755d63,Credit Card,Cancelled
c56a5405-0553-4bc4-9e63-fc73378a5893,f52d997f-1e19-4a2a-b71e-1633ea8e8327,Electronics,4,80.86783844,323.4713537,30/07/2023,16492bf8-1b40-456b-bfec-8bd5ff28322b,PayPal,Cancelled
20823282-6756-4ef8-889d-326b241b0790,1dcdcdb0-dd4d-4e66-9424-3a966710db9c,Home & Kitchen,2,339.9000473,679.8000946,24/02/2023,943c3628-783a-43c9-add7-cc65eeab26c7,Debit Card,Cancelled
ba24bd21-4942-4337-9d5e-082a62db63df,5e24dd56-6a10-4b69-9f50-9df567f9a1e5,Sports & Outdoors,4,356.1136327,1424.454531,01/07/2023,f9b9f5ce-b31b-48d6-856f-434ec11e2046,Credit Card,Completed
6d69f745-249a-4f47-96c4-10cc81f9fa6b,a4ee9900-4147-454e-a5f2-a7770154bfc6,Beauty & Health,4,314.1002615,1256.401046,23/12/2023,2803d492-f027-4bb9-85dd-eb647aafcdb9,Credit Card,Completed
c51a3fe1-ee76-44a8-95f9-8aa386e32a2b,86aefb30-a93e-4d8d-8a09-14e453004f92,Electronics,3,357.8652534,1073.59576,25/01/2023,d6a1ee10-7789-477d-a956-9c3db597fdb3,Gift Card,Cancelled
5b9a0f93-ae6d-406a-82f3-3e16f9111a36,888ce41e-dc12-4d72-a2dd-4aae13e877ad,Books,1,451.1753573,451.1753573,09/03/2023,26cafd1e-f5c4-43f5-96a4-bb3dedc5d842,Gift Card,Cancelled
584f7e01-f549-41cd-8079-650d9630e988,d8b2c044-dac2-4a67-a136-7f4079d4a247,Clothing,2,96.33823212,192.6764642,17/09/2023,001ef7e7-96af-467a-98a0-30546c9e78c8,PayPal,Completed
3311ede9-8f27-41cf-af7d-dc5cdbe50322,a5949f8f-9354-44c1-86b3-15fbb61555c8,Electronics,1,442.1364927,442.1364927,24/02/2023,11fd2eee-d3e8-47f8-8c12-c70544b98201,Credit Card,Pending
350de2df-0718-4bf6-9b47-d781f06b2ad2,d8ba6a72-7771-447c-8339-75d48682de05,Books,1,390.1300982,390.1300982,30/01/2023,0a972a72-b7c8-487e-9d4d-3ed1994243e3,Gift Card,Pending
eddf1e50-15ab-49b2-926f-3d507f940a41,2df22e73-4bda-4e29-bf6c-79aaf167e4ed,Home & Kitchen,2,63.33222547,126.6644509,05/07/2023,65423309-90f4-433f-8c01-5bb3ef1f02ed,PayPal,Completed
20a44d9e-ef2f-40e7-aba7-71982ecbd376,854855be-63c0-44b0-bd98-9d60db40a149,Books,4,424.9967889,1699.987156,14/08/2023,6743d8fa-bbb9-4d6e-b0db-70764f286f50,Debit Card,Pending
ef54b887-b10c-47ea-8bdc-36b5fb816f50,8ed32a32-9f7c-455d-9adb-59fce8ccc45c,Electronics,4,27.62462033,110.4984813,26/04/2023,d4d4a46f-4983-4306-bfbb-f12847bdfe31,Credit Card,Refunded
91550958-76af-4f1e-b481-e50a642c6bcd,b69a6b4e-e4dc-43bc-b9ea-d377e94520b7,Sports & Outdoors,2,57.34244618,114.6848924,28/11/2023,b792224a-db1e-4303-b813-47358a0c045e,PayPal,Completed
af747f66-6827-401b-b0ff-c0ef7fb6d0e6,9c3d3e00-cb18-44b3-8f1e-219f31eb96b1,Electronics,5,181.3270698,906.6353488,13/09/2023,b02b95ff-5828-462e-9eba-fec07565a62e,Credit Card,Completed
75457edd-607a-48b8-9aa5-6ce5506168d4,b87b291b-6ab9-46d3-8882-4ffa69b1b47c,Books,1,289.3871313,289.3871313,18/03/2023,aeb8de4c-0c21-44c1-91e4-00a859cfe788,Debit Card,Completed
47c112f4-d131-4042-8883-761b82617131,da7b9d98-a8a5-4b11-8e33-7ee0f0d88db0,Electronics,4,129.0116263,516.0465053,12/12/2023,8809b268-2278-4f37-be79-4eca9a0aa228,Credit Card,Completed
9cfd1bff-b852-459b-9164-0edd9d623089,c65fef93-c07d-4050-95dd-64b40645df10,Sports & Outdoors,2,207.3221675,414.6443351,29/07/2023,7be55386-ce70-49f8-8536-36608c8d29bd,PayPal,Cancelled
6bd06abd-5f6c-4df5-acf5-230ff338f533,c849f7df-3520-425f-8d92-5288884b1bfa,Sports & Outdoors,5,417.5696284,2087.848142,20/09/2023,c8b27beb-8756-4549-bb99-f189714c2fc2,Gift Card,Cancelled
4f7dad37-9084-4cff-9501-eb2324450543,6a8298c7-2141-4d66-aeae-04215e770c67,Books,3,370.0246957,1110.074087,06/08/2023,5f9ad374-7c8b-4317-9641-349f1e5f41c0,PayPal,Cancelled
89627285-07f4-4ed8-a4b7-c6167ec50509,3623f5ea-3128-4685-96c9-b2261d255e86,Electronics,4,447.3225722,1789.290289,01/08/2023,21328096-60b7-4b39-a2bb-8a8a4f934c91,Credit Card,Refunded
8346f9b7-86fe-450c-8011-98895d521e7b,6d3dccde-b5bb-4ffe-b315-ed317f85ed45,Books,3,450.2535659,1350.760698,17/02/2023,91caeab3-d8ac-414d-bed7-9f9676adb63d,Credit Card,Refunded
6b7793ea-92fb-44a9-abd7-73cb240ffc22,0dc5994a-dbeb-4c15-b223-1bfdcb7854b2,Beauty & Health,1,326.1202355,326.1202355,18/10/2023,f8d2f93e-44e8-4eed-b966-10791b7a3ab6,Debit Card,Completed
a45ed57e-f4b8-42f5-a71f-200e50acc187,334cc028-b2f6-4608-a2b7-9117acd8da63,Electronics,4,263.5608766,1054.243507,29/12/2023,d21df5f6-b9fb-47e2-b8a6-adf0189d528c,Gift Card,Cancelled
ca140bf6-8ff6-492a-bdc9-b424660755d2,c6ea5852-d7bb-4369-8926-21734a017048,Beauty & Health,4,459.9456581,1839.782633,29/10/2023,5be6f996-5070-4f39-aa39-1c8dfc2ee44a,Gift Card,Completed
b08dca8c-e943-4648-aa09-90058ce8e534,39f57d6f-4779-4a2c-9bae-1a1da1104899,Beauty & Health,5,282.8788584,1414.394292,10/01/2023,2af56dbb-686d-4520-8320-ed87727168be,PayPal,Pending
89cc5cdd-e6fe-4335-808b-fa98e79ce7fb,2f0fa548-b149-466e-b513-452d29812981,Home & Kitchen,4,290.7440353,1162.976141,30/06/2023,7a88e492-f5ca-4864-a105-a783dbc43fa4,Credit Card,Cancelled
ad36b778-d43d-4459-ae0b-38d88a3a3439,3c00bdf3-68f2-4646-9f38-4cc8a8d3e073,Home & Kitchen,3,415.9683102,1247.904931,04/08/2023,4d06ce7f-3df2-4f3b-84c7-84395a30a910,PayPal,Refunded
5bfc28e4-c5c6-4d83-9954-cf1e760fa196,99992a0d-9eec-483a-98cb-273853bd3bcb,Sports & Outdoors,5,39.89298565,199.4649283,17/07/2023,90699c4f-51b7-4a87-9bfd-117582627827,PayPal,Pending
4e885d3c-fe87-430a-bc4c-9055cda97d66,63b1af5c-c1fc-436a-a10c-bbe1adc6f24e,Electronics,4,483.0990573,1932.396229,20/02/2023,d779b783-0dc4-4c85-bd00-6afe1c9f6e38,Gift Card,Pending
e804a7ab-61e9-4d01-b2dc-d98d00f3ee98,4b6bc721-d0a6-42b7-93ec-fb370fd3802a,Home & Kitchen,4,40.52837035,162.1134814,02/04/2023,f4ad43e1-6a3e-4765-891e-d7fbdf0f50c2,Debit Card,Completed
50243582-21b6-44bd-9c45-4b5679311896,63da9f38-b111-4612-9471-257495453b88,Beauty & Health,4,311.2876791,1245.150716,27/11/2023,aadc81d7-03e4-4512-a480-c91dd861171e,Gift Card,Cancelled
aa71280a-9a3e-4601-a1e5-d9038f9a8989,94010161-2c04-443d-87b6-8325ce9d511e,Books,4,286.1192407,1144.476963,20/11/2023,f3cae7ee-136f-4d3e-bd73-429998bf9d88,Debit Card,Pending
89b3945b-a5df-410e-a982-f07d196b2a2a,1e814941-901b-4e8e-bd09-b5b4417d7f5e,Books,3,102.4104598,307.2313793,13/08/2023,f9a2378b-44c8-4944-b608-c8f6d577dfc2,PayPal,Completed
a6ef55f0-270b-4db1-8cda-02befdccd13f,9dd15295-d5d3-4734-8861-cf3f99985630,Electronics,2,393.8490468,787.6980936,11/01/2023,702d3341-2d28-49c4-822b-7627d48b1c83,Gift Card,Refunded
ec354d50-99d0-4594-b1f7-55dcfe64632e,791c0a55-a961-411d-8743-9ba83db722fd,Clothing,2,130.6723259,261.3446517,25/06/2023,b5bcc14b-17b0-47ee-b7d0-4b481588e98d,Debit Card,Refunded
a90b7148-bf9b-44f0-b20f-dd02eff78f40,c7c0a12e-8ec0-4208-ae39-3e5b8aaad1ca,Electronics,2,393.1372565,786.2745129,07/08/2023,776052af-78f7-4a0f-a724-267d1af54699,Gift Card,Cancelled
ced10b38-5cd0-42e5-8e0f-226f03806fc2,6ab6964a-064d-40fd-9b12-0bc7428eb069,Books,5,205.0936987,1025.468494,26/02/2023,421b4f88-035e-455d-a744-ff80ccd42164,Credit Card,Completed
2067c4be-9df8-4e93-a5f8-b479e5a8d2d8,872de8f8-54c1-4d00-82de-45f24674dc40,Home & Kitchen,3,164.7175856,494.1527569,07/04/2023,5b23a2e4-d3b0-4314-aa38-58fa514536dc,Gift Card,Refunded
9872f29e-8e0c-4b28-8a0d-9e873eb42d79,20b5e63a-0611-417e-87a4-a637ab6d9d38,Electronics,2,481.5837832,963.1675665,04/07/2023,a49a9411-4b6e-4082-8b76-d0952e7cd508,Credit Card,Cancelled
e7f5ec86-fc1d-4881-bbd5-655a0bcea492,3edc5fa7-8fdf-4c5a-b6a8-03625d041d5b,Books,2,92.22362483,184.4472497,17/09/2023,c5bd33aa-ad9f-4be4-b6f0-6d1f0411c3f8,PayPal,Pending
f5691c2a-b248-4319-b032-be6f6b779357,eaa7bbd4-d79d-4b9c-b261-9d2db3724c1b,Clothing,4,18.83898953,75.35595813,31/07/2023,c33fdf56-51c3-483b-98cd-0e99cc5a1c3a,PayPal,Pending
9189e629-8089-4578-97ce-2e90c1c52bb8,5ec835a8-2cef-45cd-a77f-0ef16c5d39b4,Home & Kitchen,2,15.01298745,30.02597491,30/03/2023,26038442-9db7-42c2-a1b5-a0c0f9d1941e,Credit Card,Completed
20ce79b0-8a89-4523-a2e2-56f426225058,a4ef7578-d0db-46d7-850a-6f691e2d2af2,Books,1,176.5349702,176.5349702,16/07/2023,6eb69697-d878-4c46-b6fb-2888ae394066,Credit Card,Refunded
9a08a4ef-66b0-415c-ae52-acc716b6de94,6fff90dc-138a-46ca-a0da-217b6da31aa8,Electronics,3,392.0965774,1176.289732,08/08/2023,06eb8e70-456e-4b17-becc-98123d17177e,Gift Card,Completed
6cb2a494-2a41-4a22-ba87-c2fb18c09696,2b612b21-da3c-42bd-ad63-f052ea668562,Beauty & Health,5,68.17767909,340.8883954,09/03/2023,3d1a4336-ecce-4731-91c3-7bff28f0210f,Gift Card,Pending
2997f1f5-f75c-442f-ab10-0f4f9fcb8322,fa6d9532-bb49-4afa-962f-4a730dadbfe3,Sports & Outdoors,5,122.915588,614.5779398,21/06/2023,0dec1aea-5ca9-44a5-95d3-9cddeb749931,Credit Card,Completed
b2b100dc-0e45-41a1-8c21-cd6b0bd5e7ac,42b04905-a923-44ab-be47-93bbd4388ec9,Books,1,460.7413646,460.7413646,29/09/2023,10798476-1036-4962-8feb-765cb26dca93,Debit Card,Completed
caafde3f-2094-4313-bcfb-73e297069027,b7be4bdd-f184-4c09-89df-48a6a21708cd,Beauty & Health,2,199.6652049,399.3304098,22/08/2023,29f69835-23f7-4529-9837-f2cf6ff9ba75,Debit Card,Pending
40295ab9-41a8-4f4e-9646-8cb1f2742077,eaaee69f-5a35-4742-9e66-94c651faa87f,Clothing,2,393.9241254,787.8482509,20/08/2023,1cf054a7-9625-487d-9acf-d449792bbfce,Gift Card,Completed
1cc4b2cd-51a2-414b-9995-0aa56263fbeb,d10f734e-1b69-4c29-a454-f078809cb545,Clothing,1,44.52962979,44.52962979,27/03/2023,ab0db9e6-4b72-4c87-bf6d-5065345190df,PayPal,Refunded
766ee4c0-6734-45ae-8f4a-3baa98611443,9efbbe08-f5e1-4645-a862-fec3ae0d7c67,Home & Kitchen,2,430.7978011,861.5956022,14/10/2023,0e952fed-d41a-4d78-83f8-4d7de4c68ae3,PayPal,Completed
d2211bd6-467f-40da-b40c-29e18ff33c89,902813ea-19aa-4201-8d9b-a09007ddbff2,Clothing,1,173.1591395,173.1591395,17/05/2023,e01255f9-0455-4e69-96cb-870ede1bb819,PayPal,Pending
104c4987-2597-4241-96a3-edda1139b8f3,28aaa872-e86a-40e1-a2ec-e52da7519409,Clothing,4,275.9395309,1103.758124,02/02/2023,3d9ef11b-2f43-4b2f-b75b-370c592be639,PayPal,Pending
950b7dfe-618e-4bef-9cea-ce0cd7b0ed6b,08461908-29a0-4bdb-9d77-788b68a92714,Electronics,2,469.4997821,938.9995641,30/05/2023,0687a5a1-e26c-41a5-a6f1-c9d4de181bfb,Gift Card,Completed
9dbff98b-ba96-4132-a3e3-e29d9ba870dc,4175ad70-591a-437e-80e1-18368a349741,Books,5,214.4432119,1072.21606,19/12/2023,3ac47c90-2ebe-4908-bfce-05c9a416a2fb,Debit Card,Completed
ae62905b-4a95-4caf-a2aa-fb429978684c,867f9ec7-e43d-4135-9233-2aad2b8e956c,Clothing,1,79.20140034,79.20140034,23/09/2023,c1371af6-13d4-4032-b04e-f3085f53d505,Credit Card,Pending
6c3d7ab2-6d96-4c18-bed3-31caa9032de9,bcdc0518-7d33-4abb-8919-1c5ecd93e492,Beauty & Health,2,435.2918658,870.5837317,16/08/2023,86708df1-927d-416f-92bc-6691fea4f3a0,Gift Card,Refunded
c0d4cbbd-5828-4372-b51c-f4545b19e05e,31fa4fb0-c849-4712-8150-c55cf0c606a3,Clothing,5,264.5942461,1322.971231,31/01/2023,6f720ff6-a876-447c-8f08-4290ba3b8e8c,Credit Card,Refunded
fb886661-030c-4531-90c6-d83817ad880d,56a7bf62-473d-42eb-ab59-2ed02a259bce,Sports & Outdoors,5,334.8540935,1674.270468,20/05/2023,dc76a5f3-1cad-4357-8754-b4fe79a578f4,PayPal,Cancelled
bb73c37d-6957-47ba-b41a-720e864be5b9,b7e077ca-d2a2-4369-af95-45dd4b7ad9c9,Sports & Outdoors,4,482.9655647,1931.862259,20/03/2023,f4489dbf-c3ef-4e6a-bee8-9fb9d2f3b31f,PayPal,Completed
bc10ee7c-e200-4805-be9c-16ac894660d3,771b1cfc-129d-48da-80d2-bf5b91bffd4c,Books,4,150.2460838,600.9843353,20/04/2023,1646eada-4f30-4aec-b35a-12bfdff6be58,PayPal,Pending
ce8e0ac9-abf8-402e-96ea-1857e83f8066,4ce3798c-4bcf-4df7-afc1-52beb5b86c3d,Clothing,2,88.43702318,176.8740464,06/07/2023,66c7caa3-3416-441a-9ff5-2beda3126022,Debit Card,Pending
df90ece1-ab27-47bf-8c3b-0a21050777ea,50ed16cd-3a72-46c9-ab58-bede1c775ed3,Electronics,5,250.5367986,1252.683993,09/04/2023,7db39e5b-a825-489f-8e0d-b546813331cd,Debit Card,Cancelled
67fc35ba-5eeb-4862-a742-49bfdcb6249f,ea6193c4-7764-4c2a-94f2-78cf2adc2698,Clothing,4,80.42561176,321.7024471,16/07/2023,962b5cf0-d58b-4076-b4de-d00625ddb01b,Debit Card,Completed
0fe3deca-a6b1-40b3-95ae-8889b7b509ba,3e5faa55-961f-4013-8e4d-f23eb6ee90cc,Books,5,75.77855461,378.892773,26/03/2023,c5ecd367-24de-4ef1-a238-85aa74546c64,Credit Card,Pending
040f6761-09e0-4ddc-8e2f-457bd847e753,c43fa235-a9f5-4e93-ac3d-7edf314c8555,Home & Kitchen,5,435.3215481,2176.60774,11/08/2023,138aeb2b-c77c-4544-be0b-b3ff6ada976e,Debit Card,Pending
a77e0fd6-0824-4e5b-8a48-a8771a2d2b38,0955d2aa-5d1a-43b6-92d7-afa3eb781262,Home & Kitchen,2,408.3854986,816.7709972,19/04/2023,bceb060d-e27d-4def-9acf-a0c3a5763efe,Debit Card,Refunded
c1cfb531-ed5f-442f-bc49-63b1ff5cf563,5b6108c0-3870-462b-b453-e847b57b84fe,Books,4,278.3165343,1113.266137,21/07/2023,bae1472a-139c-47c9-8ab6-c9847171d645,PayPal,Pending
d1ac4e09-2c17-45d0-a168-797eab8be729,a76814de-f293-45ab-a106-23550d55f750,Home & Kitchen,4,306.59503,1226.38012,30/04/2023,317dd2f3-c52f-4c58-a379-bab7c1f8f05f,Debit Card,Pending
f2055ad8-808e-411c-81d1-6080ab7eb23e,4dd32867-7f59-408f-961e-a4f11f9d5f83,Clothing,2,114.1814118,228.3628235,21/11/2023,07978c39-f9a0-424a-831c-37f7065fe263,Credit Card,Refunded
f987a450-481a-4f65-877a-f97407e6d2ea,dcf92e4a-950f-4f19-9bc0-28c94336ec7e,Electronics,1,76.34741935,76.34741935,06/04/2023,17facd56-f584-431c-a1b7-2c4be6b26257,Gift Card,Completed
b82fbbb8-b7d7-4806-aac1-da0f39166d6a,056d23d2-dcde-4497-883a-391bcf9560b9,Clothing,2,358.3966565,716.7933131,18/09/2023,35556dcc-b7d1-4365-bebd-33daa6afdb63,PayPal,Pending
e4f50118-385b-4399-91aa-c436d67ecce6,dd11ab72-9dcc-43e2-8f6e-ea691b6f01be,Home & Kitchen,5,456.1383801,2280.6919,06/04/2023,0890138b-51f8-475e-a953-715946623921,Gift Card,Refunded
d4067fb2-a264-4a6f-a516-4b1977d73e8f,7b299300-ea7e-4326-a41c-a08827f20a41,Sports & Outdoors,2,16.52884835,33.0576967,24/12/2023,29b892e3-ddc2-431d-b195-ece9f3f701d7,Gift Card,Completed
9fcfb596-4570-49a2-a408-d96c1218ce83,d56d551f-8487-44c4-a3d9-90d6d6be93d3,Clothing,1,232.9944647,232.9944647,13/11/2023,40c68571-ad82-486a-9901-86007499df91,Gift Card,Completed
9324a712-af69-4a1e-a882-3df6fd589103,7c19ceef-5594-46f7-9037-8379654e6a56,Clothing,3,277.850542,833.551626,02/01/2023,a4836876-72ff-4bec-b7c9-a199f16f30ed,Gift Card,Completed
677b0662-94cb-442d-b427-727de1ccc0aa,71ccdba9-facb-453c-a604-50b1be70f16f,Clothing,3,479.2019051,1437.605715,03/03/2023,0dcb31d3-69ce-4913-95a1-b51d58fb780b,Debit Card,Pending
4cc54bc6-5a9a-4dbb-9b2e-cbb5144528c5,94cfe70d-2075-401a-998e-ad596f5293a6,Home & Kitchen,4,365.0812284,1460.324914,13/09/2023,d3bbf65e-8693-471b-bc02-693e458c3b29,Gift Card,Cancelled
ec6ff1a6-6f57-452e-ac24-dbcd08dbb013,03fcbd92-ffac-4060-ac25-7e7583cdc781,Home & Kitchen,3,273.3289221,819.9867662,19/03/2023,b8fe97f7-dbab-4011-87e7-268bfebcf861,Debit Card,Pending
aafdf847-302f-43f7-bca2-e81d0bc3e2d7,0830aa36-b38d-432c-a5d1-ba8949e8b859,Electronics,5,110.6157517,553.0787583,19/10/2023,226fc1bd-37d2-4e9c-ac21-1ddd3cd4f219,PayPal,Cancelled
7a2b8bcf-2da5-40cc-bdce-ee7f9aa70d67,9492bc8d-f9b8-464b-823c-4b415c888274,Books,2,319.8255424,639.6510848,23/08/2023,606a65aa-544e-426f-b264-92351a8790a7,Debit Card,Completed
b04bc1b3-5ac8-4be2-aa87-01aac3b6da96,ebab2de2-7213-4d06-ba6b-35496d3264eb,Clothing,3,53.91526239,161.7457872,25/10/2023,85cd5065-c68f-4f71-aac0-8e5350906076,Credit Card,Completed
e9588d55-7786-41a1-9686-501139bc34aa,0b3bbfe8-b455-462e-8e04-27909d5d1fd9,Home & Kitchen,5,432.5120323,2162.560162,29/05/2023,308b4482-7367-4813-8ea6-41c18d2c466d,Credit Card,Cancelled
5b94168e-1ca6-4ed0-93f0-796d91b7d8fb,fc5f0f3c-0cd0-49cf-9fa5-bdaa6b917f64,Beauty & Health,3,23.44299663,70.32898988,01/07/2023,c37c6ba5-5ab6-4c3f-8fca-91866f3a4948,Credit Card,Cancelled
01678bd6-30bc-49df-a81e-909624490fac,1bbe7bb8-7ada-47f5-ab72-7b7663eebdd0,Beauty & Health,1,55.69855491,55.69855491,12/02/2023,63f8536b-2e2e-4d3a-b67f-80bf3132b78b,Debit Card,Completed
35e9086d-cb54-4f70-b9d2-2196c99de046,cc0e2d79-4d12-4442-95ec-d5e2e91bc34a,Home & Kitchen,5,439.8784899,2199.392449,05/07/2023,5619fca9-dd28-4c11-873f-e931906b107c,Gift Card,Cancelled
d5166e2d-1d47-4934-8fa7-45619408bd31,c57141bb-a4ab-49bb-ab44-734d615c2c38,Sports & Outdoors,2,318.2434912,636.4869825,12/12/2023,6c6ad486-469b-426f-9c0c-b5ace273e5eb,PayPal,Completed
7eb8ca1b-cf64-41f7-a2aa-9b3d11f7cdd9,310cb039-cddd-439c-88df-f7e42e3fd731,Sports & Outdoors,4,150.716222,602.8648878,07/03/2023,2f7b3967-5d15-46db-8237-b64e84dcf984,Debit Card,Pending
9295c96d-65c9-4724-ac4d-71cd6af05ef7,3921d0d4-98dc-47de-a299-ab81504deb24,Sports & Outdoors,3,341.5646273,1024.693882,02/11/2023,1e74cdd7-a8de-4ca5-96df-bbd09d926f3c,Credit Card,Refunded
9b1be9db-7f67-4a7b-a0ed-30ee786224b8,bca6319d-6909-4b6f-bc51-4556b5266092,Sports & Outdoors,1,399.9496191,399.9496191,12/06/2023,cbe6a0f5-33ca-474c-89e7-7eb1cabe1ab3,Debit Card,Cancelled
43fc15db-e2de-47c5-9724-59e65173cea8,67ce81b0-0f58-4394-bc35-d519e12ad879,Books,2,199.1403544,398.2807087,03/06/2023,06219381-cae7-417b-98c2-e5cd8b29a2d2,PayPal,Refunded
8c34f0ac-bd63-4100-9fab-4d6f19332207,73f03d72-bffc-4a88-bb88-54e54a00dc56,Sports & Outdoors,2,68.02860065,136.0572013,26/12/2023,9d29753c-f567-4cd4-9cdf-649696cc9366,PayPal,Completed
142df25c-6221-4bca-811a-b5b52168f6be,695179e8-5c58-426b-92d6-76f169bec333,Clothing,3,270.8213662,812.4640985,26/09/2023,1dd010d5-5f2e-4983-9366-e318e01eb917,Credit Card,Refunded
536ffe7f-32fc-4a76-b040-b2c3e1aa503c,5a131986-99da-46f6-b2a0-e6ffd038bb70,Sports & Outdoors,2,458.4053009,916.8106018,11/08/2023,c3e7c644-ee1d-48a6-97b8-a5f3ec4f830c,PayPal,Refunded
4d468aa8-842c-4f98-9c25-b54dff600628,4259d1d4-dc33-4d4d-9fde-c81c207898bf,Electronics,3,57.22774511,171.6832353,22/11/2023,9939df4b-cca1-4d2a-90fd-0a406cee9d02,Credit Card,Completed
ce86c8fb-9dd1-45f7-b8a5-3f4e91f27c61,85aeef83-885e-4dd5-a4be-23b5506dd584,Clothing,4,335.2603463,1341.041385,11/08/2023,dc747b1a-1ef3-4731-98d2-61721f505178,Gift Card,Refunded
f9a7b526-000a-4b29-8de6-5cbd8504f3db,9635a3d7-decc-4c78-983f-98916dcd2d4c,Books,1,298.0988713,298.0988713,16/09/2023,c7a265a5-2c37-46cc-a63e-09b1ac18bb3f,Credit Card,Cancelled
5c010e36-102a-477f-8150-331a8cc491f0,a917c57d-93c0-4409-9da7-37bf009c8ea7,Home & Kitchen,3,191.704861,575.1145829,30/10/2023,280d6cc8-dc2e-464b-988e-a8df43848b07,Credit Card,Refunded
28207941-083c-4f86-8e8e-5c0ee5d001b0,9545fe30-37c5-4416-8241-b5a7ab185fae,Beauty & Health,2,119.5923633,239.1847266,17/07/2023,1e62da6c-8dec-4720-822a-e4955135c1cb,PayPal,Pending
09031732-17f3-43f3-af17-ed32c783aecb,38a4dd63-1091-4214-837a-20cf566dcf7d,Home & Kitchen,5,311.3504567,1556.752283,06/12/2023,49691b9d-14ae-44f6-878d-083c0f20b2cc,Credit Card,Refunded
a2e2fc16-6db6-4a1c-a3a8-1661750612da,ac033bd9-30d4-4d6e-b370-8c7989a525d5,Sports & Outdoors,2,363.561192,727.122384,02/03/2023,2c61bca4-0456-4847-adba-ce46116b5d44,Gift Card,Completed
72733623-c52f-41b6-8b10-e19ce876d1cd,794ee550-6ba2-4041-b8a7-44ab4b92e64a,Books,4,366.1060724,1464.42429,24/02/2023,8cdb724d-fcab-4211-a2af-eac512e851c4,Credit Card,Completed
29296871-fdda-4239-b17e-7b5788d37f99,f88d41cc-ac6a-4f23-ba88-a1ceecd72a92,Home & Kitchen,4,281.4064673,1125.625869,16/08/2023,e6b818a3-3bab-46fd-86e3-2fdcd344f8a4,PayPal,Completed
46ac9f8b-70a7-40c0-aa32-d69e55f76054,9467c998-5b05-4d2f-8f40-2d2fedfd33e7,Sports & Outdoors,1,134.9060951,134.9060951,21/06/2023,2399dc90-49d9-4714-8133-dc43f2875ddf,Gift Card,Refunded
5eb4650f-b37f-4f4b-8f8b-6f9cbfe225ea,928d0175-1dff-4c29-bfe9-8141244a0789,Beauty & Health,4,198.9108164,795.6432655,17/03/2023,461c317e-23fe-46a7-b1d3-1fd964f3ad66,PayPal,Pending
83d812cf-9f3c-4df9-b5be-6685ee2d6418,4b60e4d1-ca5b-4ef4-982f-0a83638f7e5d,Home & Kitchen,3,353.5766353,1060.729906,21/06/2023,8876cd22-a681-443c-96f2-a76ad8db91e4,PayPal,Cancelled
67ab3bfb-bee4-4c7e-9677-80f1426f9a37,ef08db0e-9612-4b61-88d4-3442d6ec5def,Home & Kitchen,5,432.7602974,2163.801487,07/06/2023,a71a4e04-ff11-4c2d-8b93-0be9601eaf59,Debit Card,Cancelled
ced617cc-a266-4870-b156-68cf0e0f95e0,16386db7-c9b0-475c-892b-96776c123773,Clothing,5,443.0230855,2215.115427,25/02/2023,5b43e7e4-199e-40f9-90ea-1c42d7815583,Credit Card,Pending
83bd2e06-4338-424d-99ae-d07ead43b13a,a4ce476b-c50c-4669-b16d-5a4dee440796,Books,2,438.3029132,876.6058264,25/01/2023,cd6ce3aa-a072-402f-9fc8-eab45aec56ec,PayPal,Cancelled
ab282679-a60b-442b-adee-dab5b7c45997,d8d466ac-44d2-4910-bdf3-d0f78d3a3697,Beauty & Health,2,308.6085278,617.2170556,15/09/2023,eabea197-1ec7-4264-a2e9-c1412b12bd10,PayPal,Completed
caf49041-8a1d-48ee-a116-2d2d44fde8b7,a42b29d1-f3f6-4d9f-b36b-893fa0f20cf1,Beauty & Health,5,368.5675277,1842.837639,07/10/2023,e3a50cd8-bfc3-4d71-a704-5f7289054bb5,Debit Card,Refunded
13730882-f60e-4444-a171-94293b1239fa,9538fa06-b5f7-4f58-87a1-8f356a9526b4,Electronics,5,365.4458821,1827.22941,03/11/2023,74e974ad-1062-4fe6-a06f-6d5bbe62a898,PayPal,Completed
6a0d11ac-745b-4b0e-85c5-aeba425ce201,213fbdc2-0252-438b-8bbb-7910dead06c2,Electronics,2,330.0672609,660.1345217,07/06/2023,0cc5dfb5-d3b1-407d-8220-e2706a1858a6,PayPal,Completed
fc772e9c-f754-4550-a651-a326d7f3f80e,f284a76b-8318-4c97-8757-6d162a653855,Home & Kitchen,3,408.2771471,1224.831441,04/08/2023,9b81cd68-3131-4d09-ab6d-ed9649099e35,PayPal,Completed
df2afe7b-9665-4201-822a-dc7b5e63cba8,a961b474-66a5-4bba-b44f-36f234ad80fc,Clothing,3,380.0833931,1140.250179,09/01/2023,e6345b07-78cf-4a26-b933-4743a8d59f51,Credit Card,Pending
1f67db78-e2dd-41d3-a74e-7c5d7f8661d2,09dd17f8-912a-43be-b48d-679825b8e5c9,Clothing,2,195.704936,391.409872,11/07/2023,eedcfbd4-06fe-4086-a25f-92dc6a60ed37,PayPal,Pending
91835cd2-fc06-442e-b71d-c7fd5555006a,5ea2c8b6-55e0-4821-8bfd-3085b0077008,Home & Kitchen,1,374.3977931,374.3977931,11/10/2023,d89c638b-3859-499a-bba0-a5cb782e722c,Credit Card,Refunded
45d5611e-3fff-4707-8758-7fc45aaa0b36,36513fb7-53be-4a93-a766-e3c923ecbe6d,Electronics,4,259.219382,1036.877528,30/05/2023,0a6c92e0-4fa2-4cf1-8291-6f3b95901205,Debit Card,Cancelled
9771132d-8024-463f-ad38-82a10930b089,82e407e5-18c4-458d-9e1f-3a8634f69d27,Sports & Outdoors,4,369.7800982,1479.120393,01/02/2023,a238ba06-d654-4040-b413-f728abd90958,Gift Card,Cancelled
80154e20-437a-4318-b68f-7f6e06fe99a5,d5627843-91b5-4fb8-9334-690429b514a1,Electronics,2,170.7305649,341.4611297,30/06/2023,e9f6b2c1-70e0-4e84-adf1-ca39794bdeae,Debit Card,Completed
46113e68-b660-47df-a724-8e578b2a5549,723c01a1-d7f9-417f-be18-2068f434f24c,Electronics,4,201.1755946,804.7023783,06/10/2023,97e62c64-3df1-4d18-b8c2-a942a0233b12,Debit Card,Completed
039d713b-fcb0-4f32-bfe7-02a0c7bbd39c,27e64976-9d25-44a6-8f7f-0943de6285cf,Sports & Outdoors,1,40.21684166,40.21684166,08/12/2023,73e8649a-9ee4-455a-ba86-9d6ea6616064,Credit Card,Pending
f8279141-fcd9-404e-bb78-e44623da6d78,51bfd165-071c-4cfc-a4f3-ce364e29eb60,Electronics,5,134.9888036,674.9440179,07/04/2023,63379fc1-c271-4df7-a03c-bf13b4297296,PayPal,Pending
3b95fcd0-336f-4860-b3cf-e417d12970e2,8db38b1b-6484-48ba-9008-5e84dc6bf16b,Clothing,3,149.4829354,448.4488063,07/07/2023,1e2b8dac-f81d-4fbb-bb10-839408928af3,PayPal,Completed
53a988a6-d32e-46e9-b9ea-234ba0d616f1,f34c831d-dc18-47dd-b126-6b6a39c9e7ea,Electronics,2,191.5039082,383.0078164,23/01/2023,b7d7bf2d-3d57-417d-96da-fcf3da478dc8,Credit Card,Pending
da2fc708-77c9-4333-ae83-449c1e69b6d8,a42f4840-a8ce-4c9a-84ab-f753f50ef37a,Home & Kitchen,2,204.6548285,409.3096571,09/08/2023,1420d729-dd52-48d9-8a49-5a0dc3cf05f1,Gift Card,Cancelled
41e07231-1e80-43ab-be3e-33d0382b3b27,2f90871c-0100-4c12-a462-e79aede56354,Electronics,4,385.3831258,1541.532503,15/03/2023,384f235a-ba1f-405a-b28f-cb38be42dfc8,Credit Card,Completed
b162489d-3463-46dc-bebd-ccce4b8d6fd4,1a3b384b-f1da-429a-a80d-152976d3fd18,Beauty & Health,1,165.8517997,165.8517997,29/06/2023,943c3945-e1f0-4da6-bac1-e9eaa6c9ff48,Gift Card,Pending
c95c5437-06bd-4a8b-9dbb-1f883ff5e9c0,3677f55a-1c7e-40eb-bdcb-c65848706046,Books,5,140.9060804,704.5304018,03/03/2023,d277fbb6-986c-497a-a737-c8e1189befee,Credit Card,Completed
8abd5edb-76e9-4efd-81ef-02dc87e9e2e4,1216bd9d-1226-4d84-8520-20a084dd4086,Home & Kitchen,1,71.64125326,71.64125326,11/01/2023,25cece1f-326b-40ba-a367-9cc720d04018,Debit Card,Refunded
b6906bc5-76db-49f6-8c63-9162cafd12e1,d1e27456-9962-4baf-85d4-d91cc9ae6308,Home & Kitchen,5,82.2930829,411.4654145,07/08/2023,89540910-7393-4cde-b043-0053e0cf7703,PayPal,Pending
5dbc8e9e-a77f-478c-9ffb-0b181da67331,5d4162e6-93d6-4cac-9040-9c6100c92a3b,Home & Kitchen,1,411.4675768,411.4675768,03/11/2023,6b5b3343-b901-4fd7-9b7f-d6b3ee157f57,PayPal,Refunded
6e443676-534c-4bf9-a33a-3190029876db,07ab471e-f6d0-47a3-bad7-bfb6c722316c,Sports & Outdoors,2,85.30551002,170.61102,23/04/2023,2e5e9e5a-288d-463a-930c-1e71c5db5524,Credit Card,Cancelled
15502bd9-be9d-4886-9c37-ea3d32b32518,54c98eff-793c-4be7-8ddb-546dce9ce16f,Sports & Outdoors,2,248.2483139,496.4966279,29/05/2023,09eca523-f118-468e-837e-a723be84f156,PayPal,Completed
58f29215-97bb-420e-b11b-be4b173eebd0,55a799d5-d934-4198-86e9-725a2404b8bb,Home & Kitchen,3,208.8801704,626.6405112,25/07/2023,9149eaa6-7733-41ff-a9ad-d1b79d94bc1a,Credit Card,Pending
57784e5e-8c8e-462d-af74-250729dbb2c4,75cdacde-fe55-405e-8dde-3f93825def0c,Sports & Outdoors,1,267.6270154,267.6270154,26/05/2023,4ffba0bd-507c-408e-93cc-92b612772ecd,PayPal,Refunded
eaebb679-20ad-4c47-b612-4ecdbb4eec80,045def1c-4941-4b18-b5a6-aa3d6d37b908,Home & Kitchen,1,481.0466888,481.0466888,04/02/2023,c04196cc-0eaf-435a-9709-25c38f0cdacc,Credit Card,Refunded
c657c940-bdd0-4ece-99b5-47c98eb4087a,cfba46ba-53ba-4546-82bc-f1105a6aaade,Home & Kitchen,1,255.0021737,255.0021737,16/12/2023,0d84fba2-b157-438a-9a9e-6a1f7c431cc3,Credit Card,Completed
0f423eeb-ad93-45bc-bfed-9f0607632518,d902b08e-993c-4fae-954c-028ea32ed185,Electronics,3,164.560394,493.6811821,04/06/2023,4fcd3ceb-d1d3-4b4f-b83d-1d1793bead3d,Gift Card,Refunded
e6ec3525-d950-4e22-ad1c-2cde62bcab3a,f61b4e05-5143-4e8a-97f8-dc8333346843,Books,1,156.3597673,156.3597673,09/08/2023,fb83ce77-7768-4412-8d89-4900481146d7,Debit Card,Cancelled
60b4ed68-6bdd-4dcf-9713-87714c3143f3,c8a19eb1-3f79-451f-8ddc-956580dd47b1,Electronics,1,121.3273797,121.3273797,29/12/2023,28ce8fa4-b5a0-40ad-855f-cc7ddd8d9716,PayPal,Cancelled
85d37efa-c105-4dc7-be82-a289e5214afa,e266a342-9d53-4004-aa3e-532b19816ccb,Books,2,420.7626786,841.5253571,03/10/2023,188047bb-2efa-41fd-85fc-c902c9f2de4d,PayPal,Cancelled
888d6dc2-15f5-4993-aef6-fc3f4716c6f6,c82a7ed1-1c39-46d1-99cf-da00ecb26ce9,Clothing,1,207.6575786,207.6575786,11/08/2023,17084caa-209c-4e0c-a68e-b17ed27b4839,PayPal,Pending
978e9e90-34ab-40f6-9b39-b7c0651b5d3c,a8b30a16-a7c5-4778-a0a3-b788b5a9768a,Clothing,2,373.4384099,746.8768198,24/06/2023,a7410ba9-2516-4f26-9dfa-dd99179ad07a,PayPal,Completed
44f133e2-59cb-4cd3-b881-19c0d2ca4db7,52642513-29a2-47fd-a5c7-70269ece14a1,Clothing,5,168.8270035,844.1350177,09/03/2023,e7b6f822-0477-45e5-9de8-729a48fdbc49,Debit Card,Pending
55098219-0a4b-49c0-b561-673e0d584ca0,6905c69f-5dcc-49c3-8775-5dcf6655a7fc,Home & Kitchen,5,445.437544,2227.18772,24/10/2023,2d94c3e3-fdbe-4171-9a96-34e10ef95422,PayPal,Cancelled
9e78526b-3847-4a68-908c-c927d98e2520,c2028926-2bf8-4153-9079-3792bc380711,Home & Kitchen,3,219.0147052,657.0441157,22/03/2023,c91c087d-2583-48e8-ba55-11879777ad31,Gift Card,Refunded
2a8c08bf-257e-435b-bc8a-18ceda272a55,861aca18-7d2a-48f9-861c-9c5bba6ac67d,Electronics,3,434.0203606,1302.061082,25/11/2023,7fb04476-4691-4c05-ba33-9da257107b82,PayPal,Completed
ee66ecf7-df9d-4ff4-8e2e-6d990b209bc4,8d7fda66-5760-4b6d-8412-252c38e8fd1d,Sports & Outdoors,4,477.3718169,1909.487268,20/02/2023,3100b077-e309-4181-ae45-04585cb5b6ac,Debit Card,Completed
5ffa21dd-c548-4361-bcdc-5ac4671d1ed3,bd5e5414-4248-4e69-ab39-ce4cc2659852,Clothing,3,131.4385101,394.3155303,19/09/2023,56ea99c9-5f2a-4f2a-a834-92976b9b5cdb,Credit Card,Cancelled
66555128-803b-4552-aafc-272141989f5f,5f510d0c-815e-4558-a05f-d57def1d14ed,Home & Kitchen,1,239.9566435,239.9566435,13/02/2023,c1a3e140-a57a-4678-b39b-3b9cf5186fac,Gift Card,Cancelled
0cc0022e-4401-4ade-9974-ebb0d36cdb3e,ac6a56ca-2581-46b1-b6bc-88a02bfe8fb4,Electronics,2,92.61176436,185.2235287,02/07/2023,85419ea0-e581-498e-8047-41a69f322918,Gift Card,Pending
00ece964-15e8-4820-9d6d-b1cb491e0dbb,90ee13c3-9f64-4038-932a-650f0afde1ff,Clothing,4,418.1861736,1672.744695,25/12/2023,2f1c3179-30c1-4db6-9dcd-6d92a013856c,Gift Card,Completed
f69b0a82-e92c-46fd-a9a9-18b42da7b4c8,872218c1-7f7d-4b6b-8cf8-ccb6b858d037,Home & Kitchen,3,286.5958024,859.7874071,24/07/2023,9d097866-3ae0-4431-a1b0-b6024a0b19e9,Debit Card,Pending
6b48c113-e63f-4a9b-a01f-772747ccb9e4,4d6db738-d067-46ca-afe4-5a6e4a26f592,Home & Kitchen,2,442.3267765,884.653553,09/03/2023,f9352eca-a929-4d86-8876-b7474f3e0bb8,Debit Card,Completed
a468fe5a-3700-4b5a-bbeb-d9eb406aec93,069a1596-52fc-4cb4-8b80-e7df7a698371,Home & Kitchen,3,122.3608781,367.0826342,21/06/2023,c68b1bfc-09f0-431b-b2ac-8b220573de9a,PayPal,Completed
0ca1bce1-9efa-4bf3-87fa-6c8ed438125c,a5493165-8916-4533-b39a-156593063ee3,Beauty & Health,1,130.9830253,130.9830253,12/10/2023,a89c30a7-fcae-4bd4-af36-3f3e33494db5,Debit Card,Pending
6293aa7c-97ba-4d89-88ed-6931ccd8febe,df0f1978-b392-416e-b1e3-cb2842e1b121,Books,2,448.6614609,897.3229219,11/08/2023,788f94a9-5c86-472f-b2a4-a85cf5915a97,PayPal,Refunded
185d43b3-273a-4551-91d4-9969a21941e0,9af37c40-3809-49ae-ad46-12f048cfedb5,Sports & Outdoors,5,253.5660036,1267.830018,26/09/2023,7e5969d1-b471-4ba3-bbc0-be8cc2db9712,Gift Card,Cancelled
330b40bf-d343-4fe9-96e9-7fffdd5c932f,da9acb6b-5db3-43a9-adb5-c734726ba89f,Sports & Outdoors,4,165.8688146,663.4752582,23/08/2023,2b6aacdd-1545-4015-972d-8b885dacfa7d,Credit Card,Completed
4a6f92ba-27b8-4c1d-b8f1-2a3b5b6f30f1,adc1d2aa-b19f-4490-81ad-c42ec34a12b4,Home & Kitchen,4,240.6834608,962.7338433,31/01/2023,23322905-ddb5-4787-9d8a-e0b10f6bd484,Credit Card,Completed
d5833c09-30e0-4c09-9cf5-000e80c0fed5,4df09478-0eeb-4624-b9e3-62b531ec7f0d,Clothing,1,61.74140981,61.74140981,25/11/2023,80f82dc9-b966-43e4-aadd-ae7f4da43389,Debit Card,Completed
9aeeab34-f6e9-4ab7-b0b7-2c85cb32e176,b33f30a9-2342-4c47-9561-5ea98108d919,Electronics,5,434.4318023,2172.159012,15/05/2023,a486063b-6718-48ae-8cc8-5118850cec3d,Credit Card,Pending
e792b0be-5387-4590-b2a0-0663419101b7,59fb6ec1-1a55-4df2-b0d0-39f3ca8f7c93,Home & Kitchen,3,483.8112628,1451.433788,27/01/2023,373b1ef3-60b5-48e9-9c06-86cf18d8643f,PayPal,Refunded
15848eb5-455c-4a5b-8d45-624630c1d973,abed5477-c51b-461e-bf00-b53f224fa4fe,Beauty & Health,2,146.170923,292.341846,17/05/2023,f126603a-c36a-4257-8a42-ba868e1db1f6,Debit Card,Cancelled
ab33aab5-fd74-4761-83ce-61887c6dfe8f,f88c4d34-4012-44c7-a342-2115cf28a6e7,Home & Kitchen,5,61.16998774,305.8499387,29/12/2023,32a0f26c-68de-45c9-abbd-ffcc05c2ac84,Gift Card,Cancelled
62e4b63c-9c18-48cb-9640-0058e896a2b8,88c41a8c-c281-4d28-a9a3-f55b729974ca,Electronics,1,121.279257,121.279257,11/05/2023,ae25a15c-7e5d-4081-a563-8bb3f0615271,Gift Card,Cancelled
9df07e81-7547-4c2f-88e8-1f9be5602c0d,6e435d4f-5767-42ae-9fd7-d2f301bd7093,Home & Kitchen,5,431.482461,2157.412305,08/10/2023,7be2feb3-cb0e-4605-8af2-6723720713e4,Gift Card,Cancelled
8dec05f4-98d5-40cf-92b8-42caacb37a0b,8f4f7a3d-1c6f-431e-bc29-b654a61c85f1,Home & Kitchen,1,148.6985207,148.6985207,09/03/2023,5e7af369-e61a-436a-b40f-0725389e83ec,Gift Card,Pending
71be4d8e-44ff-4977-bcd5-1f5cae0e0d94,a157cc06-9821-4d01-8f89-d19a9b52b2b6,Clothing,1,165.4395335,165.4395335,18/01/2023,41f5b7ba-1ce9-42ef-a835-86e7043b0932,Credit Card,Refunded
5bfe0a70-fbcb-4d9d-8d56-f6106b34275e,a7a7df6a-e58a-4755-93e6-5ff6fb214d07,Electronics,1,386.6425082,386.6425082,19/09/2023,5d8f4012-fbda-4d0b-9719-e7cbf06a4cf2,Credit Card,Completed
45144c63-5eed-40b6-9c84-7218209b3e90,873b51d8-260e-497f-912e-7e49a315e2ed,Books,2,465.8519166,931.7038331,21/04/2023,80cae492-e0e7-4e90-83a4-5531a71cc2c4,Credit Card,Cancelled
7e68f65b-63a8-4138-83e0-95e4dcf1eee4,ffd6f993-a7e8-42ad-a01e-6bfac98f9b9c,Beauty & Health,2,232.1055499,464.2110998,13/12/2023,36e54817-355d-43fd-9096-63d7d9aa4a74,Gift Card,Refunded
b1e2a788-f234-4feb-9522-0bd3d8ed46be,9ebe336f-70f8-4c93-b284-6e45f17320cc,Beauty & Health,1,376.9006747,376.9006747,20/06/2023,2a6ea555-43d3-4443-9184-b7552ff49680,Credit Card,Completed
9f3f7ed1-434e-457e-ab7a-c7f884c65225,39481b5a-1cb5-4118-bc2c-655dc69ea2d4,Home & Kitchen,1,392.8977141,392.8977141,02/08/2023,871b5989-93b9-4c36-b81d-745c089f9b20,Gift Card,Completed
f397f9bf-f4d9-43ec-a506-26d83c097a49,9658e013-e267-4955-9520-0633b6fd28ff,Clothing,2,459.7414883,919.4829766,26/08/2023,a09f1e84-d8f5-4567-9812-ca6cc107cb53,Gift Card,Refunded
9c94c339-79fb-46c9-a9fd-03899511f1df,579b0eb0-fd6d-4ace-98ca-9f15e0276141,Books,5,30.29094235,151.4547117,10/06/2023,e3d20cfa-2ff8-4c18-9d87-387b04f56563,Gift Card,Completed
21e6bca3-1c92-4a81-85cc-92cc849d83ec,a06b80f6-c4bb-4efe-8041-21e14c20389c,Electronics,2,305.7816019,611.5632039,03/01/2023,9047a6f6-defe-45e1-a44b-512bac9302d7,Gift Card,Cancelled
7f0dfbd9-12f3-49a5-b5fc-59ca82215122,f9ae6a18-9144-43e0-aeea-709f58d978e7,Clothing,3,59.49753734,178.492612,20/02/2023,86eed4ca-fe48-4a38-a17a-927d04b60063,Debit Card,Completed
23a2f3d8-3cf0-4976-a8ad-1673201070ba,454311f3-4be8-404b-ad6e-00930876c404,Home & Kitchen,5,184.9629348,924.8146741,15/04/2023,171f057c-5af1-4c99-8e31-950b9909a3f5,Debit Card,Refunded
aa1fa115-caa2-45b8-a322-a92223dbb236,e76b9dde-c410-4ba3-bf71-d4b883f4e025,Electronics,1,212.6573369,212.6573369,29/09/2023,532cb637-b0b6-4bc6-a5e5-667d2df73e23,Debit Card,Completed
46c5c13b-f538-46b2-b5cc-121d0b364fbf,5377f4b5-6905-4be2-81ca-e923f456c359,Electronics,1,282.973113,282.973113,30/10/2023,ce3d72ba-e447-49f4-a7af-e6933b01662c,Credit Card,Pending
ab07e1c9-1c4d-4070-90cd-822b55e21f47,4e299a1b-884c-4672-b703-ad9c818f9499,Sports & Outdoors,1,455.1569597,455.1569597,19/10/2023,2e8ef0cc-3915-4cd3-9e98-e3ff2f62d9be,Gift Card,Refunded
c2aefccb-b9cb-4057-a292-7d085fdc345a,48ecc3ea-bb20-471f-a7f1-b38156812a6e,Books,2,287.5737893,575.1475786,14/02/2023,16bb370d-2d24-46b0-b797-226395db911f,Credit Card,Cancelled
c0975913-3e72-40d6-bb88-21cb2403fc1d,dd6ce94f-0b6b-4afe-82a2-71e967d18070,Home & Kitchen,2,221.5430036,443.0860072,06/09/2023,08786359-b791-4dcf-a19e-15d5f64df969,Debit Card,Pending
6748fd93-2067-409a-82c9-e9e6f07a4e07,dfe3fe63-0aa3-46b3-a6a8-83bf008a305c,Home & Kitchen,4,48.89866427,195.5946571,16/12/2023,f7107a5e-a060-4028-8cf3-894eca49ae87,PayPal,Pending
977cb437-e639-4a27-a08d-77e44d430bfe,d3ba0bf4-9107-49c0-92c8-8d6faa8b2e54,Clothing,2,39.33893644,78.67787288,05/12/2023,cb174672-92d6-4bcd-a551-774b1b23d3b9,Debit Card,Cancelled
d26c3be0-aded-457d-be73-b26130e38cf8,232b0429-e537-447c-923f-67af42ea4bdf,Books,1,415.5956443,415.5956443,29/10/2023,ba4d5d6d-097f-4fc9-bd97-e6c8c6d849f2,Gift Card,Completed
52e7b5f0-8b01-4580-8290-2bda82cbac76,3ede1acc-9684-437e-9a93-6109fefffb6d,Electronics,1,99.28359578,99.28359578,22/10/2023,a49e81d6-22c8-491b-9a2a-47673d36eeae,Gift Card,Pending
c7bf0d02-a84a-4fb7-966f-72a93a3aff50,de304704-b2e7-4590-9f48-2478d4ed732b,Electronics,1,174.0032534,174.0032534,03/10/2023,a392bc32-a388-467b-8896-d3f719f8de2f,Gift Card,Completed
fdee0d3d-46f4-4b8f-82a2-b4c971e04936,d615eeef-c8f4-4585-a625-188c2b32cb29,Beauty & Health,1,385.7545599,385.7545599,09/01/2023,92aae1f8-9e22-40a4-9457-85a8dbb696b9,PayPal,Pending
a6eb46cb-76f6-42fa-964f-f5faad42e9c0,31decec0-ac23-446f-bb08-a1315b52999e,Sports & Outdoors,4,187.2218668,748.8874673,12/03/2023,7588d858-83f9-48db-8a5c-9d90979732ef,Gift Card,Cancelled
ce7cfd4c-0c06-465a-9179-b5edc226e208,3898ab68-da7f-451a-a04e-ad9e3b99eec2,Beauty & Health,1,95.36189128,95.36189128,08/03/2023,26ad7aaf-2553-44d8-9abf-90f3fed11295,Debit Card,Completed
7ebbe401-91a2-4678-9fbf-65017c89d4d0,9f5f31c1-61bd-444a-8a3f-e65be9981de2,Electronics,3,287.5711624,862.7134871,20/09/2023,52f9b3e5-a82f-4649-a789-4992a15be63a,PayPal,Completed
6e1d6465-a574-46fe-97df-e19323bd1437,b7c16171-442c-436a-9116-30a66fbe2f24,Electronics,4,458.364269,1833.457076,24/03/2023,b8484434-a99e-4539-b854-9bd3ea4d5a9c,PayPal,Pending
95d1a9cc-f7a5-488c-9539-3617810880b3,922a9a53-8a06-454a-bb95-0c74d3093235,Sports & Outdoors,4,12.70754154,50.83016617,28/06/2023,feec15fb-6166-412b-843c-a85144a14a81,PayPal,Completed
c61c9253-c4eb-410f-b9f5-0ec87123b14e,da8ad5ea-6729-4963-9772-b4cf04f21cef,Home & Kitchen,2,38.47617658,76.95235316,29/07/2023,4175eec5-0b4d-4113-8061-5c3af2973e6c,PayPal,Pending
84567df9-006a-4e24-b608-a1b2c21fc081,b0efe3bb-8063-4f84-812b-11ea4306d96d,Beauty & Health,2,485.9145461,971.8290922,24/02/2023,5b90c272-546f-45a9-bbcf-6c9f63b8baef,Credit Card,Pending
9e35d05b-6634-404e-a257-f8a34a47d402,e3b69565-9999-4396-a827-cc2e2a63c196,Beauty & Health,2,229.5580447,459.1160893,17/04/2023,13770573-8048-447d-8737-9e656b55475b,PayPal,Completed
0f12aeaf-bf5c-404b-88be-893db4490b47,6dbbddda-08a1-4663-8041-45ae0b68c250,Books,3,351.2452148,1053.735644,23/08/2023,d212a139-889a-4997-984b-52207715dad6,Gift Card,Cancelled
464bff8d-e798-4e12-8a90-29919892ff8a,685be27a-02f9-4543-9b82-dd598443e255,Sports & Outdoors,3,134.1363673,402.4091018,27/03/2023,8769ed6f-9dca-459c-be91-2b20f3a72c35,PayPal,Pending
25ff7920-5a22-4e51-baad-5c11634025b8,b7b5a49c-4ad3-430d-af06-b41d704883c6,Books,5,481.7708511,2408.854255,01/04/2023,9d2e2f3a-6092-4cfb-8f1a-cd2013dc8863,Debit Card,Refunded
f2d20926-a4b3-4c52-9053-8d9f680cd9a9,1ea0777d-55ed-488f-875e-c347762c09c3,Sports & Outdoors,1,118.3945963,118.3945963,03/06/2023,b9aef5c4-87d2-43c3-966a-9670ad9ecbdc,Gift Card,Refunded
8cd688d4-cb25-4bb9-b835-7928e2290015,e66bcf0a-4268-412f-8602-1745e312978b,Beauty & Health,1,255.1677274,255.1677274,28/03/2023,69421ab7-1351-4322-b0af-40be6adf1f57,Debit Card,Refunded
5c535383-78c6-4e56-8ec5-f91f8f6b35c6,027dc777-b328-42ad-94a6-0fcb6b8cc954,Sports & Outdoors,3,51.35730613,154.0719184,13/01/2023,9d857d16-f9e9-493f-9e79-b6ed342f2249,Credit Card,Pending
8312a62b-82b8-43d4-86d8-31c45dbb010f,12f42cb9-bab1-4d72-b99c-2cbc3e294cda,Sports & Outdoors,4,138.771096,555.084384,10/01/2023,b1e5083b-0c17-4469-8d84-f11dcf75ce3c,Credit Card,Completed
23829181-1ad2-446f-b97f-6cd3e679a6ba,699853d9-d0e5-422b-bc5f-32c6e42ffa69,Beauty & Health,5,99.17554457,495.8777229,10/10/2023,be6cdd5b-11be-4e12-9e45-45a859d70cbc,Debit Card,Pending
a9817887-1674-4a3d-bb6a-731eb5c999c4,7adbb47f-bd1f-4c24-903f-2b5c98a1ab93,Beauty & Health,2,61.47296408,122.9459282,05/06/2023,f4628bef-bd8b-4275-8e79-2344717c5e36,Gift Card,Completed
273b9f06-897a-445e-8d33-1cc6100c3189,68151b27-a35c-4ccd-8fb1-e4fec9f0889e,Beauty & Health,1,143.0454629,143.0454629,04/12/2023,1f118107-e3e6-416f-9d0a-8e64cce9e451,Debit Card,Completed
5fd997d6-67a4-438a-80fa-f7ff4b864b85,410a5f2f-98eb-4384-b7f7-c4006eff485b,Sports & Outdoors,3,440.0385782,1320.115735,23/10/2023,7782e70a-7937-4eda-ac90-5d8ffe00e807,Credit Card,Cancelled
7969da1a-9bec-4258-970b-dc43898ae185,9a638b40-5c97-40a5-a3b9-68162709daa1,Clothing,5,346.7281936,1733.640968,15/01/2023,c03b79fa-8ee5-4c60-be23-cc7b940e3273,PayPal,Refunded
5e1d0ce1-cd76-46f0-b99e-2fa9cf99d37e,52e7dfda-cfd1-4c55-a227-c02e25ba4e8f,Books,4,397.1184698,1588.473879,19/07/2023,736199f6-6de9-4abd-b457-2672f15365e9,PayPal,Completed
a66bd3e4-4a34-4172-ba12-3aad399ec74a,738cb9e9-4766-4aeb-932a-3c1d4d5fd9a8,Electronics,2,482.0624218,964.1248437,19/12/2023,3ac6645b-36c0-4a4f-be2a-1e746b9075bd,Gift Card,Pending
288a8f9b-aa4e-4985-ab30-a1378af92183,6530847a-1f8f-4ca9-ac8c-960dd954b590,Books,5,420.4657133,2102.328566,11/06/2023,7dc26f95-9753-44c9-92aa-986ac1226fea,PayPal,Refunded
a5eb27e0-bf6d-4464-a9f8-55dd834d4697,c7c7842e-7be1-42db-adfd-06768a1be1af,Home & Kitchen,3,466.9614686,1400.884406,01/12/2023,6d876a4e-79f6-4279-abf2-db3a159f60e5,PayPal,Completed
4dbc70ed-61a4-4ed9-b403-6c84c258d0cf,f1fb2ff3-ee80-4977-b8f7-bfae17ec1a82,Sports & Outdoors,2,122.1915025,244.3830051,13/07/2023,701f7660-45e2-4e77-92b1-db47002c8807,Credit Card,Cancelled
b90dddd0-7483-4126-8fd7-d14db5e74c02,171587f5-c2a5-4426-9f72-4fec3a73baca,Books,5,397.056187,1985.280935,16/03/2023,c9746104-3dc5-491e-9adc-1b4a6f091025,Debit Card,Completed
50592987-7c87-41c2-9199-44bb277cbd94,72bcbf92-da2a-4200-a150-5f05d82db58e,Sports & Outdoors,3,436.1392094,1308.417628,06/08/2023,6b1aa0d4-cd24-4c85-a967-0100f51eedf7,Credit Card,Completed
98a89edf-f263-47f1-abd4-6e86aea6e25f,73b081c2-e6f6-4e17-91db-56f9897eccb8,Books,3,15.85636832,47.56910495,12/08/2023,963f83cb-2598-49b8-85d3-60ce33a55427,Debit Card,Cancelled
fe27acfb-f28c-4302-9169-23d883ce4556,a437c723-be10-440e-88af-39ad2f079632,Clothing,3,26.93509072,80.80527217,24/04/2023,ff4f16a1-bb70-428c-811b-a4029082aae2,Debit Card,Refunded
1bbe07c9-93ff-436e-9214-23a1e3e05070,8ac66d49-f166-4516-935d-d62ccfeae840,Sports & Outdoors,5,153.550347,767.751735,05/11/2023,88410238-5a59-4415-8d2c-53e2ab41adec,Debit Card,Cancelled
1dfa94ce-65bd-4c4d-8976-930734212cf7,139bb80a-09ef-4447-b1c7-1441ddae10c7,Clothing,5,244.1947815,1220.973907,21/04/2023,1542b28f-068a-4d67-9334-d4193f224ad7,Credit Card,Refunded
fdfb7816-a4c2-4d56-9d09-3e453f374b0a,814a25c6-7e60-4289-af42-30be78ad99e0,Electronics,5,412.0177963,2060.088982,16/03/2023,bd4c5add-809e-4271-bf8e-91e2709d7dbd,Gift Card,Cancelled
53a3ff02-f015-4ac8-bfb9-d54fcc1c7a3c,ddcb0d71-df35-4dae-8825-2459d074ee37,Clothing,1,155.4113112,155.4113112,01/06/2023,f5526690-8960-427f-b18d-757ba7180b10,Gift Card,Cancelled
97be3ac9-4b34-4082-9c22-5c1bc89af893,c3e023df-d871-41e2-a6ad-af57432e4eae,Home & Kitchen,3,351.4722986,1054.416896,31/01/2023,e9a9c905-18fe-492a-ab54-3f25bcb45f61,Credit Card,Pending
63b7a48e-2c7a-4ece-9cb9-1dc6df9f93af,0f8dff9d-45e8-47ec-8537-33007ea3d742,Beauty & Health,3,67.84296577,203.5288973,09/09/2023,24a8145f-721f-4d69-802d-98a431a26acb,Credit Card,Pending
288d67a8-eb5e-4476-a9cd-ab0c212c429c,55c0fa5a-69e8-4f7e-86e7-31c9e4e9d38b,Beauty & Health,3,412.1399387,1236.419816,07/04/2023,41d73ad3-6724-42d9-a449-1469c931bb7b,Gift Card,Refunded
5719a8cd-a00c-48e6-8bd7-7a51f489ac6d,ee0b80a9-2fbf-4c06-a4ee-84c7f8e2691e,Clothing,5,359.9439816,1799.719908,03/09/2023,845296fd-14be-407d-8f47-aa23bd261d12,Credit Card,Completed
5fe16df1-4bae-45c5-9696-de5d88e4d9ca,04b8a44f-7b9f-4ce8-afd7-f488fafe0758,Beauty & Health,4,368.7374062,1474.949625,19/01/2023,dd843523-e73d-4deb-9caa-55ce750a75ad,Credit Card,Completed
ba268d20-6946-40fc-82a1-66d08f3f0b18,8d36294d-305a-49f1-976c-51b3d32a45c3,Home & Kitchen,1,452.4366818,452.4366818,28/10/2023,997ec3db-7d46-4b5f-9ff0-c9c3121f8261,Debit Card,Cancelled
d8e8d2f3-39e7-4392-981e-742f6ac2e12d,9fc12f6a-cd63-4b8b-9ce0-b2482046512d,Electronics,4,441.5002915,1766.001166,05/08/2023,a3f1f00e-91b2-47ba-b195-3ff7c5879a9e,Credit Card,Cancelled
0fc88e41-3693-430b-ad8b-e671d7d57eb9,5559f514-6d52-4386-9209-c7e1fab09ed6,Clothing,3,460.8197934,1382.45938,03/02/2023,60112310-27ad-4f9c-aa04-d4658d7be023,Gift Card,Pending
42aac703-095b-46a6-b7a3-a1765dee79bc,9d8b62a6-b2bb-47d3-8c6b-718a70072d9d,Beauty & Health,4,105.6087839,422.4351354,09/02/2023,809fe913-fcde-46e5-a3f8-7ad6464363d2,PayPal,Pending
7783b0ef-50c1-426f-a1fe-833e66551801,0e34eb79-525b-4c34-ae3b-47bc7e21d720,Books,5,206.479135,1032.395675,07/06/2023,46e10c77-c703-487c-aedb-abc99b04a1f2,Gift Card,Pending
f9681297-d312-478b-82c2-9d7112d67774,21f3258a-997e-4013-b796-25424edb5f0b,Clothing,3,73.11554823,219.3466447,15/11/2023,08b7ee89-d4bb-4b3e-bca2-f1a5904670df,PayPal,Refunded
e74063e1-fa7f-4675-9372-23c109a8764d,325ce504-b2e8-476b-96e5-5554202a450d,Clothing,2,284.5529225,569.105845,09/01/2023,7247e25d-dcc1-45f8-a8c6-03ab3de4f4c7,Debit Card,Completed
7249e79c-f25a-4d55-8f44-ca178a4f359a,907c2a52-5e3d-4eb8-8014-b19d601ef2ff,Sports & Outdoors,4,291.9626995,1167.850798,04/04/2023,5d17c3ff-8d6f-482a-a523-0318c15e7957,PayPal,Refunded
c8fed967-ad2c-41de-a89a-2dce6d87c6b8,3f296907-2e97-4686-92c4-d09f6db821ab,Beauty & Health,1,438.0324894,438.0324894,23/02/2023,5b0303fb-3044-4851-b2be-ac699e4c9f90,Gift Card,Refunded
9a20d1c9-1f81-4466-beb8-519bb9cb3a9a,9928eb39-d9b3-4606-b486-c5624fc421d9,Clothing,3,226.781629,680.3448869,03/04/2023,7709852a-d539-4ba7-93ad-a307c363d31a,Credit Card,Pending
bb8374e1-b741-42c2-9d62-4e4a8daabff0,cd3e9951-bc2e-4b0b-a163-53cfa7da229d,Home & Kitchen,4,332.7572636,1331.029054,08/10/2023,804023c4-e10a-4c15-949e-a1a66ceb0b4c,PayPal,Cancelled
3f1dfe82-4431-4258-881d-d485d2e63895,c2695db4-f020-4699-80f0-e0af5b3ff469,Clothing,4,332.6283162,1330.513265,08/01/2023,7f70833d-6f14-416b-9c49-260af3908586,PayPal,Cancelled
2d58fedc-3718-48d1-b4e1-7f854d7d0808,c9d0decf-9bed-4e62-a83e-46834996705e,Clothing,1,348.937563,348.937563,27/06/2023,212aef1f-0ecf-4c9f-a7d3-ade72c965c04,PayPal,Pending
2b7ce947-c20a-4682-9d11-8010a2cf7d2b,4d6674a5-f12c-4634-8943-7fef0eb93975,Electronics,5,443.5280341,2217.64017,02/04/2023,4cbf9cd2-44f3-4cd1-a7f8-6b4fe7bc40a0,Debit Card,Cancelled
d26d7ddb-d9da-47e1-b40b-34677fad9c8c,51b7af24-7645-4764-abbb-7b63faf84632,Books,2,216.3025288,432.6050575,06/05/2023,bd1ce20f-6011-4576-b8ae-e1252496c7df,Gift Card,Pending
3b5e3f2f-18d7-49ff-a822-c4fca0d66b8d,cb4f7fe9-70a8-4373-b7e1-b6a58906e6c3,Home & Kitchen,5,311.3091279,1556.54564,05/03/2023,3426dea7-4aef-474c-a082-0341cbd74474,Gift Card,Completed
148b4818-079c-4d32-b513-46edfa64fa58,152f724a-b335-4825-992d-9c1db4ea1f69,Beauty & Health,1,108.4333747,108.4333747,02/09/2023,be6104bb-5ddf-4abc-816e-40a3e9999b25,Gift Card,Refunded
5fd54a76-4275-4ae7-88e4-1dcd3b16681a,8249830e-e4d9-441d-b22e-375b1b8d81ae,Beauty & Health,5,11.20918171,56.04590855,12/03/2023,da648152-552d-4e31-9109-ce76163c9f1e,Credit Card,Pending
4d1fb41b-6b80-4ffc-b1ca-a5e78989d13f,89f77a4f-21b4-4369-8254-61bfcf3941bb,Home & Kitchen,4,11.63777609,46.55110438,22/10/2023,a0d242a9-70f8-4b5c-a968-3e47894484d3,Gift Card,Cancelled
b8b5050d-52aa-46a0-9fa6-081eade12553,37fc1a3d-97c3-4e54-80d6-55c64e2163a9,Home & Kitchen,2,183.4992842,366.9985684,03/02/2023,d63c3791-de5d-4c16-9df0-ca92129a4c08,Credit Card,Cancelled
e6466d7b-f9f7-488b-ab3d-8dbb32a3c1d1,80f42fcb-4fab-49f9-955a-4a02985286fd,Beauty & Health,1,196.4140835,196.4140835,19/03/2023,dbbd4f63-f0eb-4e4a-b659-6a995e745970,Debit Card,Cancelled
0f7207a1-1f08-4153-9764-ba1e4dcadeb3,f525e43a-9d18-41c0-af3d-d0ac2f6cd722,Home & Kitchen,3,226.191504,678.574512,12/10/2023,17d7cd58-8f5b-4195-aae8-b73a58055f31,Debit Card,Refunded
e2fb49e7-e3d9-412a-8d7d-d028038d703d,b03a0c4c-d344-4a06-8b04-96101326a106,Beauty & Health,5,125.7588127,628.7940635,20/11/2023,0edf0774-de13-492e-ad92-0e673396351d,PayPal,Completed
10a95c60-e2de-423e-a9a7-7f856fa1e073,c4f5de29-78aa-43e8-8abd-c0fad5fb8599,Clothing,1,311.8252695,311.8252695,11/12/2023,137431a8-d64a-4347-8a17-7bcef135d239,PayPal,Cancelled
a37f8bc1-ed52-4a76-8402-af2ac36fd58e,a320ca05-d217-418b-a12c-4fd23f8a15ab,Books,3,17.20769211,51.62307633,20/10/2023,a77981e5-8cbe-47f3-ad07-4afe54ecad45,Credit Card,Pending
133c53ec-76d5-49cd-9dfb-b0abdd918c7c,e5f7be5e-7d31-4bf5-8296-0dc722c61514,Beauty & Health,4,162.4958558,649.9834231,26/07/2023,5fa34c27-f7d4-4267-89dd-a464442b39e5,PayPal,Cancelled
316cc0c4-92a8-4214-9b69-52e87ec0e9ed,1981b590-3dcd-4e76-b7ab-4c0e7bb4bd57,Beauty & Health,1,176.9958336,176.9958336,06/04/2023,8328a654-9dc8-4f32-aab2-17a6a95c6e44,Gift Card,Refunded
3d2b1194-cebd-4a35-8496-fa43842c177d,1c0ead68-4217-4dbc-b670-6e4c4e6dca44,Electronics,3,39.40300914,118.2090274,24/09/2023,63196a17-cb86-4721-acb9-f58cc9fe26c0,Credit Card,Refunded
ecccfcb3-8060-4dee-a581-e7db1b0f8906,d0c37142-8c51-4b65-9119-750a7824c3e7,Sports & Outdoors,2,181.2625859,362.5251718,31/10/2023,0dbd1967-442c-4e0b-a9ab-7e35e152f386,Gift Card,Cancelled
683da855-87f0-4f0d-815b-77a0fd7cce0b,8ba2afba-e51a-4f0e-a1b7-1ead91e29547,Books,4,184.7859559,739.1438236,03/07/2023,845fdae0-0e7e-492b-b872-8a35d3b80d33,Gift Card,Completed
19b6bb9f-a7ac-481d-87be-9822de9c7b8e,832680df-fd8e-4769-bbe0-d05182390b74,Home & Kitchen,5,324.3751831,1621.875916,02/01/2023,0394b4be-7913-4157-8e36-9268b001a1f5,PayPal,Refunded
92abf629-19c2-4dd7-87aa-c2b4a28a8d5a,a582ed34-9e92-430e-a098-137bd59afee3,Clothing,3,366.3229853,1098.968956,22/09/2023,8508d421-72ea-484e-ad7c-3871b22250c1,Debit Card,Refunded
c667dbb0-2e27-4548-bb82-0511b96b4fe7,7ee54cf5-d160-4d52-988c-fb03cd2fff4a,Home & Kitchen,3,337.0027369,1011.008211,27/02/2023,17b9beba-77bc-47e7-a385-f0871ac06f94,Credit Card,Cancelled
ed8307d4-da7e-48b6-a7f3-87b32c8b6b8e,43158987-008f-4ccf-9301-e8bc25d439cd,Home & Kitchen,2,188.1856944,376.3713889,29/08/2023,b4896f9f-b6ae-4919-9c55-39cba96b506d,PayPal,Refunded
f76b82e8-808c-40a1-b44a-6407748347fa,c5c9a66d-7641-4892-a67a-01577cb694aa,Books,2,489.9297898,979.8595795,04/06/2023,9308edd5-4460-4ce8-a8ed-eba6faed1ce0,Gift Card,Cancelled
8d92e988-c749-4c57-9ce3-5fd21715b971,aa57c83a-4681-44a4-b058-f1e731c05ac4,Clothing,4,84.79301985,339.1720794,15/01/2023,497f985e-4a7f-4100-8d75-75e0bf19f708,PayPal,Pending
24b94b88-781c-4d18-9c28-bc325ba5c569,134fd913-6921-4f86-b863-5b5f3994d7eb,Beauty & Health,1,103.3359705,103.3359705,20/07/2023,f5a1b95e-4eab-401a-a719-4f72c5c69525,Credit Card,Completed
050b2faa-a18b-49ba-9779-c8ddb44cfb97,56f4b437-3046-4e45-afb9-1372d92f54ec,Sports & Outdoors,5,42.77412246,213.8706123,09/06/2023,09e9483d-5047-4a92-90a0-6448a8500f6a,Debit Card,Cancelled
8656f701-4b94-4dcd-95cb-8d69d3993f9a,6b30c22d-d43f-4f02-a8f6-2d3287f60d4e,Electronics,3,146.2550205,438.7650614,30/11/2023,cc9c3223-baf8-4053-a2d8-103960659f8b,Credit Card,Completed
2f19b1cd-d594-4c86-a4fa-6d02f6524fbc,ae0c6c14-0e5a-4178-beb8-a63ab57d6213,Clothing,2,223.1966433,446.3932867,01/06/2023,0e0ca4a7-d30b-40a2-a460-a19ff01810b7,Debit Card,Cancelled
b4737167-8c70-4de9-9706-d1a8b89d3cce,1d91df45-1cd1-47d0-916a-1550f991b2ef,Clothing,3,72.15471345,216.4641403,25/10/2023,f81957a3-d32b-40a7-84e2-b59d51529571,Debit Card,Pending
874aeaae-8537-4467-84dd-a8567fdbca78,652fbd54-971e-47db-94ff-58bd0e8fd2bc,Books,1,496.9555896,496.9555896,02/05/2023,e9606f18-4261-4679-ad15-5d491297fdfb,Credit Card,Cancelled
c621c61f-405e-4d64-9705-6d91cf63b575,a0a6b1bc-f38a-4828-95f0-15fb50193210,Electronics,5,125.2777429,626.3887146,21/09/2023,94220150-5a1d-4bcb-90d4-90c84c3b9967,Debit Card,Pending
9626ebd4-4b61-48d5-b1b6-c78e8c01cfb8,0afee116-e17a-4426-adc0-7e50424977ff,Clothing,1,178.730127,178.730127,15/02/2023,32ec7a9c-02c6-45d7-974d-fdc703a16943,Credit Card,Completed
0e3fb1b5-bd5d-4dac-b15b-e23f5f33697d,92e09e51-fea9-4fff-9bfc-c111eef3aec6,Electronics,2,406.489218,812.9784359,06/01/2023,28aa4fd4-0a58-423f-9185-899891dd0247,Credit Card,Refunded
f9aa0ef5-dc96-4547-a8b7-42691abe97de,03e145ef-b991-4a5e-8b74-445958c133e3,Electronics,5,374.2046738,1871.023369,12/05/2023,d5644b72-a1ef-45a2-904a-38f9b5c74f3b,Gift Card,Cancelled
6325a483-7230-4f27-b4ae-5e97cccfc00c,7090f939-11ae-4688-bdcf-47bb1f6ecb23,Home & Kitchen,4,125.7750471,503.1001885,27/04/2023,824a1204-dc84-4c5b-9f6f-b3c893f6ff9a,PayPal,Refunded
0338cb52-7f47-4b0b-9f1c-0f9f5a568167,6d11f9b0-c562-4479-8934-44434ccd4148,Clothing,1,104.6080482,104.6080482,19/11/2023,54132674-7097-4313-9e6b-1f195f35156a,Credit Card,Refunded
a47944d4-dd1c-43ec-a769-09c37335d64f,85912328-e78c-4247-8bbb-526d572a5e25,Beauty & Health,1,93.13599739,93.13599739,07/03/2023,f8ea97f1-fb1c-46ca-b517-7bcfd9b89299,PayPal,Refunded
af53f936-1c15-49bb-8eb9-7d484b250e7b,71ee38d5-07bc-4eec-8fe4-25381580bab8,Electronics,1,178.5488577,178.5488577,09/12/2023,cf28fa1c-971b-4807-9810-95d69adbb067,Credit Card,Refunded
b3ad5034-d15d-4891-98e5-e4aca8758958,d2fab053-fc7d-4e1e-afd5-9ceb63efed11,Books,3,200.4387702,601.3163107,31/08/2023,cf4f7357-1c3e-4491-9371-6e01969e63b9,Gift Card,Pending
16bb8c9c-d902-4464-b509-c1941f4f1dde,de21a652-621e-4472-80f9-4cbaf45f9f80,Electronics,3,391.4191207,1174.257362,15/04/2023,456c2515-3433-47f9-8b2b-7bd0b3e609a4,PayPal,Completed
8b5e9fe2-ca10-47a4-a55e-1b683bb73f9e,03225545-3b9b-47ed-8cfc-09a96830210d,Clothing,3,429.8961104,1289.688331,14/03/2023,fd755d09-47b7-4092-b243-deec0355a99d,Gift Card,Refunded
0f0ae9db-f690-45fb-aba5-b45e8cd57334,177e7af2-f2c0-4e2b-9f1e-a26c0eb1d094,Clothing,4,198.9610619,795.8442478,13/01/2023,15ec4d69-e321-446f-88fb-5eec91c4e5ec,Debit Card,Pending
c9f42874-a938-4abb-b27c-f2c433c8c651,d60171b0-3c14-4842-9f71-ff78ffa3ae21,Home & Kitchen,3,79.09353631,237.2806089,20/06/2023,a3a1ddcb-6ae7-4d7b-b45b-e53bba741652,Credit Card,Refunded
83b5d1e4-e674-48af-be05-f2e63f265f3e,1aa8de16-49bc-4904-9ccb-f202a4fae131,Sports & Outdoors,3,90.53933069,271.6179921,26/05/2023,e4530a5a-7dce-4796-b29d-9a37ed62b1b1,Gift Card,Pending
2435a7fe-1239-4d21-828e-279447ab3c40,3e31d0e2-51e9-4c8a-a22e-1347f7ed72b7,Electronics,1,158.2842833,158.2842833,21/10/2023,17ddb262-84f2-445c-9b61-91855c30ba93,PayPal,Refunded
b62caa26-f8c9-4f80-b353-0ed2f720ab73,f6afa1de-24a9-4ff9-ac86-d643d341eb05,Beauty & Health,2,385.366787,770.733574,08/05/2023,5650a126-0244-4ec7-b3a4-f445aa85b161,PayPal,Pending
52a31ca7-2528-4750-8dd6-bb2ab4de17c5,ab3ac369-0f7c-4441-a610-8ac2576ce830,Clothing,5,492.5157998,2462.578999,08/09/2023,4d2aea67-de3b-4b85-a46b-cc1eed6216db,Gift Card,Pending
0a18c771-e124-4835-a722-5a555a7032df,936fc17e-f423-4606-85a8-a8d557ebcd75,Sports & Outdoors,1,12.11102314,12.11102314,17/01/2023,9e199ded-2ec1-4181-8fa5-3335ab6afa1e,Debit Card,Refunded
17ef0d8f-0683-4b70-a729-71a39fb73031,7f544f03-b982-4859-ac8f-1f6e2b7bf182,Home & Kitchen,2,417.3415365,834.6830729,15/06/2023,d83e02d6-d9aa-403e-b7dc-147fff0ce565,Gift Card,Completed
1564e712-078e-48dd-8950-9a2dff5e4ddd,194a0d5a-1354-4739-8c83-7f5f71596030,Home & Kitchen,1,377.4538838,377.4538838,15/06/2023,9c0aa177-71b4-4c41-9014-eb349784fea3,Debit Card,Completed
d7e9faab-dc6d-4406-afa7-62ed54d98edc,d7861cb8-df11-41ab-bced-5143668e9c88,Home & Kitchen,1,287.4152983,287.4152983,04/08/2023,21c379d7-9cf1-45f1-9831-71c8c68abbb6,PayPal,Pending
b032b4ec-de0f-4912-bb40-a081ce8ae343,b7e0dab0-5b87-431f-bf30-cbd895475b7f,Sports & Outdoors,3,401.4032285,1204.209685,24/10/2023,7cc8a361-5a10-454a-a2a9-a4d4be32abb0,Credit Card,Pending
5e51fad3-5246-4e4b-9bd8-7e96b9653f4a,689beef5-ff5f-405d-a571-3d6a76c06472,Books,2,417.3099035,834.6198071,12/10/2023,2b043732-8bcb-4f7a-8533-5a031d57fd77,Gift Card,Cancelled
34cb9d2e-8a9f-4b21-9fb5-bf46940bc014,956bb35a-e28e-4340-b47f-ff0307918a33,Electronics,4,345.5888152,1382.355261,13/06/2023,f666c751-e10d-4522-8846-06dd463045ce,Credit Card,Completed
970dbfb7-c01c-4f3b-8dd8-e7ee088ae788,40b84974-e278-478e-be47-c28a5750825c,Beauty & Health,4,433.5983099,1734.39324,13/10/2023,d3f2b3a2-4b30-4251-8576-391b0f58f81b,PayPal,Completed
a8f6f65a-d962-4f6e-922a-020d50ff765c,dd74fde3-03e8-48ab-a9fe-aa371aeb1b9e,Home & Kitchen,4,333.9541702,1335.816681,18/08/2023,d1908fbf-78af-42fe-9329-e6b58ecc38c9,Credit Card,Pending
9921b479-2d57-46e3-b96b-4687481d543c,36f0ee45-b86e-443c-b0a1-8416738a37c1,Clothing,3,491.8056284,1475.416885,16/07/2023,f30bb928-91d5-45bb-9236-6f69ac0bacac,Credit Card,Cancelled
7a8f8ce6-ee35-4953-b739-c0b50c37762b,f519e719-bac3-4e93-82dc-62aa6a7cec69,Beauty & Health,2,115.576612,231.1532241,02/02/2023,12394724-7aaa-4042-a351-473e545d4a99,PayPal,Pending
3959fdf2-d491-4ab8-9bdf-c35d6663ccc4,3a145819-5804-4742-a658-3ca8bb14f71d,Beauty & Health,5,56.77099075,283.8549537,29/07/2023,05824a8f-0bb2-46ac-8a90-3629e28a56f6,PayPal,Pending
2dbf7577-0391-4508-b295-300068fda772,8efb8721-31ac-4287-a156-68c581f4999b,Clothing,1,425.4213349,425.4213349,08/07/2023,2d2ac1b7-962e-4350-9283-d05f306f3459,Credit Card,Completed
7b8750a4-a0c9-40de-8b9e-b4435d1e074a,65c5e6da-c1ec-4064-82db-5be45224eb88,Clothing,3,380.0399903,1140.119971,01/10/2023,2ebff7ac-5119-4192-af5f-8f011e96b130,Gift Card,Completed
b503ceb5-d7d0-4083-a0a0-97d59f8dd79b,5cf71223-96fd-41f6-8846-6adc948d40f6,Sports & Outdoors,5,230.2736075,1151.368037,14/05/2023,861229d5-3bd1-46c1-a1a2-564bb2aa2f0e,PayPal,Pending
dda0fc40-d54c-48b6-9b00-2b5591d64d69,c317dad0-807d-4802-b869-dfdaae4da88b,Electronics,3,300.5990676,901.7972029,09/09/2023,62ba5940-d64b-4134-900d-0333b6130c1c,PayPal,Refunded
254e52e5-caa4-45b6-acd4-c79ec86b2392,ca0aa06e-327c-417b-964e-9b0262c22a5f,Sports & Outdoors,1,183.9211903,183.9211903,08/05/2023,b3323d9d-a97a-4a31-87d5-2ff687a842d2,Gift Card,Completed
c01ed2b6-e5e1-4f93-8a17-3e6f8527a993,1194de1a-e626-45da-af43-76043a2c8c65,Books,5,310.4051286,1552.025643,27/04/2023,48a7641e-2505-4067-b401-497167da1445,Credit Card,Cancelled
62aca2d2-d6e2-4baf-b4d9-08595b39e572,250b7c3f-ea39-4878-b0f8-b5bcd106147f,Clothing,5,433.1966378,2165.983189,07/02/2023,a0354220-369f-4de4-b930-144779f91cb3,Debit Card,Refunded
28fa3aa5-47f1-4784-9baa-5500be5517d8,7a88c8af-5724-40dd-8be4-a035624bb596,Books,5,230.7357794,1153.678897,07/07/2023,9ce4365e-f04f-45fe-bd2f-795ae0a1bbb8,PayPal,Refunded
33124eb7-d785-477a-928b-763f630eb1d0,a1812010-f4a9-4009-a727-8d2cef936241,Beauty & Health,2,215.0192893,430.0385786,03/07/2023,36cd3c52-6b8e-4312-bf66-ae24eecaf5eb,Debit Card,Refunded
64007211-9002-458b-9c76-e0118759bf7b,a67436ff-a760-49a0-a0c5-beecd716b81c,Clothing,4,464.4537563,1857.815025,22/09/2023,77cd7efa-6541-4768-9b0f-24264b9bbf71,Debit Card,Refunded
5182a414-e593-4b98-8aab-4a8fdbe78986,63ee0e08-832e-4ef2-a014-554e67110195,Books,3,490.9638461,1472.891538,31/12/2023,b4c6f384-1733-4450-b7f6-e2235fb81a7e,Credit Card,Cancelled
662d8ed8-ce3f-4916-9823-60ab518b7adc,21aac2a5-7996-4ca6-903d-d03d1cdaac36,Electronics,5,497.0214841,2485.107421,19/09/2023,a523c3ee-87e1-460f-8147-e0d6903b99c2,Gift Card,Completed
8501a949-17d4-4133-af7c-05160ff877b1,96ccd1f5-e0ef-4bc2-9179-f448db227a10,Clothing,1,228.7470845,228.7470845,20/05/2023,0d9ccea6-617f-4294-b20b-b670d75bcbc7,Gift Card,Completed
73a4517e-e2cd-40b2-a181-ab8f4145140b,244b20c2-3a97-454a-b074-cbfbf8940fe0,Sports & Outdoors,2,282.1174198,564.2348396,30/06/2023,a9f983cb-6002-4f2b-b37e-f1f3b36808ec,Gift Card,Refunded
0b86a135-3e73-46b2-9e3e-c2ae7845f927,a8b59472-31cf-4c41-abb4-9a8bf36ff7b7,Beauty & Health,1,339.1435538,339.1435538,11/11/2023,a650d21a-0e83-48e0-bf0c-3cced2bc6b4f,Debit Card,Completed
aae4e6d7-2ead-44d5-bac3-ea0ef91fa443,23e6b66e-cce5-47c8-b61f-c29e1261a8f4,Sports & Outdoors,5,224.4378192,1122.189096,19/01/2023,dd888203-ed7b-41ce-891e-912305dd93cf,PayPal,Completed
3d4f222a-9563-4b1f-a5f8-434a11671d38,bfcc75ba-079d-4fc0-a73f-d06a559b8fe0,Books,1,394.2033817,394.2033817,18/04/2023,387a27b1-fb91-4b07-b0a0-a4a0342625ba,Debit Card,Cancelled
91fddfce-562d-4a54-9ae1-3d60899423cb,5f8cda0e-baab-4f5c-93ad-3ae670248577,Home & Kitchen,1,260.2977099,260.2977099,23/11/2023,694c854d-2884-4610-85cc-a70aa66f0562,Credit Card,Cancelled
da7a57d5-6f66-4709-9147-7268c99ea4c5,3d78fb7c-fd3e-4996-a13d-d86f2bbb969e,Clothing,3,260.5131294,781.5393882,20/08/2023,d5a985d0-70aa-466f-bb6b-bd1b7ad80a0b,Debit Card,Cancelled
0ae9a1c5-3f11-4f96-b3ee-53cab4111c25,a701b6cb-88e6-47df-9c28-9da0e3f4322a,Books,5,264.5413823,1322.706912,02/03/2023,9130d01c-ec6d-4064-8359-383bcb84cb99,Gift Card,Completed
63891145-a079-4b9e-96c6-042560e144cb,0723780c-93b6-4d4d-9f08-9f2a8a98603e,Books,3,243.2823949,729.8471848,02/01/2023,d9eb5736-8490-47b5-bc14-30e15a24ffdc,Credit Card,Cancelled
c69047bd-5f6b-439b-8eff-74f2c11c0887,a8ba0058-071d-4089-98a4-731287ace46a,Clothing,3,308.4077971,925.2233913,04/11/2023,9bf2c4a7-e9b2-4ae6-b152-6a5e3bc5ce89,Gift Card,Refunded
e578e240-74ba-4eb8-ad27-bcb9d7cb71de,b43870f0-83e2-486b-9547-a142386bf4d2,Electronics,3,301.3495875,904.0487624,28/12/2023,56cc1b64-028d-4ea4-93f4-5e22fe9eba91,Gift Card,Cancelled
068ba5c6-aa0b-4f3f-bef2-079329dfbbbd,2d07950d-5449-4b3d-beee-e5f30a4858c9,Beauty & Health,1,89.83699117,89.83699117,29/03/2023,4f29414c-baaf-49d6-8bd8-8876912d903f,Gift Card,Cancelled
fa09769a-d0aa-44f5-b6ed-da5fca81d632,76e73956-92ec-4219-9005-f26e6b2cd0c6,Home & Kitchen,3,415.7416563,1247.224969,19/10/2023,4589848f-de98-4342-bd08-581e3d90b21f,Credit Card,Refunded
a70c4a89-2d57-44b1-a6af-e7485a4929c0,508c5cbf-ec79-4b57-bbf7-1c28414793a4,Electronics,3,402.5837761,1207.751328,29/05/2023,6421c0f4-e512-495f-8824-5f1772635966,Gift Card,Completed
56d8abd2-4bca-4fe6-ba4a-f15b25f51afc,840dd67f-d93d-4709-9890-55ad937f8451,Beauty & Health,1,167.8774599,167.8774599,02/12/2023,6984272d-c183-439b-9b2e-958a1de07fdc,Credit Card,Cancelled
8135f6dd-fb75-4742-9fd5-a47b5eeed4b1,f5453232-1c73-4deb-b5a6-59fb76fdd077,Sports & Outdoors,2,86.83424437,173.6684887,02/03/2023,05a6a8bd-bd15-426f-882d-5f8e092d757f,Debit Card,Refunded
f93c266b-059b-4ab9-b745-72b782613af1,336029dc-ee6e-4dca-bf41-7578fc068b5b,Home & Kitchen,3,236.8249595,710.4748786,30/03/2023,623f6231-bf40-4961-974a-f4b877d8bb92,Gift Card,Completed
1ee0b697-4f43-4088-8965-22300003dc69,25294b61-ac2f-4dde-8ef3-f957cf31fe06,Beauty & Health,3,414.7864469,1244.359341,09/12/2023,226fc4fc-6e71-410c-ad86-bfbb3f0a9690,PayPal,Pending
e20cb86f-6d44-4df3-9762-6d9edc1cd757,ed4d8cfe-91ac-4573-9a3a-9b0ca8703847,Electronics,4,468.6662435,1874.664974,21/10/2023,aef3ff11-aff8-4033-9f61-5bc6ad843bc6,Gift Card,Completed
1815c8a8-a13f-4ea0-9386-728d2c8c3ca9,88c9faac-48af-4812-b7d9-76cfee69b8ca,Books,3,408.4978558,1225.493567,01/12/2023,21e6752c-b99a-42e5-ad02-608da98c00bf,Debit Card,Cancelled
71e92c7d-a580-49a7-80e5-e02af2427c94,980665d9-0c98-43d2-a788-0c7e15b4b080,Beauty & Health,3,416.0006751,1248.002025,27/08/2023,f8dde831-6591-4e3f-9103-8e187aaaeec2,Gift Card,Completed
e8658cb5-8809-4745-b573-6ee2904ce5ed,6634c2c9-ca95-477c-9ac8-c2c51722602c,Sports & Outdoors,2,430.2794793,860.5589586,01/01/2023,f87d2c5b-a168-42b7-a902-3136790f0439,PayPal,Refunded
a6052071-b1c7-4153-9bba-687f03c9f39e,45b57312-f945-4359-9446-f1246b58e7da,Electronics,4,157.6937314,630.7749254,13/06/2023,d9d94286-d320-4120-a127-a803c21af442,Credit Card,Pending
55c21752-b430-4878-8fea-a0870537e5dd,2a772f89-c0d8-4467-9869-27178f13fa7a,Books,4,65.48397205,261.9358882,15/09/2023,59f22269-eb55-4462-a732-1f4e1cb987b9,Credit Card,Cancelled
de2d3e7b-d498-431a-b2d4-6a3a758091cb,5a546758-52d7-4806-a51f-bdc4a5eb7ca6,Beauty & Health,5,34.25475691,171.2737845,01/07/2023,56b17d5b-963b-47fe-84f0-e83f1301b0b8,Credit Card,Pending
ff565503-e2b9-4715-aeae-37254d4aee79,d018e6fd-248c-4e7f-bc53-64fc45998da0,Home & Kitchen,3,55.58074094,166.7422228,03/04/2023,9ccd518f-cbdd-498e-b4ec-f08787e63cd6,Debit Card,Refunded
7343acad-a1f6-4194-b339-b8c5c4111bff,20dc4caf-d0e1-4849-9aee-f4f4e60e4851,Sports & Outdoors,4,268.1607837,1072.643135,18/04/2023,04efa978-b444-4f98-a538-e89a718879d9,Gift Card,Cancelled
d6745130-8e03-4fe0-902c-714f9d459263,4177af09-05fa-40e0-ae65-dc762c6983d1,Clothing,2,440.2161198,880.4322397,03/01/2023,b874343c-81d5-44ef-a77f-018bdc07462e,Debit Card,Completed
38822626-2dc9-4250-bfcc-f68c3cdb34f5,f2f9a5a4-6203-4c2d-ad58-e35678a8af47,Home & Kitchen,3,255.0463089,765.1389268,31/12/2023,1a3a6905-568c-420d-8f4b-574950222a25,Debit Card,Pending
cb6160be-7400-4f24-b475-2fe306b91a2a,c75bf033-92f7-44a8-a028-3a8c5706d7fd,Clothing,2,118.7327729,237.4655459,28/02/2023,e03f6509-2c77-4be6-bec5-f79c53b7f7bf,PayPal,Refunded
71b7e185-4859-4797-bc9c-56ccf0f38926,9e0a7b9e-d320-4f00-b3f2-7a258c6042af,Clothing,3,381.2512843,1143.753853,19/11/2023,702898a4-310e-45f6-924c-62f85dfcae27,PayPal,Completed
06043490-464c-4f2a-9e99-73b74532fe63,25ed2143-3eba-4bad-94ba-5c32296d7708,Sports & Outdoors,2,77.41649531,154.8329906,23/05/2023,739c5385-d706-4476-a35e-095c69a6629e,Debit Card,Pending
863f14ed-2287-4f9b-b459-44b3f4a66deb,28df00d7-92db-42c7-93c8-2e8d945a58c9,Clothing,4,112.2473353,448.9893412,06/07/2023,4c1becce-37ac-4bb7-8dfc-4e4a07805a08,Debit Card,Refunded
e5e200de-660c-45cd-9f80-fe503cbcf4d6,dfb1bad9-b694-4470-b1ff-17352efa3ae5,Clothing,1,31.85963336,31.85963336,17/07/2023,e81e4e06-b0f7-4601-906b-846ceb7c45f9,Credit Card,Cancelled
b4eda591-326a-424d-80e9-fce65dd2bd26,746d508e-11c7-455b-a769-3b55d7b34839,Home & Kitchen,3,426.1546787,1278.464036,07/05/2023,157bd02b-9388-451b-bf91-d43e66bf4f4c,Debit Card,Refunded
b0b6b3b3-000a-4d55-b205-d089e4a50003,44679bdb-d7fd-4d9f-ba4c-4b4ab11331e8,Books,2,32.54221,65.08442,29/03/2023,adb47ef5-8abc-4b77-9fc5-fc4e253aed87,Gift Card,Pending
f5c73729-7ce7-4cac-923d-eecc709136ce,852ae925-244b-46af-966a-266e903b6388,Electronics,4,445.3203248,1781.281299,22/05/2023,94c99ff6-847e-411c-aa06-be72afe88e96,Credit Card,Cancelled
b8674113-563f-4572-b9b7-16ddb160cd30,f0c75388-b9b6-4135-abdf-127530928d70,Home & Kitchen,3,95.86977659,287.6093298,06/10/2023,d346f048-9431-4e9d-975b-6f7c3cd13fd8,Debit Card,Cancelled
4e1ad62d-1274-471b-b0e7-d370b274e08c,4c5622c7-2822-4a79-8916-d8adb2ba73d9,Home & Kitchen,4,50.92850384,203.7140154,23/10/2023,52593e75-330d-4d8a-9a5d-3d60705f4de6,Credit Card,Cancelled
a138854f-934c-4406-b9f7-dc7439ca4434,a4e72e32-fbbe-4630-b95d-d38bd1769b97,Books,4,16.46255912,65.8502365,29/06/2023,2b9eb1b6-2a78-45e6-acc0-4e4b696ab304,Credit Card,Refunded
491c8799-1fbb-4f07-824f-036b608531c4,b1f2baa7-921b-4d04-8370-cb7395c7e54e,Electronics,5,147.2065635,736.0328173,19/08/2023,d7483ab1-5ae0-498b-ae8b-a6e2059ec5ae,PayPal,Completed
3860ecd4-8345-4f43-8d37-ae50d973e7d6,94dcbff9-ca0d-47e9-9fde-6730d0fd1123,Beauty & Health,1,437.3433692,437.3433692,20/03/2023,dac5361d-5264-4ea8-bf2e-f080b7554a74,Gift Card,Refunded
e060060c-6fd6-456d-ab85-a0eef52251c2,0bc23ffc-0c56-4447-878e-1fd6c5f90555,Beauty & Health,4,226.2943777,905.1775107,03/02/2023,56f4e898-1565-4124-9f3d-1d6b662918d9,Debit Card,Refunded
fc7e3a06-7858-4f3b-9c1d-c68958ecfe77,892bb7b7-e578-48d9-ab51-8a60ef2b3fa9,Sports & Outdoors,4,163.2815794,653.1263177,28/10/2023,8cc736de-349a-49ef-a7ff-385c81fa1ee5,Gift Card,Completed
0b8e4bdb-6389-4726-8f11-8f792b9e68fc,3f266f7a-d013-43c0-b306-1126b1fa1c9e,Books,4,166.7522147,667.008859,27/04/2023,595ccc41-575f-4aca-9489-8fac11cbab46,Debit Card,Pending
5dd6cb19-d8d8-4b53-b6c9-baa7efc8390c,a18b07c0-b379-48b9-b31c-3a5fe077ccf1,Home & Kitchen,4,143.2030858,572.8123434,28/12/2023,2343fc75-45ee-4aaa-bc32-eddf7ba3ac0d,Gift Card,Pending
4c2f865f-6614-4c54-8e1a-1064d9118077,d54d0113-58e8-4bd9-841c-e92badd41592,Home & Kitchen,4,317.8700382,1271.480153,13/01/2023,8a756171-7765-4bae-bded-76495bb52b7c,Debit Card,Refunded
72263a66-1984-47a3-a182-7b374d6e4618,e8f97492-a00b-4e17-acbc-6008cab392ca,Books,5,462.7046815,2313.523408,10/05/2023,1fc02c3d-a919-44be-8308-dada12cf2229,Credit Card,Refunded
3bebfc1d-34b3-47fa-8386-af48988db0d3,52e371cf-6002-4494-87f9-a7ba0a32e338,Clothing,5,213.0735212,1065.367606,30/01/2023,755c6e5b-e6ee-4144-9ba1-f3e2f76c3d01,Credit Card,Cancelled
a2fa8eec-7cb1-430c-a980-efe4ca89a486,ff69c0c0-b172-4771-ab0b-287ff30a497c,Electronics,2,422.5349892,845.0699783,03/11/2023,a5a1b171-e1c6-4d1b-8598-3bcf8e6addc3,Debit Card,Completed
97fbe0c5-2c60-4b33-97a7-5267c647d8d2,374c17ec-6361-4210-a48b-267d73f23b85,Books,3,496.6054898,1489.816469,28/02/2023,1684cfbc-ff68-42a2-8785-c8d11ff5e950,Gift Card,Refunded
219d6038-20ca-4770-a489-225d36b0ff98,ff06cbcf-8846-491f-bfd8-e826a8aafecc,Clothing,3,495.8162355,1487.448707,12/02/2023,ba09de9c-5549-4649-a2a6-6587881143fb,Credit Card,Completed
c9cd1144-a358-4534-a497-e688831cee53,f1e04d5f-ab39-4911-96f0-749cc1a933e2,Home & Kitchen,3,285.3598647,856.0795941,15/09/2023,1dabeedc-be5d-487f-9392-5b7df2b07523,PayPal,Refunded
58d02243-d1df-4a9f-a9a1-edb689605eb3,1bd99ac7-7961-466c-83d8-50a2ae123b78,Books,5,75.96333669,379.8166835,17/04/2023,4f6541a1-ee88-474d-b2e6-c35c2795eda9,PayPal,Refunded
6517b85f-bc77-4120-a5f0-f93cd82d1d9a,2246bba8-554a-457f-a041-e1a0a2f71cd7,Sports & Outdoors,4,453.6503215,1814.601286,17/10/2023,b6221e29-3a40-4206-92e0-bd8930c56201,Credit Card,Pending
4f209b78-2bce-4f1c-aa71-167f5699203a,ed1a7b76-9c16-45e1-a992-aea816cb8d8a,Books,3,145.9709513,437.9128539,20/08/2023,bfdeef26-a6aa-44d7-83c2-1cf20520b509,Debit Card,Refunded
0b8c6f74-2bc1-4a4f-abfa-a9a9825c183d,04bbfc12-9cbc-40bb-ae1b-9a0d644c714a,Sports & Outdoors,5,97.66334814,488.3167407,04/12/2023,fa504e9b-a798-4068-9db1-1ecc1f191928,PayPal,Refunded
df50acd5-7ef2-4b8f-aea2-9f484936e9a1,a0cef3fe-3014-4728-b735-6d8eefd3475a,Sports & Outdoors,5,92.48860349,462.4430174,22/07/2023,b04ad0cc-5190-4488-a771-32cdc68f7528,Debit Card,Cancelled
f392945f-afcd-4697-86c6-4e45d1d84923,6fb460e4-cebc-437c-8195-9f96b6fb2072,Books,1,465.9446932,465.9446932,17/06/2023,ac0a277e-e281-4265-9db6-4c776b62234a,Credit Card,Cancelled
ea52ea00-3f1d-4666-807f-645f89a19701,69f52b41-8408-489c-b999-bc97fd3ea935,Clothing,5,349.3716637,1746.858319,10/12/2023,327d6fac-4fec-42b0-a93e-d84a6d043337,PayPal,Refunded
ee0ace9b-c250-4a02-bf69-198861e9f0ad,ac604d53-30ee-4b17-b744-dc6be84036a3,Books,5,297.5098822,1487.549411,22/05/2023,819e608d-6f36-4f8e-9e38-fab75d179efc,Gift Card,Cancelled
e53f2fe4-60bb-4c3f-92db-784e007360f5,49683a7c-a2cf-484d-b1a1-9a1d8b078fe0,Sports & Outdoors,5,116.1973281,580.9866406,29/06/2023,cc07a512-1ce9-4ff2-82db-f147dad3d2dc,Gift Card,Pending
d90b2a0c-28bd-4739-965f-0db8298d915c,9d5816d6-fb58-4854-b75f-ecd97a0e78fe,Beauty & Health,4,474.9035854,1899.614342,03/10/2023,dba1fc96-6bce-4db7-afb7-19e7f77214d0,PayPal,Completed
800fdc47-486a-4010-9911-461ebc247b2a,18786e10-5c91-4cf8-84eb-3d602bc36233,Electronics,5,322.9824167,1614.912084,27/02/2023,7e531eea-8436-4691-980a-daa8e0e032bf,Debit Card,Completed
c2ca8018-0a5b-4bbf-a340-a81a34b610ca,8315b05d-268e-48ff-b577-0aeb9de0065e,Home & Kitchen,4,474.6075046,1898.430018,07/01/2023,c3734dc6-7a8e-49b0-901c-31edb7a39995,Credit Card,Cancelled
5e65608d-adf1-4f0d-b883-104a230821d8,5f61f536-7824-4b07-bbc4-1b76aed5bafa,Books,4,147.8397313,591.3589251,15/06/2023,c62b7800-126a-4688-a097-1fd6943fea7b,Debit Card,Cancelled
0ddd52d6-8a69-4247-85ee-a33366357d7e,7f83f961-9ec2-4fa2-a5d4-c643cfc40152,Electronics,2,412.73873,825.4774601,22/01/2023,6b9d785b-b296-4d87-a204-b344d1b012dd,Debit Card,Refunded
b0d18e2d-04e2-49de-b87e-6dc686350663,8ee7d5f9-6884-456e-b3ec-78d4c45154d0,Beauty & Health,5,71.23833859,356.1916929,27/05/2023,a93cdc56-0510-43a2-a1b1-7bcf6f13fc05,Gift Card,Cancelled
89ed1968-a6f0-4fb5-a41c-a0415271272b,db3057ee-e44f-40c2-9bd9-3ab39e1e7527,Home & Kitchen,4,388.2612258,1553.044903,29/05/2023,9ae4198e-1d59-4f90-88f5-dd06315aeb83,PayPal,Refunded
7c28ae16-a1fa-4c12-86fa-0170850deeb9,9109078f-ce0f-4520-a8fb-16dcfb28d420,Sports & Outdoors,5,375.34598,1876.7299,20/07/2023,4982847c-b1cf-4cd4-a7c1-08897f0d4d57,Gift Card,Pending
a5c6c07a-f21d-48e7-8108-74d100e326e4,4bb27280-5d36-449c-bea4-a82be51fe8d6,Sports & Outdoors,4,343.0818306,1372.327322,03/03/2023,d7bd5577-0676-47dc-b2ae-13168341fe71,Gift Card,Pending
b02e6f62-784b-467a-b116-3310b1c5c1ea,33416531-9954-4bf4-96e8-b739d3857154,Sports & Outdoors,1,53.58661931,53.58661931,13/10/2023,8e47ab31-1340-43c5-9ff5-63dd973fcbb9,Debit Card,Refunded
d4c92678-f87d-43ab-9d76-30166ebf28b8,4d789726-03e9-4c6e-8f9f-a3e013bee63c,Beauty & Health,4,145.7513006,583.0052022,09/06/2023,6e4e2d7d-88e5-4f8b-939b-722d245eca97,PayPal,Pending
7550b785-5934-4501-bca5-773ea4ac3d34,3f132500-d5f8-4fac-9c1c-c98601408e1b,Books,1,232.2654015,232.2654015,14/01/2023,ced373d7-ad8a-45a8-a6f7-e91dbd391b0d,Debit Card,Completed
8b5c9569-a014-484d-83c7-f30f768def01,d4330766-a112-41c2-9bbe-4a8f821ccb11,Clothing,3,328.6207408,985.8622224,14/04/2023,75dc26dc-4316-466c-8cbd-b9ef1fb9eb49,Debit Card,Cancelled
c502d846-4d32-4203-8fec-64febdbab8c7,8508fa27-d49a-4ad9-befc-f643d13e5402,Electronics,5,339.6806393,1698.403197,06/05/2023,5b2376f8-0e34-4cc8-8e4d-2086c447fe39,PayPal,Completed
028ba3e2-4a78-4167-9d9b-354b552e7665,cc2bb1bd-4542-4672-9db9-26da1272a65e,Books,5,92.6738443,463.3692215,17/12/2023,2700b789-20fa-4812-9429-f8de32f4c6a4,Gift Card,Cancelled
8d64d176-e041-4509-8c78-d82ea66a61a9,a3d5a379-4aec-4c0f-b2d7-92c8f581922e,Beauty & Health,4,299.6241357,1198.496543,01/05/2023,0558e8cb-fe41-45b2-9cd6-f945ee50ae19,PayPal,Pending
13420b8a-4046-45fb-8c64-160c2a04714d,feb469c6-e9bf-4d1f-93e9-5255d20fd695,Electronics,3,239.197093,717.5912789,06/06/2023,6ab8b129-1c67-4582-ab59-dfd003300a6a,Debit Card,Pending
b03ef419-e196-4323-b864-dff68a667f69,b542a0f7-3c74-43fc-91c6-6e12c0b0aee8,Home & Kitchen,4,341.8691749,1367.4767,17/03/2023,fbfc9337-3329-4c39-b3b8-8660770059d3,Debit Card,Cancelled
eaf56323-0e22-45e9-9705-0dc17ccd9ffd,7a51ccaa-c67a-41b5-9077-7ff52037ea78,Clothing,4,350.9491958,1403.796783,22/03/2023,5fea6007-9577-4102-bd49-1884061d83b2,Debit Card,Cancelled
81302a2f-4a75-4b29-80a4-352d6a188656,e95db672-b8fb-4345-b1a6-4fa1c1a51ced,Sports & Outdoors,1,65.76861576,65.76861576,18/05/2023,072e1eac-e5fa-494a-8b8e-4c532d69214f,Debit Card,Cancelled
2b11ca55-9d5e-4de7-a8c9-eff1bcb2d60a,bd302d67-bb7d-4896-9f03-51f83631dbb3,Home & Kitchen,3,483.6102586,1450.830776,10/12/2023,eccc3883-ed81-4480-8eb9-60e1f764c286,PayPal,Refunded
958f1b65-524b-4fb9-ae5b-b9a30c9fc8ec,7f105f4b-8ae5-4a3d-9584-a3b55d2a943b,Books,5,318.6864876,1593.432438,13/02/2023,6c2cffb9-3878-497c-aac8-58ba95cc95d5,Gift Card,Cancelled
5607efe1-fab2-4b89-9e7e-24f3d79cc61f,7fd58575-7d23-459f-a1fd-ea09f8e8ce0b,Sports & Outdoors,3,26.93707008,80.81121023,28/06/2023,e3e2a8fe-c0ac-4645-9da9-d356bef9b6de,Debit Card,Pending
ef6d6515-a848-4ba9-908b-e611a92098d8,4a554237-b56c-4000-8730-653dcce1212b,Clothing,3,227.8379225,683.5137674,28/06/2023,3f3a6989-fc85-4294-b34a-55eee04b8325,Gift Card,Cancelled
74a8460d-556a-4edf-8008-9a4fb29a4958,97b4719d-80ee-45f1-aa30-509fdfae1e0a,Beauty & Health,4,337.0425006,1348.170002,18/12/2023,f3fe0e14-4f24-422a-bdf0-2926343fcfc1,PayPal,Pending
762ca8fd-2061-4944-8d22-0e2a7ab3a4a7,64579ce4-8f46-425b-9393-b1058854adb5,Home & Kitchen,5,319.6405862,1598.202931,13/10/2023,eb3f58c0-9685-4113-ab19-1aec564862b6,PayPal,Completed
af43d630-9945-4661-88b3-ff835d8ef24c,274f85b8-8f7f-4de5-a8bd-ee126b7352c4,Sports & Outdoors,5,104.6339411,523.1697055,23/05/2023,c1fceb5e-7c6a-402d-a628-f1ec070e7e03,Credit Card,Pending
d7f3f1c7-9427-4b07-8d8f-123d6d6de790,581069d3-0e6f-486b-80e4-250d5126fa43,Sports & Outdoors,2,372.6311,745.2621999,28/10/2023,144e7f89-d21d-475a-8fff-a97ff97e717e,Gift Card,Pending
b3173b0b-36fb-44c2-8c30-0b27fc504aec,e83bf589-f496-48ad-bf46-ab41f9e9c18d,Beauty & Health,5,57.44727859,287.2363929,11/11/2023,798919d6-6201-4d91-8251-722c72bcb8b4,PayPal,Refunded
e44829ed-2b67-4f53-8e41-0e478f2dddc4,240ccbac-2fdb-4ccb-9b66-86abdea9d90a,Home & Kitchen,1,388.6307054,388.6307054,26/06/2023,d85a3af2-193f-4949-b9c7-307f60b7009b,Gift Card,Cancelled
4b4e5147-d114-44b2-a2e4-4a88393e83a4,b5666b3e-94b1-450c-b93f-f8dc05f7ebeb,Electronics,1,421.9197425,421.9197425,05/06/2023,edfc4198-66b2-43f7-851b-899cac8fb86a,Gift Card,Refunded
28f0e36d-0665-4641-bb7f-1097e2e36888,c1b4f213-ad91-40a0-be6c-84281b3fb645,Clothing,3,66.35700333,199.07101,04/03/2023,cfc1b29c-5e8f-455e-888d-f89be6c89c17,Credit Card,Completed
6c9ac9be-ac3d-4803-8bd8-15bc355d9695,a190c66c-be6a-4b79-99e2-73e713a4d74f,Sports & Outdoors,4,321.665317,1286.661268,02/05/2023,ba632890-62e5-4a12-9c9b-e71d13e883bd,Debit Card,Completed
17a0c892-4828-4786-997d-5470254b6771,7cefceaf-753b-4847-a320-bba0aa0cde6d,Clothing,2,124.5448813,249.0897627,16/01/2023,51f69cca-771d-45f0-bd27-ed419ea1cf24,Gift Card,Refunded
6fcc94cd-41a2-4f92-b08e-ffd82d60ce3f,1d120853-f5b2-4a79-bedb-1ea90b2036cf,Books,4,24.00749391,96.02997562,22/07/2023,569d5294-eb81-4bf6-8cd6-d69048c12887,PayPal,Refunded
72b53dcd-b412-4568-bf9e-d0b647358212,aa68e00e-9783-4cda-ae52-8f170ccc8799,Home & Kitchen,4,316.3475486,1265.390195,29/01/2023,96055ae1-9d1f-4a9b-8e0e-40b05d949fca,Gift Card,Pending
9639bdf9-7984-49dd-a9b8-77803f0e4a14,986b6dc8-b473-4fd2-b54a-cf821a6ccca7,Electronics,2,20.44447858,40.88895716,10/12/2023,73bac641-80e7-4507-95ee-7b73c1106ad3,PayPal,Completed
878f0a25-850f-426a-9d3f-2406859eb045,c38e051b-a091-4105-a87d-f93776621a23,Books,1,25.97632505,25.97632505,03/12/2023,05ddbf96-7429-4e51-9dcd-90505464ae8a,PayPal,Completed
d2aed0bc-b083-43b9-89fb-8321ee7aec47,daa32850-a0e9-4b64-9b6d-38ea3ce4539a,Sports & Outdoors,4,234.5042774,938.0171096,09/05/2023,1bdf3dc3-2b0e-486b-897a-cbd55326f87c,Debit Card,Refunded
98c67218-1417-4774-92bb-4547c4970a6d,88604362-acf2-421a-afc8-34245d23ed6e,Clothing,2,453.4975353,906.9950707,16/03/2023,f1c1a693-fe2a-4476-8f25-0b55a4c09a22,Credit Card,Completed
d547d9dc-7996-4e3e-8933-19b297fe80c4,01254ef9-cf76-46c4-95c8-2ddb8d167ffe,Home & Kitchen,5,338.4053136,1692.026568,12/07/2023,d2f9b35c-7449-49ee-b5ca-80acafab3433,Debit Card,Cancelled
dceb41b1-938e-4f6c-8305-fac5806de308,5b8462be-5aaf-47ac-80eb-8eeaa815f79b,Clothing,5,198.0350364,990.1751818,11/06/2023,6ca1ebf2-e59b-44ef-975c-16f409be5c0d,PayPal,Pending
259a2ff8-30de-4ea2-bc39-3d8dfdcc9e9f,43ff1b86-9eec-464a-939d-a59352c7c599,Sports & Outdoors,4,441.9746695,1767.898678,12/06/2023,22504bdf-1a28-4996-8dbb-2d2f82aaff53,Debit Card,Pending
e985f3b7-0e9d-4f7b-80a0-d990ab02ebab,f3c41d19-75f1-4e1d-b749-b902b9569425,Electronics,2,118.1497115,236.2994229,10/01/2023,901c9acd-e0c7-4aaf-8e8c-98beb8100eec,Credit Card,Completed
f370e480-ee4b-4ae9-894a-5c198d758b56,8234ecb1-0fc0-43dd-ac62-73c4ae2adbfa,Sports & Outdoors,4,381.8485431,1527.394172,02/09/2023,3760c270-8c86-40be-b06d-262b81c0edcb,PayPal,Refunded
72b89caa-5dc5-42c9-84cc-977d54e17e26,3931cea5-835e-40a4-a67a-d29f577247ce,Clothing,4,302.0783236,1208.313294,28/08/2023,5dae0a3c-7910-4404-91b8-f0a7bc03d9e7,Debit Card,Refunded
9c991c09-c0d5-424c-ac2d-65d38e870e94,6c89e2f4-1865-4f19-83b3-489f8429b43b,Clothing,4,35.1415952,140.5663808,24/10/2023,fd404e5e-6627-4ad4-b182-d2faf8154055,PayPal,Completed
2c7cb676-911a-4b01-874e-4e765f6eb0c9,9703235e-c1cf-4352-99bf-1731cf0be2fa,Clothing,4,433.7713384,1735.085354,02/04/2023,3a596e3a-09fc-4b6d-a367-f1f738605821,PayPal,Refunded
15f8c971-3bd0-43df-98ba-bc16c312b2a0,826f952d-ecd4-445e-9dc1-04e45375d2df,Electronics,1,197.4709945,197.4709945,17/01/2023,6641e3c6-ba47-4c02-89e3-2415be5595df,Debit Card,Pending
7384a1ca-eaea-4464-8a2f-63a535dc102f,a4dd668c-850e-47f3-a8c2-c35fd7f72e56,Clothing,4,185.4932898,741.973159,31/01/2023,0740b04b-5f86-405f-a704-93ffbeb22a7d,Credit Card,Cancelled
ae71918f-1ec6-4565-849d-4b7dae18772e,c75ac9a6-12c4-452a-a9e8-16615f8aa80c,Home & Kitchen,4,120.0756685,480.3026739,27/08/2023,5843f0af-b971-428c-9053-794133b7e489,Credit Card,Refunded
bc954253-0ced-4236-bc53-e719068c59dc,03a6b8d3-186f-4580-b9c0-576cd3907a48,Electronics,5,251.8296876,1259.148438,12/08/2023,d4fafb42-670b-454a-9614-ae03b1f5a5b7,Credit Card,Cancelled
3f11201d-0979-45ca-8aae-f165931e3676,1d93ba6e-1e73-4ec8-9ad7-507d24e9de1c,Sports & Outdoors,5,422.7348077,2113.674039,27/01/2023,18a514d6-dace-43f2-83e4-0f25643c6282,PayPal,Cancelled
4b33826a-41e7-452c-88e0-d90e235a4f80,b9d21040-db75-4c4d-bddd-788c086891a8,Clothing,3,37.32543306,111.9762992,31/03/2023,5b120761-6eee-44fe-a598-5bf70a1191f4,Credit Card,Pending
46ea194a-5c08-46b7-b312-1d35276e866f,bf6f9543-8169-43cb-b659-c9029d1c5d9f,Home & Kitchen,4,153.8475076,615.3900304,18/11/2023,7c5bdf85-5f62-42b5-a703-361ccae7f6b6,PayPal,Pending
37777e86-ee81-4814-a950-bb9007ac0ef9,cf2706ad-a49a-4a03-a620-a0419356504f,Beauty & Health,1,266.2160892,266.2160892,15/01/2023,b3f81365-3645-437b-b1b9-c190d841a721,PayPal,Cancelled
2677cafe-4cce-4d2c-af91-38aa91f7bb59,e4989dad-34d7-4bcd-a006-c1a9fce0ce0b,Electronics,5,415.2545772,2076.272886,22/02/2023,e58ed184-80a9-47dc-808a-3368e65b6f5e,Gift Card,Completed
2ee594f8-95f2-4427-9bae-b1c879ef27c1,84376e18-e0ff-48ae-ade8-3e43c8da1fd0,Sports & Outdoors,3,126.8536755,380.5610266,25/06/2023,3d55354f-2bfa-4bcf-9f78-60cc7dd237ee,Gift Card,Cancelled
af1305fb-18f9-4e17-8c67-4a2cf2498511,f2677c68-5fa8-4e81-ac6b-5a940da85697,Home & Kitchen,3,298.5644851,895.6934554,26/12/2023,3e3631cb-fc7b-42ef-816a-bb0c52ae5a23,Gift Card,Refunded
74c80c7c-4476-401e-944d-1337cdbf1976,69975cbf-fe80-41b6-a989-04ea38d86527,Home & Kitchen,4,286.8579458,1147.431783,26/01/2023,43a17595-3395-4509-87e8-b9dcb53e546d,Debit Card,Pending
3d067e57-9d7d-40d8-b7b0-bc5341f5f4f0,1904bf33-a9c4-4718-81b0-dcc3b27e4c47,Sports & Outdoors,5,175.4597737,877.2988686,15/11/2023,5e70047d-75cc-4cac-ab08-342b6333b438,Debit Card,Refunded
da38083c-7b92-44c7-9279-023fc0256860,215de85c-ad65-4c90-a874-657cc83e37b3,Sports & Outdoors,1,165.8655978,165.8655978,27/12/2023,cd1fdb2e-dd76-4d0f-bf8d-8e3573ce6deb,Credit Card,Pending
f155e38c-0436-44b7-aa23-38c7dacbbc6f,5db73645-f4cb-47af-8dad-0e0923e080a2,Electronics,5,450.8665574,2254.332787,31/07/2023,27e95b77-a5ca-454f-a244-751f8ab91216,Credit Card,Cancelled
c86f60c7-8ede-4ac3-bcc8-46efed57f4d5,e1938a77-0c06-4b5f-80cd-5cbef8e1dcad,Home & Kitchen,3,92.787569,278.362707,14/07/2023,1a70691a-5ac1-41e9-9ea1-0bd2f496ef45,PayPal,Completed
7a3b5cd7-9f43-418b-9fd7-ba69f7ea2fcb,841bfd3b-d6e0-44e4-a024-e5390da83312,Clothing,3,310.4249546,931.2748637,03/05/2023,a7da0757-0c22-4b4a-9a23-67dc21f419d4,Gift Card,Refunded
40a85134-3d7c-443a-bb22-809f84da1d2c,bd84fea5-d12e-496f-ac68-e56c315da893,Sports & Outdoors,1,32.96464001,32.96464001,28/03/2023,0d28dc4f-8845-4f07-9d36-12f2cbb138bc,Credit Card,Completed
82e29061-0f91-4f2d-bd8d-78d15e85051b,1cabc516-a7d3-43f1-b729-50b37dc12ebd,Clothing,5,288.7857284,1443.928642,21/07/2023,297655a9-2be3-4530-b2b7-39e00e747159,Gift Card,Pending
f341a9bc-9f23-4b10-9961-84f6ddb894ce,90e340bd-0809-463b-b50a-5d3a6d820fc3,Clothing,4,57.45931685,229.8372674,14/05/2023,03f55143-98fa-4de6-9005-0303ef365698,Debit Card,Cancelled
670df6e3-80e3-4e3e-aa39-5625b50013a4,ac510216-3d58-4651-945d-a41f22d8be07,Electronics,4,471.6874034,1886.749613,15/03/2023,eb1ae1df-b3c8-4c23-bbde-c18da04eec67,Credit Card,Completed
24c1c8bc-1a0e-4052-be51-942ab061aa3c,e0ec03df-7a38-49ed-9eec-9810fb56c276,Electronics,5,223.051225,1115.256125,13/06/2023,f2bb9536-b830-4b1e-b4a9-954317dc1c65,Debit Card,Refunded
2cb95cb1-0217-41f5-a9cb-cd466b44bb95,4b59a20f-8364-4935-a6aa-82e450ce5592,Electronics,2,46.23886608,92.47773215,15/11/2023,bd044798-742d-4080-b965-bd3ec4cd5cde,Gift Card,Pending
18086666-34d3-4f1c-acfb-a839cbfdb2b3,55000bce-c791-46f5-905f-9a77503bc66b,Books,4,38.95500349,155.820014,30/06/2023,fa679995-35e1-49f4-9e11-1296448d25a7,Credit Card,Pending
3e8a8f86-9caf-4385-a979-6b1a504bb84c,2a5346c2-5a85-4409-9af3-f748adc0eb97,Clothing,2,239.2312188,478.4624377,18/05/2023,306ce3c3-4a40-4eed-a93c-d2fa2b126d7b,Gift Card,Refunded
e7a2ab81-3e79-4ca4-b960-5ff19e8aca09,4b50a708-c59e-4a78-babf-9d35911153f3,Beauty & Health,1,428.557895,428.557895,18/07/2023,72f1c31b-7f9e-44e4-97b1-66f9c1e0d3e9,Debit Card,Pending
e30e1801-f659-4eb4-81f6-4552ce7127a7,7c171a84-8c48-4e7f-bf5b-9911e53c9174,Electronics,2,424.1520902,848.3041804,28/02/2023,67e42edc-aa77-49cc-8e6a-67c762502274,Gift Card,Pending
cac46e4b-7635-4540-9f29-d88129af39b5,1516369f-10da-406c-bdb8-4eb2a7a2fe78,Electronics,1,224.0465824,224.0465824,10/07/2023,bdd08cf8-5245-4bdc-b87b-b73b93b87e3a,Gift Card,Cancelled
2938be51-a3f2-43ee-9ec4-3a689791fea1,d39b19d2-90f9-4d13-8c70-79e869b6069d,Home & Kitchen,2,29.29034316,58.58068631,27/07/2023,81e2643e-b8dd-40d1-ab10-e3c4025bbd60,Gift Card,Completed
150faa27-3560-445c-8f5b-73189fabe5a7,2904e312-1757-4ed5-a8eb-5314f722e6f6,Books,5,316.4350829,1582.175415,25/09/2023,a50ecd44-2ff7-4035-90fa-125f3da61caa,Credit Card,Refunded
4bffd9e2-2c7c-49e8-ab4f-9281025864ec,56132346-1955-4b33-b0e9-31b1996532c6,Home & Kitchen,1,86.57820145,86.57820145,24/06/2023,e21132ac-fbea-4b1e-8cc8-25cc1f102718,Credit Card,Completed
7988dc76-9713-4a0f-ae32-c7c5b9b27afc,8599170b-aeec-4dab-b8fa-37e66c58656a,Books,4,183.6466188,734.5864752,02/02/2023,4d290ddf-312e-432e-b2df-11c694fa2bde,Credit Card,Refunded
859d86e0-03dd-416b-8278-6303963b3ffa,f873ec80-0c0c-4042-9d01-5704b4433439,Home & Kitchen,3,153.3314023,459.994207,08/09/2023,003e5415-3d71-4ca6-b4fd-54ec43892c68,Gift Card,Cancelled
45b64667-f48b-420d-bd75-08a2606cc17f,e81dab64-8fe8-4a45-88a3-566bc565adcb,Home & Kitchen,5,411.1217089,2055.608544,27/05/2023,76951959-38e0-468e-b309-abb50b6cd9d2,Credit Card,Completed
5a4af185-1865-400f-af29-af05c2b67c28,b0fe92f2-70e9-44da-8c7e-b3519f86b4e5,Beauty & Health,3,123.4505127,370.3515382,25/11/2023,7a907dc4-baf5-4588-bf7e-196b22f2cc2b,Gift Card,Pending
a2703568-b3fa-4b06-ac7d-02a8bde205c0,400ecf71-7cbc-4fad-bf33-f2725554c17c,Beauty & Health,1,240.3864893,240.3864893,05/09/2023,0cb9571c-018c-423d-bfe0-a384b16ba452,Credit Card,Completed
e751480a-0bf6-4be6-935b-5735fd112f7f,3834363e-cfe9-4073-b844-5ccd05f34d4c,Home & Kitchen,5,426.977613,2134.888065,20/01/2023,ff7d67fd-3f0e-468b-89e8-e3b0d4080129,Debit Card,Pending
5411b277-0bd3-4d59-b613-c7c27b72d9b9,092fa5c9-1159-4ba0-8641-f418a1917ca9,Clothing,2,367.931141,735.862282,09/11/2023,a161908b-454a-473d-981a-e8157094e86c,Gift Card,Pending
58d4ec1c-33c0-4383-971c-e262e5fa8eed,0031fdc2-79b5-48a3-a4fa-26841dba8a59,Electronics,2,272.3254127,544.6508254,20/08/2023,eedf997c-a168-43f4-8f5f-7d043b60f701,Credit Card,Completed
e4e6e55d-f95f-49c7-b4ee-034247587695,a358747c-52fd-48be-a0e8-fc69f92b288a,Home & Kitchen,1,204.9960678,204.9960678,09/05/2023,c613c08b-2a95-4345-84d0-c20b9b8a7988,Debit Card,Cancelled
b55fb9ea-22aa-48dd-bc7e-b259a6eedd72,48b4f67d-afa0-442c-bfc8-207654c5fff2,Books,3,205.2146468,615.6439405,25/06/2023,ca6393cd-b322-448e-a809-1d465dccb81e,Credit Card,Pending
308cd7d6-998d-459f-8887-77cc3353ff4d,86b15548-24bd-4a43-b016-0939ae3bd41d,Electronics,5,211.603366,1058.01683,21/12/2023,f9c354d9-7de8-4093-97fa-605122f3308a,Gift Card,Cancelled
9e33d378-d22d-466d-aaab-364795fb1316,9b1ebc10-a6e7-444b-842f-877c7b68d6ab,Beauty & Health,2,127.4416745,254.883349,30/11/2023,2b15be76-4b07-4557-8461-f189ac760a0a,Debit Card,Cancelled
2435e830-7261-4ee8-b7b7-097223949915,bb81811f-b5a8-4848-b117-dbfef2ff4a69,Beauty & Health,1,48.26083346,48.26083346,09/07/2023,2f81d816-45ce-4b1a-97d2-51779b91671f,PayPal,Refunded
2efb8bdd-1092-414b-b8d1-f4aae10ea195,9204c9f5-cfe4-4d7d-9e91-b27712718312,Beauty & Health,2,361.5418936,723.0837872,21/04/2023,ef23aaba-33d5-4823-86af-b5d639148376,Debit Card,Pending
9479066a-2e1c-4589-a8f2-d0508ed047d0,82c2f8a8-7b07-41e6-a461-707faa2f826d,Books,3,485.7002956,1457.100887,20/01/2023,f35026fc-ea67-4418-889f-92bbfa9c2bab,Credit Card,Pending
14e6a774-fb6b-41a6-9d48-2edc9d55419f,c4e48d18-f1e0-4317-8a17-bf2e5b53cab2,Books,5,498.9065708,2494.532854,29/09/2023,036716a0-01b0-4285-9ff1-c77617340388,Debit Card,Cancelled
e3b36524-f7bd-489b-a39b-589ad29a31a3,f3f47c36-0849-47d2-8801-82ddf7c8816e,Clothing,5,347.2082987,1736.041494,07/02/2023,3af4ed7c-5cbe-4c8c-9c53-553da969d394,Gift Card,Refunded
b0839326-6480-4f6a-b599-c81fbdab9508,89101b9a-43be-47eb-8986-6837dce2a231,Books,3,294.6015824,883.8047472,27/02/2023,c67fa5ea-762b-4310-9551-329378c28949,PayPal,Pending
0c9fef78-748a-473d-a48a-dd090bd73549,c1c0f21f-4193-4e92-8b0e-035cb8e9cb38,Home & Kitchen,3,129.3033574,387.9100722,01/07/2023,96668ad3-6219-49c5-aee7-5634c50c7d99,Credit Card,Completed
74ef10d6-dd97-4126-b77d-0f68790a7167,8271501d-149a-4a20-94d4-ffa54eedaa9a,Electronics,2,357.2203692,714.4407385,20/03/2023,bef7f789-224f-4a48-8e27-cd4b26d85f0a,PayPal,Pending
e6728429-9e06-43bb-b8bb-29d1df6402d6,dcb50cfb-1a98-47bc-874b-3343591b932d,Beauty & Health,3,102.7367234,308.2101702,04/04/2023,cb4cb385-0433-4c40-8fe1-d80bccbdcfeb,Credit Card,Refunded
5730bf96-f7b6-4869-a386-f4d2e91991ec,c3242665-84f7-4705-be6f-84182c7e8b96,Electronics,2,129.2258503,258.4517007,21/11/2023,235e1efe-00c2-4c67-8880-aa560e613699,Credit Card,Cancelled
919f7276-4afa-43fc-9b70-c76c9ae76b61,c307a2fe-51ee-41ab-8b5d-5026ae635be8,Beauty & Health,5,151.184767,755.9238352,28/08/2023,eccc17df-2ae3-409c-977c-b5fcff04a4a3,Debit Card,Cancelled
0842f04e-d2a1-45dc-bf24-ac5b23fa4dad,c4948156-6215-47cf-b91d-5f816d0e0179,Electronics,1,54.2935252,54.2935252,22/02/2023,e7183802-47da-4e12-b885-3b5eced9b969,Debit Card,Pending
ee1079e2-77db-425a-a989-3abf194e6dbf,5f3f42c8-8c96-4ec2-839d-2b2a66b31afe,Electronics,2,27.48013137,54.96026274,09/10/2023,6759dbab-1fbf-45f3-9431-1200d0b1d9a5,Debit Card,Pending
6b033957-c328-415c-af7a-e2b9c7121eac,512e49cd-d39b-4828-adcf-e52f918a4a8e,Sports & Outdoors,1,139.7613239,139.7613239,10/04/2023,661d0d76-775e-41bb-9b95-026a26404824,PayPal,Pending
39d2a61a-570b-4b71-a28e-083a341beab8,94444970-875f-4e03-a6ae-636470ff01f1,Clothing,3,212.7888832,638.3666495,16/07/2023,c8e7aae9-37f7-4ea4-820b-c887d3a74732,Debit Card,Refunded
b48b328e-76b2-4cf9-b766-5fd353c35e31,ba10b229-0dee-43d4-96c2-e1706fc918eb,Electronics,3,15.70088632,47.10265895,02/02/2023,7be97c73-9275-4452-be9d-ddb14de622a8,Debit Card,Refunded
c18ac46c-ce28-4a5a-9168-65be24cfa597,43d01b41-0ea6-444b-a3c3-caaf2a4de4fa,Home & Kitchen,2,336.8787324,673.7574648,20/07/2023,8b0357cb-fdf9-4526-9fed-6d01da9a9a9d,Gift Card,Pending
fe27d443-0c57-4191-96a2-79d21e06a24b,8c76804f-6fb5-4d8c-a65a-c58669972b8d,Beauty & Health,4,493.3301007,1973.320403,04/01/2023,be6d3ce7-3148-4e01-a766-c50214770197,Debit Card,Refunded
00617253-49ec-4c26-a100-96cb9413d7f1,a2feec2c-2b82-42fd-a5ab-c5d963c7d85a,Clothing,3,59.87186797,179.6156039,29/03/2023,b7f2200d-68f9-4700-a246-5bdf3f166514,Debit Card,Pending
d91e372f-3b6b-4538-8e80-e0cd6f9c33eb,756c5be4-6191-4eea-b42e-9c5c52cb0a4e,Beauty & Health,1,28.69651602,28.69651602,15/06/2023,4e4f3b09-8cc6-4b2d-9e5d-ef468a88460a,Debit Card,Completed
9984256e-1349-48df-9941-4b7ef9619b9d,67ce3598-56b4-4a7d-8d54-9a13fa67340e,Sports & Outdoors,2,217.8874833,435.7749667,28/03/2023,48a45002-8569-4a9f-851c-f8671238e560,PayPal,Cancelled
e7b49567-f327-42b6-b77c-3c9ba66fcee8,da92c8d2-52b1-49c4-b878-4284307defa6,Clothing,3,236.7588488,710.2765463,24/10/2023,a44ddbad-8ad7-4c64-8c5b-d5f1b5a67f88,Debit Card,Refunded
33666a28-608c-49b7-8958-e0fb00c34fe7,fad89136-9e22-4b6c-add5-42f764b0263e,Beauty & Health,2,101.5419611,203.0839221,29/05/2023,3370d9f7-f042-461d-afd5-f0b5cffd9357,Debit Card,Cancelled
7856f224-6607-4fe5-aff5-e59d61cc2da1,cb96aa3e-73a7-44b6-beab-8a64ba0a9d27,Electronics,3,167.114719,501.3441571,19/06/2023,011de8ac-86a6-4f27-a47b-94aa8085d806,Gift Card,Refunded
8010944e-8e11-40ec-9f48-e022f1ca80a5,9f39c187-8bba-43b0-acfd-98dd14d3c064,Sports & Outdoors,2,366.6418164,733.2836327,03/10/2023,24b61bc9-8cbb-4451-b24f-ede586d05187,Debit Card,Refunded
fb31dff2-d691-49de-aedf-4e457c6995b6,0b49dbd5-176a-44eb-bb69-50cb11bdfa21,Beauty & Health,2,111.1963869,222.3927738,27/06/2023,61a96dc2-4c29-4350-8745-917aff6b8ffd,PayPal,Refunded
555a4f15-a5ee-4199-9795-d21dc31b789a,72990e7b-cd2d-4f61-be21-4a558197804e,Beauty & Health,2,343.8255051,687.6510103,10/05/2023,9ccd62a8-c940-44a6-8012-01d4be51b649,PayPal,Completed
7e4d8617-1818-42d6-b573-020bfd8e3a8c,d8aec28d-8555-469d-b645-bd80e4d1e959,Home & Kitchen,5,272.5140605,1362.570303,02/01/2023,01424763-9fc7-4114-87e7-ee18a0bcd573,Credit Card,Completed
0e5f818f-6d26-47ec-a0b1-37c4ce6f3f7f,0b757436-a973-4abb-a940-077d177e8260,Books,3,328.3144947,984.9434841,30/01/2023,d1545fff-14c1-4646-8ea6-3b5b61c25307,Debit Card,Pending
0d94f144-60b4-44e5-8778-061f5c818d4c,9a091793-ac65-4d27-82a6-a57349cc354f,Sports & Outdoors,5,188.7791583,943.8957916,27/12/2023,937c7ed7-ebe7-4fd9-9ba4-55ac8765b2c7,Debit Card,Completed
c8775eb6-eb23-4950-8602-37dcd2c4ea35,d9d601aa-ec4e-4adb-93fe-4d8d7f295119,Clothing,2,125.3402697,250.6805394,22/02/2023,a75a96d1-e6db-48be-bb86-1f0c4ee3cab3,PayPal,Refunded
45f3aff7-9f31-4ba5-8544-ba45834643df,83e422c6-0300-4ca2-9ca0-5270c4bceb8c,Clothing,2,213.7987224,427.5974447,23/04/2023,465a3a91-c07a-4706-b244-15c135f28a03,PayPal,Pending
5da97cbd-b31e-4662-b256-c95e0ffe5adb,e7a01657-6dd5-4834-acf0-8573d14a353e,Beauty & Health,1,203.7045798,203.7045798,04/08/2023,8cd10725-9d10-447a-b487-a20b92d1d632,PayPal,Completed
02d1b180-a236-49f1-ad2a-836788bc2e5d,afdb2632-ceb2-4c66-928a-d76bb35adbe3,Beauty & Health,3,201.0812857,603.2438572,12/10/2023,4ac3b32d-df48-49a7-aa4f-3ffd421574d3,Credit Card,Pending
0d34f64f-747d-468e-b04d-15128a79cd49,ad95fa75-7aad-4de8-8cd6-4bd525deadb3,Electronics,1,319.7110703,319.7110703,15/09/2023,10ab0e53-f7c2-496a-9b70-a352f5d7eee0,Gift Card,Refunded
53a5825d-5d62-46fe-afc3-4e78515a06e5,94177907-0c7b-4a2b-8e0e-aedeac30eeb9,Electronics,1,336.9206331,336.9206331,04/02/2023,c6bbad42-01e0-47a1-9b7e-796f1d5d7ac3,Credit Card,Completed
605df37e-3ebc-43d1-90d9-66dded54f84a,52840841-8896-4953-8c8b-d6a72f34577a,Books,2,123.6636729,247.3273458,16/09/2023,e0f0562b-4d94-40df-95e6-fc857e7f83df,Credit Card,Completed
49aae0b9-e117-4088-bdeb-b82e4744d5f6,e57325bf-5a2b-4cca-b362-445ac62b180a,Electronics,2,380.0584618,760.1169235,16/01/2023,457f3c7c-c145-4b4a-9e4b-01165e63ad1f,Debit Card,Pending
613af3e4-cdad-49f8-98d0-285458c45cbb,6fbb2667-5788-4334-9eb0-14a2468875e2,Sports & Outdoors,4,184.9650565,739.8602262,16/04/2023,01865e50-39b6-407d-9600-15310cb8c88f,Gift Card,Cancelled
0c2f535a-a743-4f58-a495-fcda9e089205,b4123ccd-20a8-4ae9-bc45-5ff239427913,Books,1,79.77714095,79.77714095,06/12/2023,04853d53-4531-4b3a-9e05-8fb60405d6de,Credit Card,Pending
4646d016-0b45-4a51-b0fb-382d34c74a11,0cfebbe7-65d8-403f-ae5c-e4be3c24ee36,Electronics,2,183.2038938,366.4077876,28/07/2023,3cc60595-2f69-4627-ace3-831bf13de519,Debit Card,Refunded
349403aa-0ae1-464a-8357-6c8f07c6729b,f24b22ff-d764-4617-8f83-83ad3944def1,Sports & Outdoors,1,327.6413153,327.6413153,10/05/2023,bfc92f92-61bb-43c8-91be-7b1fe9d5111c,Credit Card,Completed
e679b5bb-285d-4d23-ba91-3e9789b5cf7b,da86160b-2a77-477e-8224-f1c996a5efcf,Clothing,3,207.295819,621.887457,24/06/2023,2abd4433-5cfd-45e3-ab1e-10db2915fcc3,PayPal,Completed
f8b1f3fe-c5d8-4377-adf1-63d61b9502b2,7bebdc0b-42c5-48de-8c4b-2b7540b42f21,Electronics,4,191.5967232,766.386893,20/04/2023,54b97397-abee-41af-8b51-08382845cd3d,PayPal,Cancelled
bb3f92d5-bba9-4967-a6f0-923a7086a8c8,357c797c-e92f-453c-8cfb-9787ce37cec3,Sports & Outdoors,5,452.690849,2263.454245,12/03/2023,045038dc-f3a1-4fd9-9cb2-b3d9a29aeb33,Credit Card,Completed
c2f03a8f-179f-42cb-bb6c-bb3d7457d695,e1924625-60dd-4a33-a97e-bab8902e75b8,Sports & Outdoors,1,203.8478207,203.8478207,06/03/2023,aa9e35ba-6129-4940-83f2-17e73bae0f5e,PayPal,Pending
bf284481-0aa6-411d-a942-c816051e3ffa,f4495f63-5976-44f3-8801-cafa4a65384c,Beauty & Health,3,203.3720595,610.1161784,06/02/2023,6cc1dd94-54b4-4ab7-a2b3-3cbe3004b829,PayPal,Refunded
fe549371-d580-4765-b527-27dc8e2e36f1,c86451c2-6926-43c5-b34f-1b9a6f5c88ee,Home & Kitchen,3,434.3724054,1303.117216,05/12/2023,5d65ce54-5a64-49df-8a89-48caf1ffa724,PayPal,Refunded
937e6dca-f354-49c6-b1af-c76b5e0ed677,cae503db-2758-4b5b-a3b6-75dafab6cd9e,Clothing,5,378.8767443,1894.383722,06/05/2023,afbc4a06-f103-4a46-9caf-aefbbca97030,Debit Card,Pending
4119bb34-ecc2-45cc-8434-b227e4d6004a,afa1095c-6eb0-4a5b-8cad-6c01ddbefd96,Home & Kitchen,1,346.8193733,346.8193733,25/07/2023,1de40cb2-70d6-46d8-8a1e-5b658b83d9af,Credit Card,Pending
c6e88559-4b3d-49b7-997d-eb8183b6604f,bb443835-fa02-4a84-bd5f-bb83ac2e21cd,Books,2,386.2450874,772.4901747,05/03/2023,ec1c345e-a009-4e11-9a84-2e0df6d78abb,Credit Card,Pending
9947aa0c-eaaa-434e-a1d6-1f6a433fb77b,ff37b800-ce7f-41c2-a4ef-054a178da01e,Home & Kitchen,4,416.6385203,1666.554081,07/06/2023,dcfddafc-821f-420f-abe1-52c4be3ca1e4,Debit Card,Pending
ddc04eae-1271-4d3f-bdbd-d6620e1c1425,e2a9a0c1-bccb-4d80-aa1e-f75ca8dd7ee3,Beauty & Health,1,15.94205948,15.94205948,28/06/2023,8029f6b6-89d9-42d9-94a2-8b6005c9dbd4,Debit Card,Cancelled
c9bf34ec-46b9-4c5d-b162-39f74ef5173a,4923eb84-ee3f-446c-adfb-433651d2cabd,Electronics,3,305.1056336,915.3169009,05/08/2023,2ebce767-0dd6-4d35-bd45-5c20400dafba,PayPal,Pending
6dfc3339-5103-4b07-a7a8-fb829d012efe,80121616-d1c8-407c-851b-4e20a9e2af1f,Books,3,218.3278495,654.9835485,30/09/2023,779e5d1d-6f19-423e-b871-bec5153b6af9,PayPal,Cancelled
0b66a9dd-7e9f-44a8-b3ae-a22bc691c341,42636bf3-1653-4a6d-b2a2-a4e0a8dd94ee,Books,2,482.1043154,964.2086309,31/10/2023,b6075f2d-3fd7-469e-8854-509bed561a6c,Gift Card,Completed
8d4fa4d4-92d1-4883-bdc4-1806b5bb2f04,440bf3ab-fe66-4696-a42f-21abc66fa437,Home & Kitchen,5,255.5193798,1277.596899,12/07/2023,3f6c55a9-1382-4d2a-ad67-481a3feaa02a,Debit Card,Completed
1f414954-2c07-4be1-a095-3913c7a7743c,4b65ee84-df44-4337-87c6-3da5943bdbe2,Clothing,2,487.9612826,975.9225652,04/12/2023,f1567f0c-3b04-478a-9c55-22c8a2562f4e,PayPal,Cancelled
75d10d7f-9b8f-455d-99f9-1039f1a7560a,afe5eecb-5f9b-4ed8-8da6-ab51cd2f36a7,Beauty & Health,5,384.4460537,1922.230268,31/05/2023,f1c12582-fe5c-44c0-bae2-09e6dccd7882,PayPal,Refunded
5bff9659-d192-4a55-98c1-80187cb75aec,7774c2d5-6d61-4ec9-bce1-4d3b6caf5003,Home & Kitchen,1,226.4054263,226.4054263,30/05/2023,96252da4-a102-43fe-8215-859ce73a660c,Gift Card,Pending
c6ae8e37-2c2a-461f-973e-e7a0c2ef9ade,8b88c6e9-2c6e-4d1d-b74c-7a10d215e489,Clothing,4,177.4460991,709.7843963,06/02/2023,856b7119-1d9d-4765-a586-90286918e40f,Debit Card,Completed
f885610a-b118-4487-8c90-629b57bc4f05,5035184b-91b2-43d9-8a17-953333d168b5,Beauty & Health,1,403.3002707,403.3002707,24/06/2023,53d71707-a98a-47aa-a1e4-1c0798a690c7,Debit Card,Refunded
af8e659e-1d6d-4088-b2ca-43dbba4d42e1,413a171a-620a-4be5-9196-e2e266464187,Beauty & Health,1,198.3366962,198.3366962,06/04/2023,c9bfd0ef-9973-4ada-a53c-ae09fd974d58,Debit Card,Cancelled
c3e11962-0074-45e1-b0fc-be085ea9642c,89b93154-ead5-4f26-81d0-656f87838973,Sports & Outdoors,1,125.4287447,125.4287447,16/06/2023,f7c46fce-f772-40bf-9970-46d63a3aa04d,PayPal,Cancelled
89b3a6f6-aba9-486a-a24e-a420f48d15eb,057b6326-0553-411f-acca-eb4c4f048ac9,Clothing,2,487.2448985,974.489797,13/08/2023,7e8abbe2-921f-47e4-a273-5d9862e3d525,Gift Card,Pending
860b0521-3044-4351-aff8-2048438b029e,5701ec32-3c3d-423d-b678-58d7d3591e02,Home & Kitchen,1,210.5921636,210.5921636,13/07/2023,c1716e30-42eb-4026-be98-9f0a91188bd3,Gift Card,Refunded
0047b906-f05e-4d44-8744-0d049ecc312a,f8d04842-bed3-4756-a099-86091d74e1fa,Books,1,438.9924243,438.9924243,08/12/2023,6a556e41-4b1f-46eb-a73b-e364982fa921,PayPal,Refunded
7c4609ee-7b80-4123-920f-0933f05303d8,c561f7a3-f971-4d61-85c9-3721965f12c0,Clothing,3,186.200167,558.6005009,07/12/2023,84bd324b-f7e7-485d-9eff-3557549c507c,Gift Card,Cancelled
7325cc0d-bc2d-4ffe-a0f0-2e2812a1d670,6c389a9c-af66-41f7-a484-f6eed2a18f6d,Clothing,4,488.2376652,1952.950661,21/07/2023,c6f28632-1d3a-4389-881c-e1c68a190fd0,Gift Card,Refunded
96c21acb-9831-478a-9cb7-dc17d4650733,f8142bce-b004-4a85-b457-27284dc4edad,Sports & Outdoors,3,483.644054,1450.932162,10/10/2023,0ba34166-71b8-42c0-b6c1-f64afce16d39,Gift Card,Pending
8a21baa9-9e37-4235-aff4-dd3e198b8bb1,59966c6f-c503-454d-8f31-b8dfc37b137f,Home & Kitchen,5,495.4427331,2477.213666,30/06/2023,8846f5fc-6eaa-4cd1-8c24-0a9e0c84fe73,PayPal,Pending
77902e07-59c7-471b-8ab9-cb353f432b62,b3323977-34f5-4e80-b3d5-49c9876b2c23,Beauty & Health,1,330.3923727,330.3923727,24/08/2023,ecdb695a-546f-4623-9c3d-d6ae69924c04,PayPal,Cancelled
aa0e74c1-dfb3-4461-a791-66183199dede,96c74636-5581-4710-b77b-21d5bb3a73a5,Books,1,326.4974198,326.4974198,06/09/2023,2dd28db3-a239-48da-a461-23faff669d71,PayPal,Completed
3157e1e7-477c-4f5c-b35f-016fdd8841e1,82587e11-003b-41ee-ac0d-24f055d68597,Beauty & Health,5,322.5305097,1612.652549,08/10/2023,3d070f8f-b9f5-4a58-a6fc-7b6f921a83a5,Credit Card,Refunded
8d5c13ce-39fe-4f0a-8753-72585c8404be,02b8d9c3-ee8a-4240-9ee9-a731a2b591ed,Clothing,5,135.0009543,675.0047717,19/01/2023,6621758b-8ed7-434c-bbc2-7e94f184c34f,Debit Card,Cancelled
21eb8d44-4755-4943-b263-ea9d0e04f3c6,a3c352f3-8299-4feb-8a4a-127258346083,Home & Kitchen,2,383.9681999,767.9363998,24/04/2023,7c8d115d-842f-4285-870a-a6cfe45a2cc6,Debit Card,Completed
4e798e93-dc21-4329-8c07-4a55553d2b81,2b7a19dc-e946-4021-b554-049c10e8811f,Clothing,2,142.1972882,284.3945763,10/04/2023,b5177e39-402b-4668-ae1b-91fb9c184aa9,Debit Card,Refunded
6a1d2485-3534-4059-8e36-9fc7397af660,7d81a102-31bd-4157-a2ba-3d48078bcfdb,Sports & Outdoors,3,68.25274692,204.7582408,01/11/2023,7f323e6a-94a2-4b47-9f2c-d031479f0365,Credit Card,Pending
180360b4-4607-498f-ad10-eccd0f98e77b,d015f269-551d-4661-be02-c9cdeac4871c,Electronics,4,11.03780388,44.15121552,06/01/2023,40c9e160-96a0-4ec1-9fef-8abee43f25b7,Credit Card,Refunded
29540b2f-670c-4ed4-8a85-ec95cccfc67e,f0e63c97-d289-4633-90cc-49d1b552a6df,Clothing,5,291.7842183,1458.921092,21/04/2023,86a71178-a506-465b-a348-a7abd0ef02c2,PayPal,Cancelled
a434961a-1199-4b08-b38f-8e7928f2bc77,3f1f341b-bf60-4562-af65-b89678330b25,Books,5,322.5324484,1612.662242,04/10/2023,e6b954a3-fa80-454e-b308-307816413917,PayPal,Refunded
8632f24d-4afb-48da-ba05-8736adc9f2f2,74df364c-58b5-48f8-8af2-aa0d5c8e1280,Beauty & Health,2,66.84597271,133.6919454,20/08/2023,5b5ffe5a-451b-4ec2-a997-a93aad7801b3,PayPal,Cancelled
4ff6dd8e-f820-4907-a2de-35ce9070a005,c536c682-ff20-4794-b24a-b9e56ef1169e,Sports & Outdoors,5,484.4371742,2422.185871,30/04/2023,e360b55e-6305-41f4-8728-c164b01a2d3a,Debit Card,Cancelled
959f0cb7-a588-427d-a20b-f4767ac38289,c5efc299-54d4-4b92-a11e-b3f4db8eb831,Home & Kitchen,3,237.6691412,713.0074235,31/10/2023,a2e75f57-58eb-4370-b331-556a21572df9,Credit Card,Completed
38eaa811-f33f-4d0e-87f7-77e6bc94d3ff,c23947d8-6221-4e2c-add7-ffa7e4e4c7de,Beauty & Health,3,229.3934415,688.1803245,06/02/2023,ee4be2fb-1d05-4f65-bf3e-1b4cd3aef61b,Gift Card,Cancelled
2c7cfb62-c59d-48a3-95f8-c993956274db,2e70231d-3a19-4a5b-b348-bb55c844b59a,Books,5,272.1190696,1360.595348,08/08/2023,40388de9-5e26-439a-9123-2f57fe4ad346,Credit Card,Pending
472945ff-c5ac-4d95-afb8-2da562a41490,a57d15c7-a697-43d6-9fc0-f8e5c197f70f,Books,4,30.4607012,121.8428048,25/12/2023,007f0217-027e-4a87-9fc2-4499b61e3c28,Debit Card,Pending
e0acac74-377d-4e08-b065-95bf8ab1d67c,400f33d6-8a76-48c7-b06b-2aa74e3ccfae,Books,2,100.5816607,201.1633213,10/03/2023,40aa264f-bb3c-4e37-8879-943c4b9a77b6,PayPal,Completed
22be00a1-7959-4990-beb7-c0ddb3349b0b,1b7c8afe-cd64-40e2-a41f-5af1da8ba71d,Electronics,1,295.9406952,295.9406952,05/09/2023,f940f850-ca0b-468e-9191-92de13221385,Gift Card,Pending
dbd4e194-6c28-4e82-9bb8-3b393933836c,e87e1bce-62c5-440a-893b-062adffd4564,Home & Kitchen,2,170.3194955,340.638991,22/12/2023,bcd4db0b-2cbc-47da-9ff9-d481efb0a839,PayPal,Completed
f23f1356-efcf-4545-83f0-6d561ddbe1dd,f44b93ab-c2d2-4ec2-adcb-bb6d3dcc0a48,Electronics,1,364.3977766,364.3977766,29/09/2023,c2dcf90c-ba9e-4f93-b885-1b580511e4fd,PayPal,Refunded
815b365c-cd02-4423-9bba-3e273186dca2,913938c9-7366-47fa-8da5-38b868be7bdc,Books,2,182.7280804,365.4561608,27/10/2023,1eec4fe1-1341-45e7-b579-48f8a71cdafe,Credit Card,Cancelled
0d365bb9-5d32-4eb4-a843-459a5bf6ad8c,ea6cf1da-b92e-4de9-b27a-5cd3c69edcc9,Electronics,1,283.1706404,283.1706404,04/04/2023,c52896a9-9b40-4f05-8c46-0c8ad9e84d32,Gift Card,Cancelled
af1fd2d7-3cea-4c6d-aac2-9d3ca726f0e8,08ebc5a9-9f91-4db6-b551-e4d12a069e25,Home & Kitchen,5,450.0839552,2250.419776,23/11/2023,ca3ea48a-1b52-47ae-95c9-d1d8131cea52,PayPal,Cancelled
b78a7296-7973-4179-9ec1-64f5b5e892ef,450e0b19-6eef-4c24-a378-d1a2f8601658,Books,5,86.43002331,432.1501165,24/04/2023,2d355721-e8f4-460d-a244-9f71239572af,Gift Card,Pending
e52e37a1-dd6f-483f-a0fd-4d5e5c0a3fca,14941755-b68c-46d0-a5c0-dbbe9c35567e,Sports & Outdoors,4,302.4899993,1209.959997,11/07/2023,11b9be64-147f-497f-b34b-f21a9f1fc485,Debit Card,Completed
adfc9f28-06f3-407a-8fd9-7c64c4824460,b24f1a9b-ec7f-47ac-a5fd-563cf1d412c6,Home & Kitchen,1,440.5449507,440.5449507,14/02/2023,3faebbff-a1b7-4066-a1c9-768c0bf8a23e,Credit Card,Cancelled
4727c87d-16b2-4f88-af61-c14053f7f007,4a4543b3-b75e-44db-84e5-17549beb744d,Clothing,1,309.7491922,309.7491922,19/03/2023,ad781944-7611-4618-9944-ad3d2fc2d9f8,PayPal,Refunded
924f2f32-c48a-453d-b54d-03d7e84271ce,00cd64de-88c6-4fe7-beeb-2dfcba8a93bd,Beauty & Health,4,140.8661322,563.4645288,23/01/2023,c729d1bc-a6c6-4332-b802-32577add0f47,Credit Card,Cancelled
fba90e1f-e392-4dc8-85df-ab12452cf692,2fd75b56-93ce-4f4b-a470-4e608e527b3f,Beauty & Health,3,148.1416401,444.4249202,02/03/2023,97d434c6-d1b7-41ef-b5e9-f8b790c140f7,Debit Card,Completed
a4a6ec9a-d19d-4325-8025-fc24eef7f2c3,bbe53a50-1e7a-499d-ae97-b03fc7e6e213,Beauty & Health,2,490.2421829,980.4843657,25/09/2023,6f5b2bf9-e8b9-4a17-bf5b-6ad153562762,Gift Card,Refunded
7527bc1e-f28b-4ea1-a679-69a6a2ac2cc7,03388d95-304c-42cf-a205-c5e637d192df,Home & Kitchen,5,148.9054792,744.5273958,03/05/2023,86676038-80f8-489d-92c5-b9b264cd8dec,Debit Card,Pending
93629ee9-0e34-4da5-879f-5e0d4f6d8109,9a4a4c70-1174-45cd-bb44-6b74302c78d2,Home & Kitchen,1,312.0402051,312.0402051,24/10/2023,1809914b-79f7-4a7f-b40c-32c903487c22,Debit Card,Completed
592f6712-5169-4456-a5c9-4d41a3c120a4,c1c28d75-c12b-45ba-91ab-b6a09ba9ad09,Electronics,5,337.1677909,1685.838955,17/10/2023,5f83f07b-326f-43d3-ae1d-dfaee8d1afa9,Gift Card,Completed
c70f2922-0c64-4f42-b5f7-40a894057c2a,d57ac810-d156-4821-b490-fc20590e46a0,Clothing,3,110.0469154,330.1407462,17/02/2023,7a284479-fbbe-401f-bd0c-178e834781a3,Credit Card,Cancelled
b3ec94b5-7016-4bb1-a701-2a4e027fb88a,9581721a-e367-49a7-9ffd-47f421af6b5a,Electronics,5,344.2157996,1721.078998,16/04/2023,7046019e-5023-4064-9e37-e2b5486c8c8a,Gift Card,Pending
e43cde5d-0011-41f8-b207-69353489d5b0,106f4e19-08ca-4e6e-854c-35c775aa00ad,Sports & Outdoors,4,470.8936084,1883.574434,16/10/2023,d46562ed-8b16-4d14-b0a6-ec2da7daa6b1,Debit Card,Pending
09e358eb-9fa6-4b65-a1ed-fbfa31f2846c,d9155dd4-e010-4419-a0c3-b837e173e2c7,Clothing,2,304.6440363,609.2880726,11/12/2023,ae2e3f1e-907d-4700-829d-d59721d2ae09,Credit Card,Completed
9a5bf7db-842d-4120-8688-9ab83a0f552f,ef4c5ea7-47e3-493d-888a-3697a9969a51,Books,1,371.4063227,371.4063227,03/08/2023,51b5056c-2f34-4e4a-8bb7-f27d2882383e,Credit Card,Cancelled
f552fe19-d22b-4858-90c3-27bf5aff960e,004967cf-ae41-4b0e-b011-01811ca7a41c,Books,3,263.0619343,789.185803,10/01/2023,db976bd7-14fb-4969-8666-64c8401d2f99,Gift Card,Completed
48075d4d-e8e3-44f7-8e8f-45d6071f93ed,3f4c1772-1920-419f-90e3-034d3047aa95,Sports & Outdoors,3,394.67407,1184.02221,27/06/2023,48155bd4-f7ed-4091-a0a7-443c6d5aed96,Debit Card,Cancelled
ffc4ea42-e518-4861-b665-373923944132,439734cc-f2e4-487c-811d-b824e842db9c,Books,3,463.2867024,1389.860107,20/08/2023,ec7ddb05-c929-48ff-a306-c94bfbe74ae7,Credit Card,Pending
553568ef-b7d7-4e2b-8d60-bbc5212b1a78,b7ba8c1f-acd8-4b29-bac0-2b2865107ea9,Books,4,199.630698,798.5227921,21/08/2023,1154ae35-004b-4ef6-86ec-d0406cb8c360,Credit Card,Refunded
e5889342-7a82-4681-864a-57de5ffc21a5,4588dc96-9fc8-4f42-80a3-912de33192a2,Clothing,2,102.9555954,205.9111909,25/07/2023,077283ad-2d22-4a5d-9a93-fc70d264618f,PayPal,Pending
6bc9420a-ad6e-4fcf-8202-7584ab8dd53f,01cea226-d884-42fb-8bff-dcb686d289f9,Clothing,5,322.8279764,1614.139882,03/06/2023,3d287700-4079-4e1d-a582-cf8ac6b4fd46,Debit Card,Cancelled
13442fa2-d8e5-476a-aafc-548720d22b7d,7bb82cc6-d3d7-47e0-90de-dbc40a512b9a,Electronics,4,20.82705212,83.30820846,10/01/2023,3a8b4e3c-4601-414b-996b-5d69f819703d,Gift Card,Cancelled
e5d4b20f-eebd-419f-a5c9-ff5fb880ae21,682c6b8d-35fb-4429-b037-55e4cde285e3,Electronics,2,18.46453664,36.92907329,22/04/2023,4402cee0-149d-451d-bc69-e8be587bb3b9,Credit Card,Refunded
6c8ed31f-0da2-4258-aa8a-511dbf599c40,b5c9fb41-880b-4696-8209-a204c8df6a95,Electronics,5,321.2321091,1606.160545,02/08/2023,f2f10120-eb82-4ca0-9416-72c8e8c0ba78,Gift Card,Cancelled
2126ff38-79ea-428d-be59-0ed3e25a89d9,43ab2e71-ab75-498c-b3e2-b6f8bc4fb6b8,Home & Kitchen,2,115.6572036,231.3144073,10/03/2023,cefac16f-73d3-42ad-aa81-ec3408be3237,Credit Card,Pending
ff140244-eeff-4dfa-a788-8cc8d59c2b92,3fcbbf61-fe9e-41fa-9bf7-b420502f2878,Books,2,487.3073794,974.6147587,25/12/2023,9c6f2b52-c60c-411e-b4fb-56d5f294d8d6,Debit Card,Refunded
d715f305-b923-4334-a580-6e59529b97dd,7a119c39-bfef-43a0-ac2c-89400f8b0deb,Books,5,447.1833382,2235.916691,08/03/2023,c388e6ec-cacf-4955-9484-de2117d38157,Credit Card,Cancelled
b956c5ab-904a-4817-86c2-8392c0a53b97,3f38fa7e-5c20-47cf-b2e8-6a21c66f3929,Books,1,214.1731781,214.1731781,12/01/2023,68555521-42ae-42ec-9558-2f834dbd6091,PayPal,Cancelled
2c238c32-dd05-4248-9059-af8fd3fcce24,e47253e1-c844-47d8-96a4-ae561d4d24d0,Sports & Outdoors,3,329.3680678,988.1042034,12/03/2023,4350f726-19a6-460d-9e51-9ae8acf74b56,Debit Card,Pending
b41da758-0ca7-4af9-acd0-7a13406a308b,eb1ea885-3b07-4592-8986-d7c2b3f0c72f,Beauty & Health,5,303.2821392,1516.410696,23/03/2023,e1209048-bd43-40dc-97ba-fbcb3a02aedd,PayPal,Cancelled
c2f005f8-c4a6-438f-a446-6623b6eecccb,3d4fe896-d98c-4453-81ab-0c2cac0d2884,Beauty & Health,4,451.3516227,1805.406491,21/05/2023,963dc69c-54f1-4f59-8332-d98af9eaa3fa,Credit Card,Pending
96994890-7ac6-46f3-b7d5-a38890894603,bcb84e71-8438-458f-8ad0-535139b32c88,Home & Kitchen,3,194.3563588,583.0690763,10/08/2023,afd5efea-6c80-487a-82dd-2c349ef4c2d1,Gift Card,Cancelled
ec94b857-bffe-4c29-aedc-72c11de51c3e,9ef4629e-e262-46ff-ac8f-834f7c60b2d3,Electronics,4,178.2545844,713.0183376,07/08/2023,90f3e33a-8474-4349-bb35-fca70f7a2a95,PayPal,Refunded
717263e6-c7d4-4aee-9b67-e2701f185e9e,741351f2-4ff8-4e02-b0ac-220865170580,Home & Kitchen,1,436.1422558,436.1422558,10/01/2023,65123712-9e23-497f-bd55-efdcbf1c20d8,PayPal,Pending
24ea81dd-dcca-4ef0-84bc-32e45ac831de,d8f5a3fd-dfab-4c7f-9a54-cf33439949c7,Books,2,35.85472212,71.70944424,24/10/2023,1355e760-fb81-476c-b40e-4ae5bfdca2d8,Credit Card,Pending
e5245491-cbd4-4771-a2c9-60be9ee1c221,a5faa336-3e79-45c7-9a4f-3691ebd083bb,Books,1,158.9438137,158.9438137,13/03/2023,e94d048a-33ea-4931-b567-56c471e2a259,Credit Card,Refunded
702bea10-85f7-4fdd-a95f-ebbe85f53859,9846f053-35ac-4374-a933-169a5f220084,Clothing,3,40.40163276,121.2048983,27/03/2023,a3edb12f-54fa-4c44-a26b-67db42dd8b96,Gift Card,Refunded
9b734434-c34c-4405-8ba3-3234ee829c6e,bafca484-c938-4a68-8da0-f67fbc53a1b4,Beauty & Health,1,355.7751557,355.7751557,29/12/2023,1c755aa2-47a3-47a0-8991-b2c493e10bb6,Gift Card,Completed
00279dfa-dbe5-4692-b482-9e7f1fce593b,5627df1c-e9b8-4f74-a489-a506c76820b8,Beauty & Health,1,458.3394921,458.3394921,15/01/2023,72fcbaea-8e25-463e-aa39-97ecf561dd51,PayPal,Refunded
dd75d501-4648-40ca-81a8-e8cc3fd80ea0,102bc4d7-72e8-42db-9c6e-04a28f088593,Beauty & Health,4,410.5617976,1642.24719,05/03/2023,bfd66af0-8f14-4e89-857f-199ec72b8e06,Gift Card,Completed
0a6be585-06ce-4470-bd1b-611b5e9af62b,87912241-bbfa-46f1-9cff-704d790ee6cb,Beauty & Health,5,203.9007486,1019.503743,25/03/2023,e9c88d66-14ff-47ab-9db4-067c0721ee65,Gift Card,Pending
78f3db4e-1fa5-4c7b-8e3e-b1f0794b3b05,e26166e9-b91b-4eb1-89e2-05bc08e99783,Clothing,4,426.072847,1704.291388,09/07/2023,605de16c-2590-44f3-b9b7-493ba69a3351,PayPal,Refunded
eafe04ae-6d03-48a9-8d9d-5af7c7b5ed9f,30040478-2280-40b8-8ba5-9166a72e6da4,Clothing,5,356.0419255,1780.209627,14/02/2023,e48c3524-15e1-4959-85ac-5f70966948d6,PayPal,Cancelled
82b26f4b-b73d-4fc0-bb2f-ffde6cbe655c,dc8b9119-ddb9-4df5-b944-122e5a906bee,Electronics,4,290.1623636,1160.649454,14/02/2023,a5d01ddd-6f32-4b67-ab8b-6f3baacf1468,Gift Card,Cancelled
4e1494c3-b612-4216-9f5e-1a6daf9b4060,1f7aa2ba-1cd4-48a3-b91b-99e2cfaf6eb5,Home & Kitchen,2,461.9674219,923.9348437,08/06/2023,ad50b30e-b44f-4517-9a95-9734949a1739,Debit Card,Completed
3eb747f4-13a1-488e-a95f-c6492b760dfe,8282c2ab-6fb3-4dfb-bf22-3a3ea723c8d4,Electronics,4,449.8079821,1799.231928,19/08/2023,d0f9c0aa-9fdb-46c3-a7e2-9b2b5a4fc34b,PayPal,Pending
1eef8a16-d55d-4e67-9e8f-f9c553b0f83f,d522e919-9823-48a1-ac61-938b51954bcc,Sports & Outdoors,1,98.5793887,98.5793887,29/01/2023,1650a496-2e5a-42eb-a40a-48431e5b07d7,Credit Card,Cancelled
52505fd3-28e1-4ef2-bc8e-75a776753066,a32a540b-cb7e-49c3-a070-87487cb807e3,Electronics,4,307.0553416,1228.221366,08/11/2023,edc8353f-e9d8-4f52-b570-9b4b30c80531,Gift Card,Completed
1f4a825c-823b-4c34-8b28-1488c7ddd3cc,d5962ba4-9fb5-4eb3-85a9-a882a29628c9,Beauty & Health,2,318.6951136,637.3902272,26/12/2023,61f581ac-3718-4ddb-9191-5e72d373c94c,Gift Card,Completed
7fae7055-6902-41c8-b060-f88647a687b6,acd77620-de2f-4a84-a272-cab449c022d7,Clothing,3,324.8368516,974.5105547,23/01/2023,71538ac4-5415-46bb-bf3c-10f143ef0aee,Gift Card,Pending
9190fcfe-9aad-4ae7-aee1-f306ad818711,9612ad4c-dd3b-46b8-8ff8-8b67f0646c9a,Electronics,3,27.75016521,83.25049563,25/12/2023,7ad40122-7909-416c-9437-0ffd811077ca,Debit Card,Cancelled
82653b49-3b3a-407d-8166-a7e4982c45bb,307c8217-10ca-4351-9253-561365341ca3,Beauty & Health,3,356.4168808,1069.250642,25/09/2023,2ee3486a-4aca-4abf-868e-1a838c990b99,Debit Card,Cancelled
082d1aee-e9b7-4224-bc49-d7921e062bca,c31b4735-27cd-49e1-a4dd-4f8dab2f0d56,Beauty & Health,1,48.58388822,48.58388822,06/12/2023,a6772a95-900c-482a-be7f-0b70c167c320,Debit Card,Completed
c4587907-0b8f-45f1-8efe-64cf57c2d4cb,83ab0ce4-d9b3-4694-a4bb-93c2d7fdb4be,Clothing,2,494.322024,988.6440481,09/12/2023,ca30bdb5-a97c-4126-b10c-7bff29be5fa4,Gift Card,Refunded
1f54a503-a0a7-4a1a-ae5c-e770cad45cb9,f20ee2c2-deca-43b7-8280-c06052643eb3,Home & Kitchen,5,26.77468801,133.87344,22/05/2023,38c2d9e9-f93f-4f9c-a4cb-203ce5732d77,PayPal,Cancelled
78b578b3-f137-4b8d-b59a-229dd27ee173,e81b1d6a-a2ab-4bb0-89b8-c9f71158b2f6,Books,1,168.2695863,168.2695863,06/10/2023,5adb345e-108a-4532-9bed-374fd5e2468f,Gift Card,Completed
8fe19617-b2fe-43c7-8a53-04c42da168bf,47b3ca5a-543c-414b-991b-58427683ad5d,Electronics,1,488.7176751,488.7176751,07/08/2023,9d445e35-2d94-4b61-8a12-494d5047af5a,Credit Card,Cancelled
d4b300db-69de-42be-89a5-f9943a498cf6,13ef9218-eea3-44e5-bd56-c6da29332d9f,Sports & Outdoors,2,299.4008192,598.8016384,31/03/2023,e554813c-ce42-419c-a799-6359dd43dcdd,Credit Card,Pending
903b932a-eaf2-46f9-95d6-b70c7e912854,fbf20062-b366-4b59-9a98-724f18f3b4c8,Electronics,2,90.08263376,180.1652675,30/04/2023,c3cdca48-57a2-413a-86e3-a5e1fc1bc484,Gift Card,Pending
ec0bb196-ad92-4c59-81ec-b93017a412e1,c59dd42c-aa73-4b54-9254-b3bd9996d664,Clothing,2,38.54521618,77.09043236,16/09/2023,d5a9edd4-23dc-423a-83d1-c6f1b6334f95,PayPal,Refunded
92c39f25-d463-447b-ab02-c30fea1b5f8c,0c87cee7-4439-47c7-86ad-d59455eebc64,Clothing,2,411.5716954,823.1433909,28/01/2023,8d526e0c-3ff6-482b-b63c-77d012cb1c81,Gift Card,Refunded
ed27375e-8a72-4528-ac09-bca4bb3de186,399b39ed-55c9-4780-9e06-5428e03fb72c,Clothing,1,494.817167,494.817167,05/11/2023,13febed9-6499-422c-a944-a9d454156403,Gift Card,Pending
f9e77382-0100-4ede-8cd6-569e5b633467,20176fae-56cd-4caf-bba5-4748913d11b2,Books,3,132.7667856,398.3003569,09/09/2023,ca8c7526-ef2d-4b92-8c7b-78cd12b9b918,PayPal,Completed
9a6b7355-0689-4b43-9303-88c10f380b7a,36a274bf-aee6-49e0-a51d-96a75aa539c8,Sports & Outdoors,5,170.0595052,850.2975259,01/03/2023,767cd275-7298-4bfb-87c7-f2c30f3a04c3,Credit Card,Cancelled
de8a5cd4-bdd5-4005-922b-085b8d66edd4,ccc605c3-4c6f-4491-b959-736ff2b11610,Electronics,3,278.5105744,835.5317233,15/12/2023,d8ef9ae0-85ee-4315-8459-eec2c000fbd1,PayPal,Refunded
b5f29b58-cbe8-46de-893d-263963fea250,9b0f48fc-6d01-43d0-ac14-1ee284f9686e,Home & Kitchen,3,422.5622338,1267.686701,04/12/2023,c8d9db1b-16ea-4bb2-9219-79b47678f247,PayPal,Pending
67de5420-b6dc-4f16-9418-9c50e733bf0c,6d440edd-c90e-4471-b31c-0af91a98b6e8,Books,3,45.86577515,137.5973255,15/06/2023,53b1ef86-5895-45e1-9b1b-60e165b0ae7a,Gift Card,Completed
7be77706-4c42-4678-a8c0-1c633a372581,c80235df-1a18-4ba0-85c0-85e192159fa6,Home & Kitchen,5,211.4126336,1057.063168,25/04/2023,02c95778-0077-4e9c-9805-b8bed32e2035,Gift Card,Refunded
987ae4fb-18a1-4a79-9fb8-92c19a358920,25ca5807-7553-4451-b4ca-e61696960977,Home & Kitchen,5,307.4559901,1537.27995,23/09/2023,2ca3033b-81f8-430f-8eb1-3e27b1e8a00e,Credit Card,Cancelled
f9c47f34-23b9-4324-bcc7-a767877e9978,4aa92fe2-83de-4722-8fcf-246e81047c29,Electronics,1,163.0507376,163.0507376,11/11/2023,4c7df536-be09-41d1-b42d-9f76d3ebeb06,Gift Card,Completed
748d727b-4495-4ca4-9e1c-5d5b61d9cec5,9c21a759-1925-44f9-83eb-02568e072fca,Clothing,3,159.3634796,478.0904389,28/07/2023,dd23c1e7-3063-42fa-b9cb-0d442133fa18,PayPal,Completed
624b26f1-8954-42e9-954c-894a006217f7,b79764de-ced8-4fbf-8398-45e534aa171b,Electronics,4,105.0119365,420.0477458,11/05/2023,e10b7397-f97a-402e-92b7-a8079cb9e3ab,Gift Card,Completed
beb01ec2-d30d-49e7-9a85-aef95f6e1329,ff29c1fd-d6f9-4dda-8102-731c7c7997df,Electronics,5,229.8507354,1149.253677,18/10/2023,2f2d0423-3e61-494d-aaa5-fb58709add26,Debit Card,Cancelled
2f07f4ec-5c3f-49e9-b1a9-9230183cc1f4,0b319d3a-40da-4f63-9e8c-5f6c7639fe77,Beauty & Health,3,167.4918521,502.4755563,09/10/2023,70997cc3-5af5-41e2-8977-bb2bfb2733d7,Debit Card,Refunded
84fa1d5a-3739-426d-a2c8-6323ac5ff6ba,ab81174d-8ffb-4898-b71e-daffe086ea45,Home & Kitchen,1,224.6069917,224.6069917,17/08/2023,5c58c88a-1150-414c-8290-f52917d0b692,Gift Card,Refunded
7e91fec1-5086-4d99-9683-be40a776b2db,87981fc0-9933-4a23-a623-efcf30d157ba,Beauty & Health,5,80.66600451,403.3300225,04/02/2023,fa9d95a4-b69c-4a44-86cd-ba97a2a019c7,Debit Card,Cancelled
90d687f3-4d1b-4400-8cd4-1847a890003b,5798e267-1643-4db7-8c2d-09ae3f0d8b4c,Clothing,4,327.1153322,1308.461329,01/04/2023,f2e7cc3a-2a2a-4a82-918a-d84b0a436b2c,PayPal,Refunded
743a0d03-2f04-472c-861c-4fa0857ab132,6eaa7b98-5444-424f-8fb6-9e0303717552,Electronics,5,258.5223469,1292.611735,09/07/2023,ef8a44de-6cf7-42ab-bcb9-9ef2cc6c6a77,Gift Card,Refunded
5cc14075-341e-41ba-af33-e20694bf36f1,c58d4ca2-a998-4333-88dd-4c5bf8ad3daf,Electronics,5,63.96698497,319.8349248,15/10/2023,3f3e829a-2114-4a7c-8ec7-8846e7361f01,PayPal,Completed
8eb8f721-0530-47ef-b54a-be3a62146592,6ae713bc-8180-4e37-bc48-b07816320b77,Clothing,5,80.89411916,404.4705958,11/02/2023,419db683-9d6f-4099-abc7-388d79b75418,Credit Card,Pending
3b6685b2-ded2-44be-bc5f-772e6a2324a2,80aed9d8-5b15-4970-b54c-504c5684bb7e,Home & Kitchen,2,306.4559256,612.9118511,23/12/2023,0965e1a7-4212-45db-a3c3-bac87e4317ab,Gift Card,Cancelled
3f931b30-2a9e-47b3-abfd-fc8936f73945,72921135-1c78-4914-afb8-3b9b12be6f1f,Electronics,1,234.8309861,234.8309861,24/09/2023,cd64c21c-0da1-45a4-a1a8-d3bcf60d3802,Credit Card,Completed
bfc2c092-f78d-46c7-9ba4-3992e1feef67,accad7b6-650b-47be-9f3c-508e5c9cca2d,Electronics,1,124.8737197,124.8737197,02/06/2023,67bd9b7b-3a99-414c-bb44-f8b7613a1b16,PayPal,Refunded
06465616-940e-4027-9454-0ec444612afe,97d410db-d948-4086-844b-54987e97f667,Electronics,3,479.3179126,1437.953738,16/03/2023,69c889f7-4968-494e-96ea-4af9a5557800,PayPal,Completed
1a8349d5-ead4-41a8-bbca-06bdd004594c,f9806095-b73d-49a1-a76c-02f1416f2dc3,Clothing,1,440.559442,440.559442,12/06/2023,ec3e102a-9ec6-49d6-b162-23335ff3ab7b,Gift Card,Pending
482fe82e-df1e-4c04-98d7-00909ba4a8e2,9f61f281-9ea2-49df-b65a-55138d1802a9,Home & Kitchen,4,411.5419909,1646.167963,07/03/2023,5ccda3c0-5868-4a92-a6e4-7d8faf3e78a5,Debit Card,Refunded
44db6ec5-6451-4d58-bd6a-631a30fe4b49,832cce2b-0f68-4ee5-a4cd-59d626366d06,Clothing,5,369.1094503,1845.547252,11/03/2023,10cec85b-88e9-4c23-81a4-1b2e73743558,Gift Card,Pending
6b9ace1a-4dce-437a-9872-098fa6c73198,6e3c35e2-ad95-4f34-8cee-2e1b1aba9042,Sports & Outdoors,2,198.2265851,396.4531702,07/11/2023,71876154-db2b-45f5-914a-604f25b5dc68,Credit Card,Completed
c11c3689-da2d-4843-9f4f-3e00ea6fcf30,be2880ef-f3ed-4f5b-8e67-8e8320a1ac5e,Clothing,3,398.1683959,1194.505188,10/12/2023,99d607e8-8d03-49ca-a892-344a3c0d8fd7,PayPal,Cancelled
6d232d1a-6e9c-4d8b-b67e-aff5b8e73cc2,dc800353-acb6-47e8-8245-0afb03c1f85e,Electronics,4,339.3031385,1357.212554,08/09/2023,6cb8c6ec-a46e-4cab-9632-a84a978403ce,Debit Card,Pending
57c98abb-a601-4093-bcde-7f7e546f5024,eb292e0b-a084-4459-9740-3fd4cc607440,Beauty & Health,4,426.4317174,1705.72687,19/02/2023,8650a504-0d40-4eef-991d-8f2cd65eda45,Debit Card,Pending
c5560bb5-a8a8-4a23-afa2-9729571ad04d,679c7601-fea9-44b3-8a20-e8d5f10eefca,Beauty & Health,5,367.2112397,1836.056199,24/12/2023,9ce8d147-554f-4979-aa57-aeaf28b047fd,Credit Card,Pending
c3348f70-07d7-4897-8207-d90f7ba322dc,ac334dcd-7ad0-49d0-b76b-2a018fb04953,Home & Kitchen,4,85.08215547,340.3286219,29/09/2023,602722cf-80c7-4b17-9f1f-6cd29e263f7e,Debit Card,Pending
fb69bf6b-6ee8-4cae-9285-8a4bb9b5cc4a,23e57e6d-6b20-4154-93a3-7a35df56920f,Home & Kitchen,3,46.81290965,140.4387289,29/05/2023,644da5e5-f387-4649-8c68-98408f962843,PayPal,Pending
8518b476-2bef-459f-938f-acef54637e30,4f87c528-928c-42f9-bae2-ff923fb069ac,Home & Kitchen,3,293.6574653,880.9723958,24/05/2023,8a010b66-ca88-4e62-8bf9-26041f55973c,Credit Card,Pending
de880841-04e3-4984-a06b-e2d2d87945ef,dccad523-c8b6-4f38-9e66-bb7ab14fd040,Home & Kitchen,3,418.1531478,1254.459443,13/11/2023,795c5a78-93b0-4332-8453-018903fb027b,Gift Card,Cancelled
a5ee7293-be59-4db8-9fe3-585cbcd2fe07,7763ad32-af21-4501-94fe-cd63d73defba,Home & Kitchen,5,131.0748468,655.3742342,04/04/2023,32dc7438-e144-4fc0-b643-390488ff3f6b,Debit Card,Cancelled
1489b328-5c14-402c-900a-f2451c63255d,749da507-63b3-41a1-b61b-77511326c897,Beauty & Health,2,224.6183433,449.2366866,17/06/2023,f605f776-0d4f-414c-946c-7af8a36d2bcc,Debit Card,Pending
655d2571-e044-4308-9798-b2dd7869a688,6802e015-5dd8-441b-b5b4-7967e73e6e2c,Clothing,5,443.34505,2216.72525,09/03/2023,307ff808-0c4a-40be-9472-566979dda9a2,Debit Card,Pending
0a646429-8192-4a25-85fa-7891e6b36dd7,efea82c9-ae16-491f-9515-027e165b4a23,Clothing,3,374.4844884,1123.453465,26/04/2023,db75dff8-9f0d-4712-a870-21986106c4b2,PayPal,Completed
cd7441db-53e7-436a-bf55-701caa29f75d,d8ad7c2b-bc6c-48e3-9662-3ff45d7e9bde,Sports & Outdoors,1,466.1886085,466.1886085,09/08/2023,344f71ad-9598-4c8b-a98f-4ca886a0a7bc,Credit Card,Refunded
0a821b70-ebf2-4fc1-aba6-94099ed16700,68c5646a-a4b1-4b2b-a3e7-b9421522d654,Home & Kitchen,1,357.3580819,357.3580819,21/10/2023,9397f57b-5b88-4b3e-8841-ccec3f0a6ef2,Credit Card,Cancelled
af4a3fd8-4ac0-4dfa-b6d4-02fe6bf425ba,782bd051-c047-415b-bb97-c0034fb1366a,Beauty & Health,5,215.1309743,1075.654872,07/12/2023,0da9e6b6-f4c5-44bf-bb00-3e8a664fc7a8,Debit Card,Cancelled
f71bae60-4d10-4090-8600-344d0763ca40,3947fe00-7694-4454-8d88-747dac2365e8,Clothing,1,83.40940159,83.40940159,22/08/2023,557dbdb1-85a3-4f24-8dbf-6507ae38943c,Credit Card,Refunded
e022cf69-6c8d-417d-b067-1bbe47663675,2921dcde-5e18-45e6-a6bf-a6185c50f84c,Sports & Outdoors,1,185.6093042,185.6093042,30/07/2023,3efb4495-85e9-4144-856c-038769ad08a3,PayPal,Cancelled
b6f8f9d5-9d6e-4da9-8a7a-89db631ece76,0b535174-32ad-4085-80b2-94266c0baf91,Books,3,270.500337,811.501011,03/01/2023,0ebe2d80-55e8-42ce-81e6-f2d5e190b8b4,Debit Card,Pending
ecc2b049-6365-48ce-a2d6-f02c5b0756e1,06d47665-8f99-42eb-8459-66055d31a745,Electronics,5,141.7996877,708.9984384,17/09/2023,f9d9d82b-aae5-4d69-8648-6684f1ecbd61,Debit Card,Completed
e21defa1-09bc-4727-bb81-be8101fb97d9,9e961603-6ba4-4f3a-9f4c-117e7a3a5f51,Beauty & Health,1,283.6378744,283.6378744,17/06/2023,0842f4c0-b103-44a9-b7d2-fbf64859c9a2,Debit Card,Completed
eb050751-3505-4d6d-8445-dc819f4cf7d8,f2ca62b1-589e-420f-9399-73010fcc7ad2,Electronics,4,32.79338666,131.1735466,22/03/2023,abfd62bb-c209-48f2-b98d-42d123162dee,Credit Card,Completed
aa15aaf4-8b7d-4aad-9f44-72e6298c0fdd,80647b4d-9781-47d9-b56e-ffc51e30108f,Electronics,4,385.0087521,1540.035009,10/01/2023,e0f9cf04-5f57-4278-9547-8da1d839cab3,Debit Card,Completed
ffe2080b-63e2-408a-aeed-99993bfdc742,bb7ffe4f-a805-4a61-848a-31fb0054c87c,Sports & Outdoors,2,34.58994957,69.17989915,03/02/2023,5271632c-6050-4ff4-80c5-d7bb989a7c70,PayPal,Refunded
a644ce27-e4a6-46de-8c34-89f8851401e7,642c41f9-c202-416d-8c51-ac94fcfece39,Sports & Outdoors,2,103.895606,207.791212,24/05/2023,73680cf8-cabc-49b6-9e22-d888bcd69e62,Credit Card,Refunded
72c95d6e-5b87-4fda-a619-b6e39d4079d4,69ba6458-c96d-43ac-9634-9d35b20f60c8,Sports & Outdoors,1,219.7846251,219.7846251,05/09/2023,76d7e179-4c7a-4d44-81a1-94abea39813b,Debit Card,Refunded
2f55c2c4-7554-4bae-8663-6026234defc5,ce065a6b-6eaa-4666-ae24-e02abf51876a,Books,2,406.0498105,812.0996209,02/10/2023,c2ba0a89-1d15-4a30-ae39-df02a2cde182,Debit Card,Pending
cdfc08d2-db85-433f-921c-2ef40267650d,b3f09d22-a631-4088-92f7-7826b911837e,Clothing,2,423.0600265,846.120053,25/03/2023,e871c275-bf2b-4967-849d-1fdc9b98c752,PayPal,Completed
9c751298-2fbd-4e69-8e98-09f13dd89e92,5264be42-91f5-4ddc-b0d6-9f905e6a4036,Sports & Outdoors,1,369.7034523,369.7034523,19/01/2023,cb437693-ce3f-413c-9dba-cb5886cb7d76,PayPal,Refunded
76416990-7284-47d9-a6e0-05297a26afaf,12e4e34f-1502-4a99-b764-27d1162e60c9,Beauty & Health,3,96.77329556,290.3198867,13/10/2023,8255cc90-dbbc-4eb5-a1ee-b79a73d01cb4,PayPal,Refunded
c85c955c-5d9a-4c1b-a326-bd8b7e433f10,76f789c4-3a4a-4e58-a256-83b034d7320c,Books,3,234.6402899,703.9208698,19/09/2023,b32d5e99-02a7-4c21-9d95-13cd52b75088,PayPal,Completed
5a7e108d-0574-44c6-b37b-82c63406a08c,7fbbdd16-fb79-4c2b-996d-5b584ade3b13,Clothing,4,438.8517757,1755.407103,20/12/2023,e426e511-b840-4749-bee9-02c047a355f6,Credit Card,Pending
bc0616d1-4170-4be5-b6f1-cdd237696dfa,4d5577f7-0341-4cff-a6b4-740f8611b0a9,Beauty & Health,5,91.83451604,459.1725802,02/09/2023,92572ffe-0843-45cb-9d29-99a7625d618a,Debit Card,Pending
8c97d2d0-a0b1-4c87-bca4-387c539c6419,78d9243c-52ad-4f0a-830c-fa4f3e319aa5,Electronics,3,401.0094436,1203.028331,27/06/2023,e6805374-0218-41d1-af48-43f68be4f749,Credit Card,Pending
68bedcd4-7aa9-4b42-ad6e-d1749050c2f4,89a2bbe4-83e2-454e-8aaa-b003c042f531,Clothing,2,105.3253198,210.6506395,19/05/2023,1944ff19-a3b7-4665-a89f-484097bc1492,Debit Card,Pending
66fae1bb-86dc-44f4-b1df-1c6a8a212f2b,ea14691d-c7fc-408f-958d-148367cceeba,Electronics,2,349.1120286,698.2240572,21/11/2023,1029a4d8-f23d-46f6-acf7-8fc93b0849f8,Credit Card,Pending
879befe6-b84a-4bcb-aa3a-e58e3b60b67a,21e8f9b0-0324-4e02-8de9-c2170dac03d4,Electronics,3,180.8094934,542.4284803,15/08/2023,c35dd89f-995e-489f-bcca-ac3417e5d9f0,PayPal,Cancelled
1d3d67fc-8ce9-4666-ae7c-9bb690898202,2b6daa8b-a9a8-4b11-94c2-142c5ba6f64d,Clothing,1,114.6391661,114.6391661,24/12/2023,b94d514e-241a-48dd-a07a-84c9dda8697e,Credit Card,Pending
c5392cfb-82e2-4d17-9389-220642f3f6c1,55278215-b813-4baf-b8c4-989f78f3b1c1,Clothing,3,21.77974987,65.33924962,23/11/2023,e0470820-41a4-4f06-b9e2-3fc71214eaa8,Debit Card,Pending
13c0351d-37eb-4dee-87c5-46e1f9d3f79d,8d472d9f-89ea-4103-9dba-de8e747f1c2e,Clothing,2,99.7651617,199.5303234,08/05/2023,3a1cd28f-aef6-42ea-be30-2ca0bf83fa64,Debit Card,Refunded
1f5867f9-18fb-4715-a8f0-32ccd89e7647,e988ab77-c4d2-4ced-9cdc-24e848fe5a72,Sports & Outdoors,4,325.0750307,1300.300123,26/03/2023,f79b0897-78c1-4335-b637-f6cc6ec8db92,PayPal,Refunded
d7ffe17b-c7af-41f9-9b01-ec9109682e54,db28c6e0-c7b8-413a-a7d4-3b56fbccbd36,Books,4,155.6861634,622.7446534,28/10/2023,9c7e6add-3cc5-45c3-89c2-37d92128ceee,PayPal,Refunded
fe8d2c8d-3af9-4542-9bd4-6cf8d7a0a119,55b73a8d-96fe-49b6-8cfd-083932820b0e,Sports & Outdoors,2,403.2016923,806.4033846,03/07/2023,4b291b4e-e7bc-4988-8c63-48fa391bb96b,Credit Card,Cancelled
8906e6cc-e62d-44df-97b9-e44e77671349,21634e20-1847-450a-b3d9-4cf10d2412ff,Clothing,5,388.3717012,1941.858506,15/10/2023,540510ce-4048-43da-aa9d-51ab138e6bd8,PayPal,Pending
db67b466-f4c4-476a-9767-1773b98375f8,ca651156-56c5-4b0c-82fa-e3a25472a291,Electronics,4,336.1740843,1344.696337,09/08/2023,2009adc8-b99f-4d90-a115-757efc58daa2,Debit Card,Completed
bdc31028-b383-4dcd-954a-d7e5235d2c7c,37adb94e-9418-499c-8b90-08fb4b524f71,Sports & Outdoors,3,446.4398193,1339.319458,12/03/2023,dfa0f400-3245-4ac9-a376-bf8efce3f3e1,Debit Card,Pending
9ee0d35a-7417-4c8b-9efa-1ca330080583,97b606d9-8788-47fd-b44f-0b925da1b3c0,Beauty & Health,1,160.4354557,160.4354557,19/06/2023,950c4e62-69e2-4bf3-8e6d-221937063b51,Debit Card,Cancelled
3fc1a310-6066-42ad-9edf-3beaa814732f,5fd21e9c-631d-4817-bdc7-5cae16df30bb,Electronics,4,183.4006484,733.6025937,22/05/2023,47f291e0-571f-4087-ab29-370cbbf67531,Gift Card,Cancelled
0da7e24a-f804-454b-891a-52accaec5f82,cc77eeb7-5fd8-465e-bdb3-e6df08a1e265,Sports & Outdoors,1,413.2147545,413.2147545,05/02/2023,23426fb6-a827-4bc7-9617-7d55b3ce313a,Credit Card,Refunded
854131ec-fc92-4295-ad58-65acfc8f42cf,36859607-bb97-4def-a195-c318ccaae51a,Clothing,1,233.9835133,233.9835133,02/12/2023,3caec563-a9a9-44ea-aba8-35d849619ccc,Gift Card,Refunded
fd335fdf-20c2-4a70-bab6-db5e8e2ed2c8,2ae43f92-1d27-4b5d-bdd7-877b1bfb56ff,Home & Kitchen,5,52.0271439,260.1357195,14/05/2023,3e54c4c7-f593-428c-a0d9-42629459eabe,Debit Card,Cancelled
5df2b4d4-ef9d-410e-9ec6-f267afd6fdbb,37c4216e-4cc1-48e2-861d-ebbeb37c0d06,Books,1,96.45155042,96.45155042,18/08/2023,abfa2b1d-d782-40bf-a8be-d3f133a0ce66,PayPal,Completed
926a168c-4e40-4052-90ee-c0d41b737280,10808f1b-8ed4-47c9-b1e4-44f95bf1bae0,Home & Kitchen,1,12.18653307,12.18653307,03/11/2023,a120a9f4-20cc-413d-b6ef-05fae26077f2,Debit Card,Cancelled
947f2f85-e8de-4b62-82ad-aa278c27010f,ea302bd2-3785-4a9f-990c-7225f27f1c3b,Beauty & Health,4,409.7487072,1638.994829,03/05/2023,a62164df-859d-48e8-b5e4-d634a08281b9,Credit Card,Pending
c0f8c7e9-10a7-4385-a9a3-c53dcc9fafc6,040ca9a7-fc9f-4f0f-b993-257f6de5af2c,Sports & Outdoors,2,274.8054722,549.6109443,20/11/2023,f39a4b1b-8f37-4d7e-81b6-1ccc5a35b51a,PayPal,Refunded
3a17acdf-2ed2-4f19-960c-581316dddad3,3293068d-0c5c-48fd-baef-e705d94adb3d,Sports & Outdoors,1,185.9481419,185.9481419,09/02/2023,5cdc9312-c669-4f9a-b391-1933bb3e19bc,Credit Card,Cancelled
c3b1f9cc-01b3-40e6-a53a-691fd0b81f6e,d859cfe3-fcc8-4111-b2e2-7c0f03fd518d,Books,3,176.9756045,530.9268136,20/03/2023,8a3282a2-f214-45e6-8f67-6c97752a8249,Debit Card,Refunded
8dc3615b-e133-422e-a7d3-d86a57419673,797f3480-0386-449d-97fd-57af9e0a8b48,Beauty & Health,1,36.06600321,36.06600321,15/01/2023,c0fff44c-c6a7-4d7b-bf2c-ccb7ece2c24d,Gift Card,Cancelled
b908091e-32ef-4487-9815-6dd299ddae92,0ab3bb7b-0190-40e0-905d-4fa004438f97,Clothing,2,350.8293794,701.6587588,25/12/2023,183dbbfb-f6fa-4704-84af-f528ec623919,Gift Card,Pending
473e7aa2-fdf8-49c9-b18f-b3fa9c033fbf,53f5d1a0-04db-4b07-85d0-bb005acae031,Books,4,243.2572235,973.0288939,02/08/2023,efff2700-c5e0-497a-8697-8ac09ab75b11,PayPal,Pending
57129981-754e-4baf-bbf6-c2f82b29f0b6,5ce384d7-3de1-4a1a-974c-7ecd64254d1b,Clothing,3,304.7506848,914.2520545,06/01/2023,6f2d8b63-a491-4f31-beff-6e6bd4d958d8,Gift Card,Pending
4133c798-ad4f-48c0-8e03-b5a2f5194cd0,83eb4c7d-2fd6-44e0-a9fb-ec1a073d7be7,Beauty & Health,2,481.6791885,963.3583769,30/05/2023,6dc7b583-0b3c-46cc-82a5-620f9bf7e255,PayPal,Pending
e5df8e27-0e22-4c80-8090-d3edf5ca6378,336d87ab-af98-4cc7-9b35-d83011b42988,Clothing,1,66.77374534,66.77374534,29/06/2023,34767b05-99cf-4e4e-8022-af0ff8d11a09,Credit Card,Cancelled
8c15e7b9-b38a-49ce-9b77-b0034b48d26c,1924b81e-a7cb-4277-9728-3b814670f805,Beauty & Health,1,134.4034553,134.4034553,19/12/2023,71577b4a-b3db-46f7-861b-baa74da13aa9,PayPal,Pending
73c0abcf-a1d5-4875-bed0-0bf9a14cafd3,78297523-8331-4179-ab78-76c053d124ff,Electronics,1,263.6108498,263.6108498,04/10/2023,34d46ad6-26ae-42d8-a4e7-0b49ace21de0,Credit Card,Completed
719cfecf-2333-44ed-8a9f-49697e6aeb23,f6734d06-136d-47a6-a7ba-300da3fd3a48,Sports & Outdoors,1,24.14645686,24.14645686,23/08/2023,b359f8a6-ec53-46a3-b982-57143a5284b3,Gift Card,Refunded
69f303fe-073e-45c7-ae2a-26e0179e7eca,9aef01ef-5469-42d6-93b3-21b6b8673c92,Electronics,3,149.3841365,448.1524094,30/04/2023,f3daeae5-5463-4d02-9efc-11116b911015,PayPal,Cancelled
6997dc22-3555-43ba-a32e-aca47bb5c42b,fb9835bb-e884-4466-a9bc-4eab4cbb3c6e,Books,4,201.4252143,805.7008573,16/07/2023,372724a0-fa0c-4b42-9b99-4f26c4df5142,Debit Card,Cancelled
95196c06-f282-4906-82a8-ccb877791082,272bb407-ef82-4c2e-806c-c6e048836a5b,Sports & Outdoors,5,184.8084592,924.0422962,26/09/2023,c72cba5e-29d4-4883-835c-0538d7ef99fd,Debit Card,Refunded
d7ed4656-471d-47ed-af74-c47bb9f3ccd5,0220a30d-c4ae-4f82-b423-602c44d8ee6a,Sports & Outdoors,4,418.2388934,1672.955574,12/10/2023,5bcda7a5-bf74-4c93-969d-f299265a57ac,PayPal,Completed
9bbdd9bf-4de6-4224-9963-4001d2df00ca,e7eb5a55-46cd-4cfc-a263-299441aca0d7,Home & Kitchen,1,277.1566341,277.1566341,14/01/2023,2160d414-e17e-476b-8773-5a5956c48439,Gift Card,Pending
84cea022-a62a-4729-a68f-97aa181baae5,506d8a35-26ce-4d60-8a8e-0a50d784ba28,Books,3,138.6714727,416.0144181,10/02/2023,d48c407f-9ce1-40ea-98a2-10ce6301b3c3,PayPal,Completed
66974c2e-1608-4d0b-9218-477743ca8747,cf3ecfc5-e615-4cc1-a523-d81f4414aa3c,Home & Kitchen,2,71.47985423,142.9597085,26/04/2023,4359c4f2-b28c-4e9c-b901-4eb23862739d,PayPal,Cancelled
7a9e2b6b-cd44-4e4e-9034-fab74f188b12,5ff91b75-023c-42a3-9e78-d5a21e2efea3,Sports & Outdoors,4,306.9116914,1227.646766,15/12/2023,caf957cc-ac77-49c2-958a-8ea05b16a0bd,Debit Card,Pending
0e9d50c0-58b6-4d46-a332-2cd894e327f3,65aa084e-9ebe-452c-ba17-057a729db9d6,Books,3,131.8703654,395.6110962,01/07/2023,fa51bc4a-7b43-48a1-bff4-8722e9332aaa,Debit Card,Refunded
f262e4d7-a43b-425e-a5ac-d1587db363e5,9c2755e8-9662-4025-a3e2-0eebc50355db,Books,2,289.1601938,578.3203876,19/09/2023,b4244332-992e-41bd-a804-5892bd45db5a,PayPal,Completed
371b4d46-27a4-4599-8300-5dd0e1594cbb,c77ce5c1-0307-4ae7-9326-5103a05020cd,Beauty & Health,4,321.6244345,1286.497738,02/10/2023,3ec15c5e-9594-44ce-9cdf-8229751024f1,Debit Card,Completed
c28e28c1-bd41-4de2-bcf2-975de42ae42f,5ae6516b-5d26-494c-a8e4-f2cf66590a7d,Sports & Outdoors,3,317.6061285,952.8183855,11/01/2023,de474c6c-8a42-454b-9c39-be19123f0a2d,PayPal,Pending
f7aae7ff-4c25-4de5-bba1-8aabe95b5090,936004f5-531c-4def-893d-1f988a0750ad,Books,4,194.3599156,777.4396625,25/04/2023,55bf38d9-0571-4970-b96d-35a30c1d9e6d,Debit Card,Refunded
6e5c00d1-dec7-4f62-8856-06cfb4a6d8d5,498fb71e-2446-4791-b36d-8172cfc1f263,Clothing,5,37.56609739,187.830487,22/06/2023,45e4511d-e1a8-49ff-a2a5-f4aa574822f2,Credit Card,Cancelled
5fa92f14-9ab7-4fb2-ad6f-a6c28c1895cf,7bae9068-6997-474f-9d3e-64cac4860a9e,Beauty & Health,2,182.0279059,364.0558118,10/08/2023,65305655-80a6-4c3a-b1ef-fde1ad10d730,Credit Card,Pending
e97b759a-2a70-4285-a4f1-9ac1dcc6c6f0,a3a6c9bd-cb5a-47dd-a700-90043f85fc18,Books,1,39.29594997,39.29594997,13/03/2023,78d96ec8-07e8-45e9-83c0-dd29585fa6a0,Gift Card,Cancelled
d91af94a-1a43-4149-bdf0-0aaea50c85bc,c9e445a3-b8e3-4613-a906-41218e27c459,Home & Kitchen,3,398.6644944,1195.993483,23/11/2023,fc537a5b-bb9d-4451-ad1a-8f03ea7ec6a3,Credit Card,Refunded
249291b4-75a4-4896-bd9c-942399cbe933,dce6a66e-b2ef-4fa7-9c0f-67c5571b7ad0,Electronics,3,198.225202,594.6756061,21/12/2023,57518c34-adee-43dd-b827-58dfefdddbba,Credit Card,Refunded
3f5b69fe-df21-4d88-a185-f5dcce015cb0,9ee4a119-4bb9-48a5-b809-3fe172826b12,Electronics,3,433.2063685,1299.619106,01/07/2023,c4aa9ab1-7f3f-4383-b529-7299db826ceb,Debit Card,Completed
38d06b22-0825-4e31-8a2e-3416cdf2adb5,59671a70-fec9-4563-bb8a-51f75b3e6fd3,Beauty & Health,2,436.7048502,873.4097005,13/07/2023,a19db9d1-83b5-4694-9dbd-67578c4b38ae,PayPal,Refunded
4a3a371e-1714-4c3f-9bb6-07bf00ed15ca,1183d4a2-cdda-45ed-9fb0-3ef033611908,Clothing,4,289.3598228,1157.439291,20/02/2023,bf9439e1-58bf-43e2-b06d-969e46882dd8,PayPal,Refunded
5b4d654c-9550-441f-869c-7660c8d27368,fd3ffc54-4c92-466c-9bd7-80ca650dd201,Clothing,1,264.6553885,264.6553885,09/04/2023,978e66d2-21f3-4249-8dcc-40f93ebacd3b,Gift Card,Cancelled
9063d6db-fd0d-4ea7-8823-47c7154c303c,d4157032-2794-4205-a0c9-ec7735fed1ad,Home & Kitchen,3,207.3593069,622.0779207,13/01/2023,56b3fac1-bd51-4a26-9ee6-16da048e1357,PayPal,Pending
19693afd-9e57-445c-8e20-983250650214,95904baf-dde6-45b7-83fa-2485a318910d,Home & Kitchen,3,478.9104456,1436.731337,06/11/2023,38c76cac-e85e-49dc-9caf-14327c892f0c,Credit Card,Cancelled
0f7206ab-69ea-4db8-83b8-a95a49e5f34b,b128d91f-d25b-4416-9d17-69835ebd7d8b,Books,2,381.3831933,762.7663866,14/08/2023,c5b91a6f-7b33-4fc8-8370-2979b321a278,Debit Card,Cancelled
89bf758e-b4c9-4c46-b1df-9cbdc471402c,bfbd0ce1-fef9-401a-9374-d465aa7cf738,Beauty & Health,3,101.1722541,303.5167622,10/02/2023,fec79f55-f5fa-4217-a9bf-9c7281181822,PayPal,Pending
cf450ad6-787b-4205-a8f9-cf7413e52772,52dd1f96-3397-48ed-8cdb-7bb6c2ec43e1,Home & Kitchen,4,409.1439381,1636.575752,05/06/2023,8a1c37cb-eb3f-4c0c-85ab-893ed6330bae,PayPal,Completed
dee55723-70eb-441f-b685-42431b94db99,07398e33-934e-4562-83d8-a2563402ca27,Home & Kitchen,5,37.42623024,187.1311512,24/04/2023,486738a8-301b-4df0-85f0-d3bdac22240a,PayPal,Pending
112cdfce-ef6d-4383-b9d7-0892f9d22f48,b4eebeaf-c046-4d00-ac28-9dba75dfe767,Beauty & Health,1,200.175384,200.175384,19/09/2023,a2c32a5c-a283-4359-8f0e-e08f014052fb,Gift Card,Refunded
ef208303-f701-4e46-882a-509996430519,c711532c-20c6-465a-a5e8-c611ee83c7a9,Books,1,462.4324676,462.4324676,17/04/2023,1c4513f8-28aa-4ae3-9688-45edc6158d54,Gift Card,Cancelled
1d76db79-d56f-44ef-aee2-0dae59b927da,121e15ff-a522-4bf4-a77b-ddc550b3051d,Home & Kitchen,1,34.09097058,34.09097058,07/07/2023,0e02269a-c784-4d30-b958-25b651fd5735,Credit Card,Completed
da1d2339-d9c5-47c8-84ea-1349354610c0,28fa6578-17bf-46d0-8b46-c1346ca22e30,Beauty & Health,3,464.9750598,1394.925179,25/10/2023,251f6d72-2ff0-4af7-b2e8-1ef3772a315b,Gift Card,Pending
8496cfab-3564-44ee-b8ba-caf36d23aa15,6be0c7d9-ebd1-4313-9440-58165075fffd,Books,2,140.495092,280.990184,05/02/2023,13d70360-7760-406c-941e-59de0eeb2ff8,Gift Card,Pending
4dff260f-bdcc-4cb4-96ac-39a72108f3fc,f1d749ae-6ac5-4886-b3ba-50e585bf7b8c,Clothing,3,168.3035142,504.9105426,19/01/2023,6829645e-6bfb-45a0-9eb9-c11dfb002839,Debit Card,Pending
5063f3ce-eadf-486b-959f-1d123b034081,a81ac415-4ec8-41fa-999e-dbb84c98ffb2,Books,1,278.7790374,278.7790374,22/10/2023,7ce07431-b136-43c9-9f95-6fd8cc6d56aa,Credit Card,Cancelled
b8ceaefb-1c8f-4d71-b12b-6c42ada5d80f,3746c6ee-e6f5-4a34-9ff0-96d24ce3e0a6,Beauty & Health,3,235.0442037,705.132611,16/09/2023,51a30601-8721-44ea-b873-63eae7172bd0,PayPal,Refunded
1e6ee0cd-d0f7-4824-91e2-cdee071b9cbb,eb6c800b-f5cc-4e71-9674-28c25b0fb382,Electronics,3,490.5271451,1471.581435,09/04/2023,6d8cdbbd-a20d-404a-bdad-78394f5cdd2b,PayPal,Cancelled
718ffa34-ba32-4170-9d62-8d653523f79e,398cc1e6-0e69-46b5-b030-e2678629d135,Sports & Outdoors,2,132.5958641,265.1917282,21/10/2023,3b49ea7c-0728-4729-9ba4-40836cb97592,Debit Card,Refunded
a8e1802a-11b7-48b9-9965-d300821f80e4,d7215141-7159-4922-9d39-4fe88dcdad6f,Beauty & Health,1,231.9687332,231.9687332,15/12/2023,0f3786bf-ba8f-4782-aeb0-c0d222cf29a2,PayPal,Cancelled
c7e79d7b-3b6c-4fcf-92e6-c8a9c1fbf56a,12d0fd0b-0dde-4e9a-b075-acb9c46f1bb4,Clothing,3,308.6173618,925.8520854,11/11/2023,0e884187-53cb-419d-8995-2fe63b234de2,Credit Card,Refunded
42c23498-b3f3-4401-8b35-f4194beacfd7,28ed5ca5-2322-4681-be75-c2c165c84e00,Books,4,21.36932365,85.47729459,18/10/2023,b011afd9-cbfe-4770-8631-ad692f2aab19,Gift Card,Completed
072f0727-cb8c-458d-9b7a-c965a50b1645,0652a1d0-cbce-4a90-aa47-194d38eea668,Electronics,3,283.7622373,851.2867119,05/11/2023,e1acbe8f-2dec-4f44-894f-a021b743e398,Debit Card,Cancelled
f52da5f0-7114-493b-b7c1-53b5f2a65632,27ee1694-48ab-4d5b-907f-dc49d8e1da91,Beauty & Health,2,315.8266071,631.6532141,02/03/2023,3a92b3ce-f237-4787-b50e-baf958c7fb0f,Debit Card,Refunded
876a2d1b-8e53-4f36-ba16-b9bf699c1e9c,1c685d19-8c78-46e4-911d-33f909621cff,Electronics,3,131.6807423,395.0422268,22/04/2023,4094bc27-ea22-4f70-80b6-0bc080d30d2f,Gift Card,Refunded
699e0143-f03e-4d40-a221-70e22535ace5,67b900ca-b1b4-4301-92b7-0702e52511ea,Sports & Outdoors,2,481.3640403,962.7280806,16/12/2023,b5945a38-c2ce-43ad-aede-f84a669fb832,Gift Card,Pending
89c6ffe3-5951-43a5-a66d-ee52f527a6c6,f0cfd1cf-d102-488f-84eb-b923f3140c7f,Sports & Outdoors,1,146.6472447,146.6472447,01/07/2023,e0a0d023-f40c-4bf0-8abd-08ede8530eb2,Gift Card,Completed
97444c7f-f8d7-49cd-90e1-a263b342e939,08ba1712-ba1e-4404-8149-0e9b4121c2e7,Sports & Outdoors,5,377.6522573,1888.261287,29/04/2023,d7a42cd7-5776-4a71-8ac9-60476b223de3,PayPal,Pending
17cc9fbe-67a7-49cf-a091-783cba36fbfb,9e33bf73-eae8-4ead-8f95-5977e0fbb9f5,Books,3,237.4402132,712.3206397,20/04/2023,ac742411-6a61-46c4-94da-7147d5aa93bc,Debit Card,Pending
6aed7c49-54fc-4715-ac05-924a497a7169,e7603a57-6081-4370-bd9d-0f95b7f2fde0,Beauty & Health,4,214.9558219,859.8232878,15/06/2023,6b5866bd-b47d-43b3-8545-dd8f3f6249d4,PayPal,Pending
8d9d02da-a5e6-4f4a-af23-69ea678cf11a,bc987d85-1afb-4d2d-8b74-ace3a0b5e3d3,Home & Kitchen,2,475.4966736,950.9933472,08/01/2023,c6f00fed-9c64-444c-ad7c-5f879de79949,Gift Card,Cancelled
da1abb5b-1c80-44c1-aeb0-5f5ce0931131,64ef1ac6-68e4-48ab-b012-0aa136a5ddc3,Clothing,3,243.3416829,730.0250487,18/01/2023,711d0e4f-7292-46e9-9251-dce6cf8859da,PayPal,Cancelled
fe7185ae-0acf-4020-bf5f-b830b01e34bd,3aa69b71-0d3d-42a3-8e62-0e818ae8eec4,Books,1,14.77989566,14.77989566,01/07/2023,d1449b39-bcd0-4bd0-a8ae-fc846bdfdadd,Debit Card,Pending
e1f33e53-606b-4462-aaeb-73791fecb08b,ad7971d6-33ba-4ad6-b9d0-16a5dda7ad4f,Electronics,3,397.5557012,1192.667104,22/10/2023,4c9a8184-d320-4555-8534-069e9fbec38b,Gift Card,Pending
b7d8d38b-47d6-4189-b51e-a92c546e8bd0,a98fc2a8-f9c9-408f-b6d1-991fbcfe34cb,Home & Kitchen,5,446.1841439,2230.920719,02/01/2023,2e1e2b4f-40e9-47c7-bd18-ba62757b9183,Debit Card,Cancelled
fa644dfa-77c7-4cd0-b5b0-c9241796e22d,9203e116-eec7-4a61-804a-5cb5d50d3699,Clothing,3,203.7086225,611.1258676,25/01/2023,3ee5be99-f8ad-4981-8486-b0f80123fbc0,Gift Card,Pending
1f54883a-f536-4fc4-bd11-c0c80e8c112f,d8a7db48-967d-4fcd-b0ae-2574e761165c,Sports & Outdoors,5,450.1002306,2250.501153,23/02/2023,0cd95e9e-c998-4ada-a951-5ff32096e168,PayPal,Pending
c47561b5-b4f0-458a-bc6c-6d09d65718c4,e5cb7f0a-0917-409e-b4fb-da3fe217e221,Electronics,2,42.76385959,85.52771918,09/03/2023,254fb2c8-65c2-42f8-8f10-57bd41a68281,Debit Card,Completed
65925595-5f3a-4914-bbe7-10f56d98097b,ba35badd-e874-4803-857d-97cb5a0fabd5,Books,3,371.975516,1115.926548,28/03/2023,3a0c1844-5364-4e05-8e9b-bdee22872c65,PayPal,Completed
cd532827-165c-4310-90fd-d466d3d69d5d,d8a10a80-1222-46fb-99f5-3032e09ed0a1,Sports & Outdoors,4,31.05412917,124.2165167,27/10/2023,3379a899-5782-419e-b24f-006a89e65e4a,PayPal,Pending
affa9d51-f5ab-47ed-9c99-29dd66699493,8005c7ee-4573-4147-b82d-905442e34cb3,Clothing,5,403.9561979,2019.78099,08/12/2023,980d5de8-49ae-4ac6-bd8f-1b0abb26b74d,Debit Card,Pending
d80be5e0-85bf-42b9-8825-18122a66ca28,61bcb29d-5206-4557-8961-e3bad2340227,Beauty & Health,5,259.3873292,1296.936646,22/10/2023,7c5a1ec0-97d1-47ff-94e1-7e7f99fae5a3,PayPal,Pending
f5946741-bc60-4f0d-a200-611ff17102c0,880515fa-a84d-444c-96a8-680c3952c9cb,Sports & Outdoors,5,333.235035,1666.175175,13/06/2023,f09e4ea3-f9c6-48c6-a5da-914e427882ad,Gift Card,Completed
536c1a50-60d0-41fc-b908-7591fc1f27fc,bfeb8632-0334-4008-bfa7-0bc9c4f1a9ae,Books,5,18.14854831,90.74274156,27/02/2023,e0839a5a-269d-45d2-9080-91cdc4a35883,Gift Card,Refunded
c7fe1d20-b88c-44ff-b4da-f9a03d7dde0c,bf7a219a-f12e-4206-89ac-6345c8158d18,Clothing,2,275.1849693,550.3699385,09/02/2023,28fec01a-2d08-4ca1-9ab4-e7d7c3b57a5b,PayPal,Refunded
6a8e9a0f-61b4-4db5-aa78-c919235af0b7,bfa85830-a666-4d33-a339-7ddcc485875a,Beauty & Health,5,78.83203564,394.1601782,14/11/2023,f5032a1e-7088-4f72-acb7-10c801a21e9f,Debit Card,Refunded
6e0ab86d-dc21-4285-8f62-dc89de3e8739,801981f4-3457-429e-9838-6684d7f59da0,Home & Kitchen,5,205.1814332,1025.907166,24/06/2023,2d32951e-c0d8-4573-93af-2ecd89f9be4a,PayPal,Completed
47c8156f-686f-41a9-9b1b-3fafb5a0e7fc,6a8a0a07-8fb1-49db-8b76-3d9648b3203c,Clothing,3,275.6623163,826.9869488,28/05/2023,2a16945b-2cea-47fa-a6e4-0f2cd4e1c504,Credit Card,Refunded
4a246729-5b64-4380-bb7d-61f0abe7d245,a41f6fd9-0106-4664-b2d4-e5a0f30629d1,Beauty & Health,3,279.9130577,839.7391731,23/08/2023,98da5039-c651-4800-b9cd-ce1692b3eade,Gift Card,Cancelled
feb5a6f2-ad34-493f-a1c4-9ca775af3120,e567f477-6806-47cf-bad7-2cba75fa03b9,Books,4,260.0871407,1040.348563,18/12/2023,7d4b74ee-5510-4872-87ed-1a754fd7f106,Debit Card,Cancelled
da60c1b0-5dcd-42e6-822f-4c552aca87a9,fe4794cf-3369-424c-a799-9ab3a16b6255,Sports & Outdoors,3,162.8931137,488.6793411,13/09/2023,109f324c-4930-41fd-8839-78d917308e1c,Credit Card,Cancelled
e3d2769a-d2d3-40db-96e2-77421c15ee35,54dcd8d8-76cc-433b-ba8b-aaabc206d5a9,Home & Kitchen,5,397.6597495,1988.298748,09/01/2023,779ff5b3-b140-477c-a86b-0491ebdbc239,Gift Card,Completed
f5300bad-6951-4e39-91c8-1f5f5f59781b,43bbc11d-68cf-4ba6-8bd8-9de6139a46fd,Sports & Outdoors,2,20.56990681,41.13981361,17/01/2023,43a38dd2-5796-4755-b641-3e38ddfeacb0,Credit Card,Completed
8972c740-94ee-48c7-bb02-eec1f909f600,e8ee6112-9111-4127-ac57-472c81913008,Beauty & Health,1,255.6002989,255.6002989,09/10/2023,e2f57f92-f6dd-477d-9617-61de032541ef,Debit Card,Completed
67667a6b-5328-4eef-9007-b5457d8f8908,deeba838-e2ef-4d29-ad0e-e8373754a7ad,Beauty & Health,1,24.61766134,24.61766134,15/09/2023,32737d67-b839-47bf-897c-e0e63808fe9e,Credit Card,Completed
19cfa657-3b2a-4dcd-9806-f8333af91a15,6f54e6a2-7d77-482e-b3ad-8b4962e3f285,Books,4,14.72235477,58.8894191,10/02/2023,a87cad08-1523-4616-87f3-9a3039f233aa,Debit Card,Completed
f94e3d9b-83a2-47d3-bdfc-b324012a6305,f4a33e57-d1ee-40ef-b50d-f77feedac24a,Sports & Outdoors,2,236.7846569,473.5693139,06/04/2023,da814ded-d90e-4c9f-97aa-620ebb4c6a2f,Debit Card,Completed
97ddf1fa-1efe-4435-831f-b57c2b24351f,2a09c51e-2e1b-4575-83e9-32a4cb1d32b0,Books,4,29.72524938,118.9009975,23/07/2023,61659020-73ca-4ff5-9a44-7dcf0e08f858,Credit Card,Refunded
07fbce6b-e63c-414c-9c9a-3952c4ca198e,b0f68075-a93e-46e0-b0d2-3ddc42435283,Clothing,1,114.5484812,114.5484812,12/02/2023,7d6c961e-cb83-4fd5-b762-c31b96b23252,Debit Card,Refunded
3f5eebb8-0c94-4d80-abd7-f7f63f025e57,a362f384-e7e6-468f-8208-0a9d7b7dd189,Beauty & Health,1,296.3146625,296.3146625,05/08/2023,660c3fc5-710a-4c0f-b1c9-2f7ec86a3210,Credit Card,Pending
844bc8a2-691d-4d68-90e6-37f41f05daab,54b644b8-26b8-4cab-9e82-6fa7009da895,Electronics,4,498.8909462,1995.563785,30/11/2023,4082be6b-d4c7-4dff-8fbe-49d65896e90b,Credit Card,Cancelled
8d0b1dd5-e386-4b0e-90d0-8c0d29952400,a93f4ca0-b1e7-4748-864f-504de237d73a,Sports & Outdoors,3,325.3483451,976.0450354,04/07/2023,00015db6-2a46-4063-aa96-f0e772e49c27,PayPal,Refunded
2d124d92-4c29-446d-99b6-4aaf99e16822,49306486-a5dc-4c82-bc32-7d75f7aed3f7,Clothing,5,392.1950341,1960.97517,17/07/2023,530be502-9c16-4202-ad40-0701541a7c45,Debit Card,Cancelled
bc47a19d-0df6-48b0-b58e-1a654ff904aa,3f8c6139-daf1-4c44-9e85-98fb91fd8b9c,Home & Kitchen,4,320.2304674,1280.92187,19/06/2023,5d57a5bc-803b-4c26-ae73-7b1e77bd6c2c,Debit Card,Completed
9b58ce21-0d62-41e2-91ed-b076f4d9db48,1906dff7-480e-43fa-afc3-ae4cef94830c,Home & Kitchen,5,216.3797542,1081.898771,13/08/2023,7785d5f0-829e-4dea-8a10-3191a4db1bb7,PayPal,Cancelled
7752ed30-e58a-4c4a-b0e4-48af5aaa8ed5,194e1cc6-6a54-48fe-b0ec-c683354302d9,Beauty & Health,3,313.8731049,941.6193147,01/07/2023,496bc891-bde3-42e9-a2c8-6b640689ece1,PayPal,Refunded
3a095c6a-ee24-4ce5-a777-a70585d1fa52,f24ddb93-9802-4dc1-b9be-f08386610016,Sports & Outdoors,4,56.12086423,224.4834569,26/02/2023,2bec6527-f38a-4d5f-b7e8-eb1509e4e375,Debit Card,Completed
d84d7049-d4d0-46ff-a6be-e8983125d21c,f126d9ea-e9fc-4f68-89dd-b83feb5b0da5,Electronics,1,492.3810242,492.3810242,22/04/2023,d604b9f9-3037-4a8f-ba41-e1c6e30051fb,Gift Card,Cancelled
2a468819-2c4a-4229-8932-84de2ec91f60,435e8b27-e1bc-4857-97fb-64fdf2d9dae7,Books,5,126.456442,632.2822099,22/02/2023,45f02f99-2295-4724-a8f8-4d1994a40095,Credit Card,Completed
d1c309d6-4a3d-46c5-90bf-a6bfc386a83d,110e00a4-f778-4aa1-9868-ecc40f6b3ea9,Sports & Outdoors,2,29.43903912,58.87807824,23/07/2023,4343310b-508b-42ef-b5ab-7fb64bb3af12,Debit Card,Refunded
cc4f23a4-f067-41d5-a565-afc8fa7bf173,d3a8567b-9096-4a01-8689-7c7d5af9c542,Clothing,3,79.14717116,237.4415135,12/09/2023,a5397b3b-b37a-4f5d-a2b4-583033e139c6,PayPal,Completed
045b8103-be26-48e1-b71d-7ac0fd56ba94,f10d5344-6113-4bb3-9cf1-0c5a6e27214a,Electronics,2,400.7394564,801.4789128,05/08/2023,87d69b74-e9dc-4974-b253-32f4e3f9e620,Credit Card,Pending
ea45b66a-9ccc-41a7-90d2-e10b52c7beb8,2d6ca368-9fd9-4dc0-be75-f548ff7c9ab4,Home & Kitchen,3,42.59859295,127.7957788,18/10/2023,844665e5-0f27-49fd-b2d9-9d0bd420621b,PayPal,Completed
137b0cd6-6718-4529-8656-b28e400fa264,7b59aae3-d8f8-4773-b1c4-f6873703751a,Clothing,2,100.4066701,200.8133403,05/07/2023,c1a7da81-d17e-410a-89b8-bd9101f8f0bc,Gift Card,Cancelled
50fd4ba2-bc76-4006-bcad-ce1b6765fcf6,eee9f148-464b-488e-a2ed-567086334ac0,Home & Kitchen,5,338.0105706,1690.052853,19/03/2023,c918b5cd-7b2c-46e7-91a8-a8ebc0278b35,Debit Card,Completed
58b811c6-6c01-4d1c-8375-88d95b80f190,7ed8e055-6218-48c7-8e15-0ce93fcd0c64,Sports & Outdoors,1,197.4948014,197.4948014,18/07/2023,c18e1108-99bd-4e5e-b140-dec0cf66a629,Credit Card,Pending
0e470575-5fca-45df-a49a-0134f4f09f9a,ca28ee54-9be8-41ee-9d4b-3fdc678d20ab,Electronics,3,329.4829836,988.4489507,05/02/2023,d6df7296-37d2-4645-9fc0-3742752bc7eb,Credit Card,Refunded
d4243ec2-af28-4584-8865-56f4634f475b,1c708568-1eb6-4b3e-be60-50c8c760c827,Home & Kitchen,2,429.6989341,859.3978681,21/02/2023,88c52ae8-a93c-48ad-a0be-e45c88073535,PayPal,Pending
66143747-f1e4-4716-ac9f-b673b86eb5f5,30babff7-921d-416c-ab33-7f54a4542e0f,Beauty & Health,3,264.570541,793.7116231,13/11/2023,07a3337f-4a3e-400c-9040-5be4ae427074,Gift Card,Cancelled
a1546070-4a1d-4329-bfca-af2183e2e4d8,38405f22-b166-4a52-83fa-65337e0cd8a0,Home & Kitchen,3,465.3573917,1396.072175,02/01/2023,4b7b0b80-b688-47bf-a458-22478c701856,Gift Card,Completed
871d8b1c-6541-4ee8-95b4-6711378421d4,32733fa0-8676-4384-98c6-3acbe3e3f8ef,Beauty & Health,3,361.9716179,1085.914854,13/07/2023,d79927e7-2330-43fc-8b71-63000677e5a7,Debit Card,Cancelled
93757286-0b00-4bef-90b0-1f97accefb94,b4adb327-a576-4ad9-9e3d-9e9b0f1f280e,Beauty & Health,4,462.548821,1850.195284,09/01/2023,45b6bb4c-9a72-44e0-a7b4-eff5223a3279,PayPal,Refunded
6ce02ca4-44a4-423b-9ee9-13aeb4cfb3a4,23e8aa21-63b8-47a5-ac72-98ed8258e553,Electronics,3,263.409749,790.2292469,30/04/2023,af0f3c77-d5ae-49a3-af24-8b0b40e956d4,Credit Card,Pending
68b65271-3045-4201-b102-f74a36064abd,e79ee733-ff4b-4f93-b520-6178036b9774,Electronics,4,303.7625,1215.05,28/07/2023,935b9c74-4f0b-42d7-a174-19764c4ee0bf,Debit Card,Cancelled
fa484aa4-d704-44bc-838e-850bdc1d2ceb,c901e2df-021e-41b7-ba74-604973d471c8,Books,1,219.727462,219.727462,21/06/2023,059408b2-d2eb-41c5-a5b2-8f8f56463cd0,Gift Card,Refunded
12c634e5-dd21-4f77-8097-ad7521f85287,13828ede-0e4c-4c9e-9e43-034dca78ec5a,Beauty & Health,2,341.7795767,683.5591534,14/03/2023,12d08544-21ee-433f-a337-94fee01681c3,Credit Card,Cancelled
27049b01-fd11-4e29-8d11-78f80a5e7c1c,113abe5b-9ca4-4366-991f-f16e8f6a864e,Home & Kitchen,4,493.0505312,1972.202125,12/09/2023,3b1dccb8-6d24-421c-81d1-8d0164e4edfd,Gift Card,Cancelled
5ebcd1da-f634-4e74-ac19-4aed46dad500,7ebfa7d7-9205-4d73-bb43-8200802d669b,Home & Kitchen,1,415.1759773,415.1759773,11/06/2023,6e6e7e48-193d-4d73-8414-4098fc3f6c84,Credit Card,Cancelled
6b770425-7522-4ed9-b43e-4841c0342c5b,2e5bb38e-0bf7-48ea-a820-dcdea5e892cb,Books,4,472.1478117,1888.591247,20/08/2023,9d59df1a-0d9a-4120-a050-ff87cded6ffd,Credit Card,Completed
ab793d70-ba55-4e76-93df-cda9229876f7,31359d4e-5446-4df5-92c9-df3b9e54f98a,Home & Kitchen,4,59.30891409,237.2356563,25/03/2023,b2105042-1858-4d6e-9996-fd6b48afa183,PayPal,Refunded
db505275-81bb-4f0a-896d-86def96df75a,599cbe92-e13b-4961-b5db-ef47fb52e3f8,Books,3,142.1007501,426.3022504,04/06/2023,ae29681e-47b9-41cc-adf6-8d594b2336c5,Gift Card,Refunded
85f8d1d6-c9a5-4aa2-be0c-1edd12883df1,248299a3-dd06-4926-b293-a6220ade4a85,Sports & Outdoors,1,185.3260424,185.3260424,17/01/2023,bf9eee0d-0f83-44f7-b33b-a1450e503015,Credit Card,Completed
6e2f38dd-f1d0-43a2-b299-898386ebf455,aef8f6be-590a-4840-bba5-c36940ad1832,Electronics,2,214.4309002,428.8618004,22/04/2023,d9556a2b-144c-4f87-94b5-7027c170f09e,Gift Card,Cancelled
4dc69ea1-6caf-408e-b9cb-e04bdfe16705,0fd0592f-c869-4111-b61a-a4b8be15d13f,Clothing,2,292.3059489,584.6118979,11/06/2023,d198bc11-dfc0-4510-bb8c-9f0a2804b7aa,Credit Card,Pending
6e26eb58-08f6-448e-a62c-12dd469d0de5,3a2efea2-88be-4af1-9bd6-a91220226837,Sports & Outdoors,4,414.4648261,1657.859304,27/04/2023,ed86dc33-4af7-4edd-9604-0662dd03bdcc,Debit Card,Cancelled
fa343a45-2493-4845-ab17-614583ff9c8d,431fe33a-49d0-4f07-9b6b-50ec2f10915a,Books,2,67.26114359,134.5222872,08/08/2023,1695c644-2372-4240-b093-b4ef66812aa4,Gift Card,Completed
8a5561a4-b23c-44eb-b869-183ae6c53a97,adbab481-584e-4245-b9aa-849fa4ef077c,Home & Kitchen,3,89.74230521,269.2269156,12/04/2023,14f60fea-6286-4963-85f0-10af3390e4aa,PayPal,Pending
baf51b13-7d5d-4d8a-83b5-f027976575c7,8bebbeec-f69d-445a-91e6-d347aafb992f,Beauty & Health,5,12.00643177,60.03215883,10/04/2023,cbbf565d-90ef-4883-9c76-3836042f7f04,Credit Card,Pending
bc56dc11-6398-48f4-9b2c-bce3414a7620,ddabcf3a-f48f-4521-96bf-d4a13a199ec7,Clothing,2,468.5664309,937.1328618,06/06/2023,ea5b56e9-ae9b-4c18-b6cd-1c4c35db77fd,PayPal,Completed
0b3e5fd0-9f43-4f4c-8717-a26d76ab8b22,19a5c204-d59f-4749-84f9-ebfc7230825a,Clothing,4,437.0995614,1748.398246,20/06/2023,d825e2b9-9b45-4e3f-9478-ed07a1b9baf1,Credit Card,Refunded
93104185-21d0-49b6-80b6-8feef8da0693,4c0a0705-94d8-489c-94fb-39a1fdef6aec,Home & Kitchen,3,448.498365,1345.495095,04/05/2023,c9ca0a00-841a-41e0-baca-604dfe7b10f4,Gift Card,Cancelled
754ec635-7acd-4040-8d4a-25f90f56682a,88415c0e-f2a0-4164-ac48-0b3e29c01946,Sports & Outdoors,1,195.414689,195.414689,27/10/2023,2d02bb78-159a-4f45-b8c6-bcabff368601,Debit Card,Pending
af8aedc2-d221-4a09-9929-7a9939f26699,b8c8ec76-2f5a-452d-9317-8b06b24e2900,Books,4,221.2274521,884.9098083,17/01/2023,10be7212-2753-47ca-85af-25e67288786b,PayPal,Cancelled
a8677db0-c17a-4adf-b38c-de69391b9653,f370f83a-9e3c-4827-9ee5-5c845e1e5e5e,Books,4,114.663944,458.6557758,12/05/2023,fc6f8344-1073-49a8-a058-a1ff91650d3f,Debit Card,Refunded
6ce61579-fc76-4c79-beb0-2ce5e6ff0d70,a72a8c2b-1e8b-49a5-ad11-848a028107f5,Electronics,4,38.0598044,152.2392176,13/11/2023,d33f6bac-6b70-4c78-bd36-6c18112749ae,Debit Card,Cancelled
42a3240a-329f-4ca0-b456-6acf7ea7c11c,5227095e-3c58-459e-98db-ad41562585b5,Sports & Outdoors,1,291.8067416,291.8067416,08/04/2023,c87ad014-a82e-4223-aba7-03108c89d5f3,PayPal,Refunded
4aa11d04-10e3-4f14-88a3-e58303bbd8a7,91a9ffe6-0a87-40d1-80a6-6792b479b574,Home & Kitchen,4,80.60067572,322.4027029,16/10/2023,60b753a7-fe3c-4b28-8498-57cbe429c0c2,Gift Card,Refunded
a6a19f0e-c4ae-4388-bad1-d02f325cd709,8a74c039-4109-4e68-96a8-08c4be398740,Books,5,30.20128776,151.0064388,21/10/2023,ab5bc1a9-f812-4003-baf6-90d4fbad90d7,Debit Card,Completed
e7293362-3d6e-4911-b4ff-67c8e4c06fca,8b2c8e1d-9c2e-4f3e-b72c-4a654defe5a5,Electronics,1,446.2778444,446.2778444,09/02/2023,5888b548-a953-4a74-bb50-9dc26e754728,PayPal,Refunded
6f1eae59-109f-4bc0-a234-2eacf42e3f93,ae6906fa-ec9f-411c-8757-fe0ab7f58e2a,Electronics,3,122.9329198,368.7987594,08/02/2023,c4cde477-3d3a-41ef-90bd-944e2b83eceb,Debit Card,Refunded
293bc7b5-b792-4fc6-8676-28bea959c47b,c46ba1ad-2d53-4df3-bedd-8b0eed42f922,Sports & Outdoors,3,203.4298148,610.2894443,07/01/2023,3d97b781-8184-4120-9bcd-7a3ef950e47e,Debit Card,Pending
d16c8e69-7161-44f9-9906-0accb30fd2ee,cc1a2608-57fe-4051-840e-2d3a76f6f0f2,Books,2,60.17804907,120.3560981,06/05/2023,53862760-2d12-4599-91c7-0aca45cf61b6,Gift Card,Pending
a0052e62-4af2-42fd-96ff-2104e98e49b5,432b4e3f-4036-475c-9f8b-5262a89896db,Clothing,2,190.7136356,381.4272713,21/03/2023,144cb723-f123-43da-84ef-db75c9d582c0,PayPal,Pending
87792eb3-09d3-4d67-8bf4-dc7944e5977a,e22cd7c8-ae40-410e-984c-3a5c40145a8d,Clothing,5,231.0493925,1155.246963,02/07/2023,45591e89-8ae1-46b1-bd85-4fb1092a9141,Gift Card,Completed
f7e70020-dcc7-405b-9261-52c3812e652a,fb4e49b6-5e70-4acd-90b4-6bada4619f1b,Clothing,3,111.6278411,334.8835233,09/01/2023,81a328ad-e10f-460b-ae0f-5715cfb24c06,Gift Card,Cancelled
0c53a262-af7a-4be0-897c-4e9dcf6f6ff8,e9363a22-f71a-41c4-918f-c4002119ecd7,Electronics,4,47.23437033,188.9374813,10/04/2023,14e36ed0-444a-4fb8-9aae-a4340421881a,Debit Card,Completed
b2a40e45-e006-4414-b038-db0ef9720dd0,64752b5b-e1af-4526-ae3e-76ce059a6186,Home & Kitchen,1,241.4290821,241.4290821,01/02/2023,e0e82fb7-6653-4d6e-a823-8956a1f4b6d5,Gift Card,Completed
041256c1-5376-46ab-aee5-793f3633b86f,41fdec95-97a3-45b2-85ed-288c235075cf,Home & Kitchen,5,112.9355043,564.6775214,26/05/2023,953817d5-163c-4455-97e4-30cfdfcc5267,PayPal,Refunded
1c71688d-6385-41c3-8058-2a3c0fad8e66,b7ed5bab-f52c-4fef-96a3-976f75a589dd,Sports & Outdoors,2,203.341431,406.6828619,15/06/2023,fc67ddd6-8663-428f-8915-4735824a4f75,Gift Card,Refunded
7c9eadc9-8dfd-44da-827f-0d317c9340f5,37bd7ad8-1b41-48c6-9373-863dc13ff1f4,Electronics,4,143.4195097,573.6780387,13/04/2023,1246d187-5179-4359-a95e-a439e29dfc73,Gift Card,Refunded
5488c17c-24f5-431f-b899-4dc1a990ae4f,73c60faa-7fe7-4556-8272-294ccd7dd332,Home & Kitchen,1,261.5903102,261.5903102,01/01/2023,c5ae20e0-0ed9-45bc-8a65-2a736afbfa77,Credit Card,Pending
feb20d0f-d407-413b-b977-1279fe75434f,6586ded7-29a6-439e-adbb-13eadbf30499,Clothing,1,172.1077512,172.1077512,19/09/2023,38b5288e-a86c-4d42-9a97-229dc44854b8,Credit Card,Cancelled
0a6fdfbc-3532-4a37-bc7d-7f31d8a5d6e2,c94f1963-5690-444a-a063-04ebc941670b,Electronics,4,193.748209,774.9928362,08/05/2023,4f43e0f6-c869-4f76-9fb1-86105f378b2a,PayPal,Pending
d9ef69c6-7e7e-4495-95dd-1da788e82679,440b5343-a5e7-4adb-8ef7-c181722a6777,Sports & Outdoors,3,400.1142118,1200.342635,11/07/2023,f4e1c380-9e56-45f6-acce-bcd67195c800,PayPal,Pending
5de3ad31-7ecf-41ac-a9f4-3c3015da4df3,ac4247c1-e478-4959-bceb-9d29d3f657a0,Sports & Outdoors,3,216.3542101,649.0626303,18/12/2023,dedada45-17fc-488f-978d-2898a5596078,Gift Card,Cancelled
af163b42-1596-4ecd-8dbb-02bc9d74c5bb,b49d9c0e-7430-41da-9be2-8d6e309cfe2e,Home & Kitchen,4,344.881659,1379.526636,08/02/2023,af876b28-83e6-4607-b326-5f84289ca3bc,PayPal,Cancelled
f32ca5ea-bde8-4352-83ec-c45c7db3656f,0a86e94a-dcd1-4920-8ab3-ad0834a4a7e2,Books,5,387.3715947,1936.857973,26/07/2023,b934570f-389f-465d-b210-0adc75bf184f,PayPal,Pending
89f3c5e0-c8d2-4621-8e63-fbdccf6ea42e,a65243d9-8712-4a23-918d-397fe9ba563f,Home & Kitchen,3,476.9076425,1430.722927,08/11/2023,000f7a48-6200-46d6-afbb-739677fcc3a1,Credit Card,Cancelled
9bae9cd1-278c-460f-bed3-d805cf28f02b,2813dc56-013a-46c1-a9f1-8b84119eab36,Clothing,3,210.1147476,630.3442428,07/05/2023,97cbd152-4e2a-4d1e-8375-37e4152981f2,Debit Card,Cancelled
fca5dc64-c4dc-4ca0-86c2-887c42e267e4,1ede1b07-ece9-42fe-8451-587388fbed2f,Books,1,178.0251442,178.0251442,12/06/2023,7e7c008c-36db-457e-b0f5-d9c4337c32eb,PayPal,Cancelled
6c07640a-f614-4056-8657-c80a75795730,11daf508-67cb-4150-a2b0-77370ea43415,Clothing,3,265.2135453,795.6406359,05/06/2023,d058f899-8cb2-4c26-85fd-76235457ac1d,Debit Card,Cancelled
1c6965ff-cc33-4d74-bd02-f31f11499909,fda7c2f9-87c8-4e57-8a55-0e017d58d439,Clothing,3,263.3601398,790.0804194,13/10/2023,d33889d7-8f3e-48d0-a078-ffc2dd4259bf,PayPal,Completed
b708a281-ef26-4040-9c67-3fd6113bd6f4,387ab6c1-be07-4115-a7f7-762f4f46e02a,Electronics,1,176.5169508,176.5169508,31/05/2023,7a07ef3a-5012-47d2-82e8-8062c31885f8,Debit Card,Completed
2ed3ad5a-b619-4fb2-af24-f1f45ec8f5bd,b1df866f-1aa4-4a83-b14a-21c1611a1305,Sports & Outdoors,5,96.10154838,480.5077419,22/12/2023,57cf835b-29ca-4fe7-872c-66f423e13362,Gift Card,Cancelled
64b31b56-5716-4a7d-b874-332a8c920da5,7d3c0caa-8719-414d-b88c-e54439a506fb,Beauty & Health,2,40.50351282,81.00702564,16/03/2023,d2ec69a9-cc4e-4b68-a53f-018188fb0d09,Gift Card,Refunded
67f6db4a-63ff-4e74-a622-d695ecd43479,f95ab028-5935-4e61-92a2-7185172797d9,Clothing,5,272.8339962,1364.169981,27/10/2023,e70e78d6-5808-4017-8bcc-b68aaec9f0b9,PayPal,Refunded
4922e1c4-0ff4-46ea-a676-235c4f2586f2,3eeadb87-e020-496d-af18-ef04566fe34f,Electronics,4,395.0496057,1580.198423,27/05/2023,0367bc68-d302-4239-92ac-120ed7fd6b78,Gift Card,Completed
3305135e-7a08-4970-9772-fd21902a49c1,849263a0-c45c-4a91-b1ae-75400eb0eb0c,Home & Kitchen,5,15.87653786,79.38268931,17/12/2023,e0465845-591b-4871-be27-503cd2789337,PayPal,Refunded
ee17cdf4-0a9b-4c61-b4cb-7e2844d8f446,c7eebe4d-349f-425a-b5ed-8dc371c3f00c,Clothing,1,290.1765631,290.1765631,27/02/2023,9c38ecfe-af3a-476e-97e4-cb148416e9d8,Credit Card,Refunded
f6d08fd8-1a64-49f4-b7f3-ba6265edaaa9,b41424c9-f7a0-4bc6-9aa3-247ee6d20745,Books,4,491.8635921,1967.454368,06/04/2023,6cb7a91d-b9fa-4c95-85c7-82ac0c526670,Gift Card,Cancelled
e0011bfd-be20-4b1e-943a-b4bc15b95a6d,4c4a2c32-6c0d-44b9-8435-ed784b71b1fa,Clothing,3,76.10351259,228.3105378,07/12/2023,deefdc18-f622-460d-ae68-4460c47ccf67,Debit Card,Refunded
f99bf4bb-fcaa-405a-9fc7-1572546df41a,7f67e7a3-4c32-4534-8c97-3af01d1d8630,Books,4,480.3947627,1921.579051,03/02/2023,2ce35ef2-9128-488f-aa73-ee4c7c1e5fb5,Debit Card,Completed
6b3046a7-14e8-45de-b1a7-dc98cefd3524,e30a8aa8-4455-4f27-801c-17bb9ab629c9,Books,1,344.9696633,344.9696633,07/08/2023,bfc00f1c-7d47-406a-b1e2-c68a71033cfe,Debit Card,Pending
d4477ed5-041f-4b1a-b1c8-c38114bf7e4d,b6cee854-6cc3-4f60-8220-963cb87148cc,Books,3,421.9114826,1265.734448,15/12/2023,5b4f924b-5342-441f-8457-af67a84d7c24,Gift Card,Pending
55d44730-79cc-4adf-bcb6-43a720516f5d,546cec61-c2d3-4f1d-a3e8-dee4c03a0558,Electronics,1,352.7172935,352.7172935,10/10/2023,f3e1268c-cc7a-4068-a158-33abe52c9803,PayPal,Refunded
60e8612c-01ce-4ef3-838b-4d11af30e17e,2260cee4-d110-4602-8795-7eb4e7ce6201,Sports & Outdoors,3,237.3811186,712.1433558,23/10/2023,1af5daa0-5e8f-471a-877f-88d5d9de209b,Debit Card,Completed
5ef9b379-bb74-4569-a9ea-1cbfc1ad454d,4de62961-1b7a-498e-90b2-9624d4ad2e04,Electronics,4,454.2913857,1817.165543,19/09/2023,1a3907d6-0530-4c2e-81c1-d01653d115bd,Gift Card,Cancelled
5641d20e-441b-4c11-a1ca-3a278ff2018d,0c605f22-ad01-49ac-aa33-93331206d6ab,Clothing,5,483.2555796,2416.277898,30/03/2023,f8565413-7391-41f4-a79b-b2751d69218f,Credit Card,Completed
f6c0810b-1883-48b5-af56-8e39d061d38d,8050aece-4c5f-4cd9-a1b4-ab4bb19ce873,Beauty & Health,2,122.8720601,245.7441201,09/01/2023,840113a8-3ee0-4000-82df-e55782f66424,Gift Card,Completed
cbca4d8f-990c-4a1f-b820-babc7752c9e7,cb83152f-07c8-4b07-9135-3018502190c5,Sports & Outdoors,1,197.9775943,197.9775943,28/05/2023,cdaf54c0-80f4-4722-a1d4-a86aaa8be7e2,Credit Card,Completed
52fbf2f8-9364-4bf7-a9a3-e099c5217d4a,1f55d4bf-ba53-4e65-8dda-8d1bdffb9a6d,Electronics,4,391.732785,1566.93114,14/04/2023,0161ecef-1a45-453e-9331-0cc525ecced1,Credit Card,Cancelled
ab01a3d0-c150-4458-82b7-672379eb6228,40816991-9016-42e5-9e09-598144565e6f,Books,4,229.303295,917.2131798,25/05/2023,6906ed5c-6f86-494b-b044-0779546538c4,Debit Card,Pending
568724a0-adcc-4a34-98b9-9c7b6d22131d,e816ceaa-ad94-4ff7-9c15-a833dfd889ea,Electronics,5,466.8910644,2334.455322,11/05/2023,7ace580d-a6e4-4fa8-8389-e1cd88be4faf,Gift Card,Pending
619f81a7-70e7-4a70-a03e-1c0e49a6c182,04fb03ef-3143-453a-867a-e6f3ab3e25f7,Beauty & Health,2,192.1676766,384.3353531,06/12/2023,e39e1a99-0fc9-4afc-8559-6cfc938059e3,Debit Card,Refunded
5173150c-a08b-4185-ad72-ef9e3d57a7a8,d0bdcd00-d198-4f73-926e-7f0af37c239a,Sports & Outdoors,2,198.8014482,397.6028965,01/07/2023,54176974-cd4b-4150-8d5e-d7cdf1b21313,Credit Card,Completed
aa4979a3-d736-409c-b8f3-ae2bcd67b514,6d0c88f7-9d1b-4888-8234-3e3c75fadc2b,Books,4,206.6070554,826.4282216,06/05/2023,1d2b346f-5430-471b-8e1b-a3ec668a13b3,Credit Card,Pending
1f7accdd-1df4-4fc2-8f2d-01c2bdad4b3b,8e87ae72-2787-41d5-86ca-64f7f57dda13,Books,2,136.944164,273.888328,24/05/2023,8783f3c3-771b-4ae3-b8a2-b24d43a6e6ff,Gift Card,Completed
1cf42e5f-a921-4ba1-b48a-4f6ff20c20f4,004e27e6-288d-4bf7-9e1e-c8f73ce8c2b0,Clothing,3,110.4606842,331.3820525,26/09/2023,7c927092-c962-4d64-8430-24f10106f359,Credit Card,Cancelled
e684d3e5-21bb-44d4-a6b6-c256d07a1895,1a44ef11-1cc3-423a-ab5f-d1c1b60c5048,Electronics,4,146.7571648,587.0286593,05/05/2023,854fa356-b906-4934-859d-901f44baa0c5,Credit Card,Pending
023e464e-9597-4102-8f9f-56e07b044cfe,8812d32b-1679-42ec-ae44-7ef71db56166,Beauty & Health,2,134.0170692,268.0341383,17/08/2023,f969c8a6-d33a-425b-99c8-9334b63ee848,PayPal,Completed
ed2f74d3-5a35-4104-9e52-de081f47bde9,d91bd5ee-aaae-413a-8a92-35c6a3f7b636,Sports & Outdoors,2,19.98293857,39.96587714,27/09/2023,dac9c02c-21c7-448e-a3b6-c1717d2102da,Gift Card,Pending
5c964923-9cfd-4152-96fb-ee20bf320924,43bd36dd-8134-4c97-bdc4-489e3e68a209,Beauty & Health,3,380.5380962,1141.614289,18/07/2023,f2af4cd6-4a00-4c87-94ff-205dc013dfcf,PayPal,Pending
b8bbe00e-5493-4194-8b06-c94d5cbe59c4,949f1685-6aa1-4f9d-9424-0683cfd5b614,Clothing,3,496.6680642,1490.004193,19/10/2023,667da880-111f-45ad-8807-a7677a8a27f6,Gift Card,Cancelled
6035ff75-6504-4a9d-9a4e-7e2ff9098887,2cedd618-93a0-4695-95e5-a187aa79e6dc,Beauty & Health,5,232.5523384,1162.761692,30/05/2023,068d5233-e582-4a94-a8db-2627e05db877,Debit Card,Completed
5d12dac1-012d-47e5-ac17-35e570870a06,88a63496-b4dd-4c38-ae00-6367bc6f77c3,Clothing,5,81.9115721,409.5578605,04/08/2023,7ea7996e-b368-4096-89d8-9186ccfb6693,PayPal,Refunded
b585330a-5bc9-498a-b8f4-eb89088c8fed,0c2bfe4f-0a92-4fdd-a6a2-0b7e5d5857f0,Sports & Outdoors,5,297.8799206,1489.399603,09/05/2023,487abfd6-50f2-474b-9d50-e87262b8b9e9,Credit Card,Refunded
de461e7a-8c1c-4e35-be17-1cee4bb6b755,da525734-1246-4a59-8fb0-d6a1a443ef6f,Sports & Outdoors,4,352.229641,1408.918564,16/12/2023,8b8b96ef-1fb3-4d81-b423-6a7514732d44,Debit Card,Refunded
2d04395d-7e9b-4b6f-bc74-d15e65154701,191f179e-0085-4245-88a7-562fec0cad9d,Home & Kitchen,5,175.0461883,875.2309413,18/04/2023,2052a4e1-8245-4a84-a4a0-c40c5b4597be,Credit Card,Cancelled
6cdb42c2-7a36-4ccf-bd80-88767e0cb8b7,81f45f20-9467-4f3c-9eac-a2b872a8561f,Sports & Outdoors,3,301.9027547,905.7082641,05/09/2023,6ef8d58d-2665-41fd-b209-65603428213a,Credit Card,Pending
588a34b5-fe4b-4376-97ad-3b3721b06a5e,b72fbdab-1676-454b-a476-054129436d06,Electronics,4,145.6619294,582.6477176,04/01/2023,33a92277-1499-441c-9190-0eef51119e1f,Gift Card,Cancelled
d30e49aa-5e07-4d19-ae4f-fec79ed16daf,60bb5bc0-e6fc-4a6f-8d06-38ba2591b7c4,Home & Kitchen,4,10.84684394,43.38737574,14/10/2023,844a07a6-b97b-4cad-8a7a-047f6bdac726,PayPal,Refunded
5d9b0567-c086-449e-b48c-23bf4ee283f3,8a6a4d39-f012-4bb9-bf73-c9c5cbbb99a1,Beauty & Health,2,312.4842966,624.9685931,27/03/2023,24896555-ac8f-47df-b621-11da64c59ea9,PayPal,Pending
0da1c526-54a6-4346-baff-fd67940bd930,4ffa5b90-45cc-4ecf-8f7b-5e23d2627654,Sports & Outdoors,2,65.58476757,131.1695351,24/02/2023,e89ccd7a-75a1-4713-af5a-2c14718e0875,Debit Card,Refunded
4e14acb2-32c2-4c71-9674-72a7694a4982,6af66f97-fd24-4d74-950b-da25fb00d013,Home & Kitchen,4,212.3124629,849.2498517,23/07/2023,a16d4eb3-9725-4229-bd79-cab084917ba2,Gift Card,Refunded
f81e213f-770a-4ce9-9eec-78def803d2c9,af4d2338-f725-47e5-ad8d-5093d7ebb1f2,Electronics,4,12.13843775,48.55375101,03/02/2023,63894e53-68e4-4c46-9237-212c6849facf,Credit Card,Cancelled
92487629-c63a-4813-8931-3ff6756a5272,98dad61b-c895-4bdf-8c94-aa409d9b4374,Sports & Outdoors,1,260.5858481,260.5858481,11/04/2023,ab5213a1-dd6a-436c-a7e0-872cb7db6668,Credit Card,Refunded
b396a581-1e28-46c5-a536-8f22326974b1,f7f923f1-05d1-44a9-8ec0-db87129f061e,Books,5,256.3271173,1281.635586,24/11/2023,4989761a-a029-4d85-a6a2-642cc6a8c62a,Debit Card,Refunded
4cf5e2fb-26e6-4a7e-9ce2-46566200e25b,972d5164-d4ad-4936-b5a4-bb8891e6326d,Electronics,2,443.1693003,886.3386006,24/05/2023,9e17e87b-9e34-45ac-b028-258018180ad1,PayPal,Refunded
ec32cdeb-9d9a-4577-8d71-212f65aff2b6,ed69340d-541c-4c54-b726-98b13e8edc17,Beauty & Health,1,245.8208078,245.8208078,13/02/2023,efea4231-293e-45db-a214-a3e429c4901b,Credit Card,Completed
82acbc08-5653-4cc2-a4e1-39fbf8d81288,c9a05555-f026-4e8e-ac7b-69f5b9cc1fd6,Sports & Outdoors,1,35.0192635,35.0192635,04/11/2023,74b60275-0f0c-48b8-a717-8ad8306298f1,Gift Card,Refunded
12118aff-e630-435e-b600-c51b6f919aab,a70cfd1d-0b48-4b49-8c58-554bae20e89b,Home & Kitchen,4,31.0530427,124.2121708,03/02/2023,a6cddcbf-63ca-4adf-bea2-6be5cd51c9ea,Debit Card,Pending
5499c646-8857-499a-8282-471b346b3e39,bf3b0480-a1d1-4cc7-8f79-ee4045d802c6,Electronics,3,93.43575488,280.3072647,30/05/2023,4bee1889-918a-4b7d-b257-2c52b2fed22c,PayPal,Completed
a98945b7-6dfc-4342-98df-fa8b8cbae29d,75d40191-bf6a-428f-9920-d5ad565c3f2d,Sports & Outdoors,3,376.7797894,1130.339368,01/06/2023,7cc26633-78fa-4a29-b1ae-8dd354af3add,Credit Card,Pending
9037b5eb-7d80-4f9e-8715-101ec8714f13,70a96730-defb-4bc9-8a22-9d1571820a84,Clothing,4,153.7267555,614.9070219,20/10/2023,3b42938a-390d-4248-8d38-1f4d62e195a6,Credit Card,Pending
f2b08c7e-817b-4954-a16f-3fee7d24675a,ea518ccc-56d1-415e-9f1e-e8f4912810bc,Home & Kitchen,5,116.9401929,584.7009644,01/01/2023,6fbbee91-5fad-4e3e-a681-73f5ff38bc84,PayPal,Pending
3b14bddb-8ef6-40a1-993d-e7679ca25c1d,536a1086-1f1b-476a-bed9-caa218f39978,Clothing,5,413.1739403,2065.869701,08/04/2023,8069bc17-22f4-4fe4-8b74-9273bb6ff2b0,Debit Card,Pending
e6a00fff-9299-4b07-b69e-dab2ec864370,1e70a9e1-d8a0-4743-9249-8e73ec8a6357,Electronics,5,78.30898508,391.5449254,29/04/2023,3165fdcb-2f7a-4d22-9733-da6de9c472b2,Credit Card,Completed
389f899a-3462-4d3e-a386-bc6f7c369ad5,7db96b52-63be-4d0d-9971-24267ae30534,Beauty & Health,2,253.2064023,506.4128046,28/09/2023,9ec13696-126d-4a2b-bae3-3ddf63d3176a,Credit Card,Pending
51f9bd42-a905-4559-84c4-a29e883c29f3,ae940f7d-adff-4c41-b4e0-7955472dba3f,Home & Kitchen,5,21.19959047,105.9979524,29/08/2023,0ea1fadf-f89c-42a2-aa94-9ca3e9ef3ae2,Credit Card,Refunded
adc3c980-8174-4272-adc0-a3d81961aa32,91793753-d8cc-40d6-800e-f2d9041b56a8,Electronics,4,350.9863968,1403.945587,12/10/2023,702d77b1-0963-448f-8011-002c01490160,Gift Card,Refunded
37e54d88-43ab-40da-a2bf-d7fa11aa1ab2,d3ce170c-75d5-4dc4-81c2-1d336f9121a1,Sports & Outdoors,1,369.6946031,369.6946031,20/05/2023,c1a96131-419b-45e9-b898-f48a0cc04954,Credit Card,Cancelled
26a5485d-d97f-456e-8a00-675066db5c21,2fa9a107-ecc3-46b8-bd55-5a7ea64825cd,Beauty & Health,5,301.5366597,1507.683298,21/01/2023,d2d4a824-1563-471d-960b-e3051fa349cd,Gift Card,Refunded
5e46b418-8b39-4147-9728-cf899e2291a2,2391315e-7359-4e6c-be54-cef5033e04d2,Beauty & Health,1,105.4318107,105.4318107,16/07/2023,bd15534c-f2c0-4749-b330-2ae7e2b46377,PayPal,Completed
cc8fdf19-36db-47e9-964e-b2498a701931,6f352280-d308-4c94-86a8-5c9ae9fe6d6c,Sports & Outdoors,4,50.69735192,202.7894077,18/01/2023,e8ef27d7-4a10-4e50-9ffc-dbeb9d8ad4ab,PayPal,Completed
04dceede-fb92-4aaa-8a57-4a7a9e76ee1f,2c302804-aeb7-4a35-acc9-215106382b7c,Beauty & Health,4,281.7583938,1127.033575,20/06/2023,707b544d-b783-4de3-b4b8-970c7a4814f6,PayPal,Completed
9c8ba2f3-1b89-4e2d-8180-c161a88c9f75,d3c345ab-2bd0-4a81-9fab-7156c15a6372,Sports & Outdoors,1,320.0140734,320.0140734,04/07/2023,d7280cf5-e4ba-4b1a-b2fe-addeda6fa8a6,PayPal,Completed
53364df2-e916-43e1-8c01-a391cb53557f,08a60e5a-9865-428b-9146-0fd855b2184b,Books,4,46.77266499,187.0906599,25/03/2023,b7718fd8-fce8-40fe-a263-dbcb0ca35a1c,PayPal,Pending
8b107540-3719-422a-bb40-a6c85dd51a76,8f928bf8-8ffb-47de-a6e5-48494cea5daa,Electronics,3,236.8110124,710.4330372,03/05/2023,a757f678-dd20-4084-90dd-d7bf9e4938f6,Gift Card,Completed
74c9c8c0-910e-4e0a-9169-009fe422eea0,a4924d29-36dd-4386-9c25-16264982118f,Electronics,3,461.8797182,1385.639155,15/05/2023,38fca208-d0ae-4fdf-8a59-ca955d19b0a1,Gift Card,Completed
f7db9f70-8a74-4aa9-b3f2-1d651678e96f,7d5fb68a-6362-4e9b-a676-9539771907cd,Books,1,58.98347724,58.98347724,31/05/2023,98d176d4-923d-4500-9783-a00c8a360280,Credit Card,Pending
0c2377b2-65bf-4892-a526-e5853fb073a1,dfa63a3f-cbd2-4f1e-80aa-afb79ecada3f,Beauty & Health,5,435.1926006,2175.963003,09/03/2023,75ff9a15-aa41-44ff-945b-b49c0ab0889b,PayPal,Pending
6345e14d-1674-4dff-92c2-9aea2c4d75bc,40c75c2e-65f4-47be-bda9-0205c43890c8,Books,4,106.4618282,425.8473128,10/12/2023,85242f8e-76ed-4fad-8efd-01e7ff31cbbb,Gift Card,Refunded
b7b1a901-0524-4745-8351-8e3dcec5361b,805fa65c-2de4-441f-a1d1-ad7262eb3c18,Sports & Outdoors,3,461.5383498,1384.615049,03/10/2023,420fc239-26ad-4f6a-b0e9-fd6fa6b289eb,Debit Card,Completed
dadd797c-ba81-4bb3-9e75-98d85c421fab,f22d7c6f-1bb8-4567-b5d5-3fa64d5863a4,Clothing,4,184.647008,738.588032,26/10/2023,a5ac6334-590a-48ba-9c39-b247c9a9358b,Credit Card,Pending
ad30ee06-c150-4ec3-ad41-a12f52562dd7,d192becf-efb0-4c27-b22a-67a64423a34e,Home & Kitchen,3,61.95437864,185.8631359,26/11/2023,24854045-afe3-492a-a0b2-303dc146ece1,Debit Card,Pending
e40cffa3-6efd-4108-b872-2ad97b860efd,9f463153-6a3e-4493-b6eb-d0e4b0d58c22,Beauty & Health,4,288.3904983,1153.561993,09/10/2023,631a5420-c667-4cb4-9ed5-144ef562d1e5,PayPal,Pending
41d1a053-103d-4253-a373-90a029f7ec12,bfd54a14-ae84-4aca-a665-7cb1e6f8424c,Beauty & Health,4,47.11716703,188.4686681,08/03/2023,763ee415-a64c-4acd-9cb7-4d55ea80670a,Debit Card,Completed
1575bb43-e0d9-44d2-83a5-1c5068485476,9f34061c-d798-40ad-99a1-7731fb4384ec,Clothing,2,433.0330142,866.0660284,30/03/2023,96ab2fe8-9432-49e0-aa6e-779cc671572f,Gift Card,Pending
e20b18c3-7b03-4c38-8ae9-690adad1da11,7d6f60e2-9663-41f5-a507-c3f78beabbc2,Sports & Outdoors,2,68.52238316,137.0447663,02/09/2023,e0f3151f-999b-4944-a2c0-89fc95fb5224,Gift Card,Pending
3d30e605-4bdd-4eb7-aa3b-8a0abbe42c83,f4ff4ad7-8edb-4bba-a219-f89402ecf309,Clothing,2,476.948496,953.8969919,29/09/2023,00045313-120f-4f83-8dbd-3c7e43adb5f9,PayPal,Pending
22a3bf9b-bb4b-4e4d-894c-f3bfe81abba2,8e3e6d9f-6416-4261-add5-71b1060dcca3,Sports & Outdoors,2,317.0058639,634.0117279,12/04/2023,4f7a7462-c7ca-4d21-84f2-a0ca5ee97d81,Gift Card,Cancelled
2f33495d-90e1-4491-b4bc-301cdbb9e2a7,927a4c67-e0ee-459f-a4a6-31e332b87bb4,Electronics,5,213.5323301,1067.661651,25/08/2023,9e75cd2c-94ac-4f5c-85d8-b4855f2ac78b,Gift Card,Refunded
73c79447-9fb6-481b-b3f9-d525f5777e00,16641c19-10a7-41f9-8e46-370601212649,Electronics,4,198.5264815,794.1059261,20/08/2023,e8c00d8f-1ec6-4492-8504-1e2a47a8e430,Credit Card,Completed
744a25e9-42db-4495-a3d5-8ecd07720c35,80045809-46aa-4d3b-af43-b0a5fac5abac,Sports & Outdoors,5,278.1413461,1390.70673,06/07/2023,75b642c7-6336-40a9-87c8-0732b998bb3c,Debit Card,Refunded
732f0016-2bf3-4574-93eb-c724a580eca7,ba322c52-d8e3-437b-923a-b668395ee4e7,Home & Kitchen,1,479.3543423,479.3543423,26/05/2023,a3d6857c-da63-42e8-b242-a3983b1c0c95,PayPal,Completed
0bfcf979-d318-4245-9b3e-6ecc04166d83,db326281-022d-4fe0-a81f-ffa257e1e18e,Electronics,5,450.6233233,2253.116616,07/07/2023,5ed06d2d-ed8c-41e6-9c1b-c171ff078393,Gift Card,Refunded
37ec0e4e-fe95-4aea-bb61-862a5ff91096,b11205ff-592c-48c8-afec-1e9c48099b08,Sports & Outdoors,3,68.38075785,205.1422735,19/07/2023,df3fd700-85cd-4c7d-888f-4ac97825e879,Credit Card,Refunded
f34f36ef-e751-4bd3-82cc-3146f01e0718,f0ab6fe7-132c-4f24-9102-388d411ef8ca,Electronics,4,88.6579562,354.6318248,01/05/2023,35a00a0c-80cc-4fa9-9632-fa032b8aecf2,Gift Card,Completed
acd5efc1-bb1a-4075-90a3-a34cb6b60808,5281b481-6ede-4aba-9f64-1bb742105a8f,Books,5,317.8787233,1589.393617,18/09/2023,edb62c4b-6a3a-4461-9b7f-6b26ca88acf9,Credit Card,Pending
040e4708-96a4-4d1d-9d62-5481a9e1741c,19633518-698d-4b19-9c89-32fa35282154,Books,3,23.5648006,70.69440181,04/07/2023,bc664f2c-e059-4446-8feb-0896a1af7b3a,PayPal,Pending
40c44ca4-d210-49ab-a687-b062aa6f92ca,94bc1e09-dbad-4553-9ddb-b8ae6914c42a,Books,5,255.4743401,1277.3717,17/05/2023,864919a1-4fa1-43bf-a5ec-7e5fb69bf38f,PayPal,Refunded
2a001d40-8711-41a2-8f0d-b7f417b80169,c04461bb-d468-4361-b912-74c9e0659e31,Beauty & Health,2,96.70372625,193.4074525,11/12/2023,6bf346c3-396b-4ba7-9595-c7b912dc052e,Gift Card,Cancelled
c28ab700-04d0-480b-9824-4a56d878c3b8,b955e615-5106-499b-81f2-c61df62fbb2c,Books,3,261.053764,783.1612919,22/10/2023,6adf5b10-6d3c-4f4a-a5f4-1f75e73372fc,Credit Card,Pending
830536e0-f9f2-473f-b1de-cd7f6a3082bd,55386e32-6d55-4eef-b824-5f5cee3797ed,Beauty & Health,5,287.283969,1436.419845,23/02/2023,d6e20274-618e-4afc-ac3b-6aa2a67b466f,PayPal,Refunded
0045b060-ffa5-4bee-acd0-0e3db581ac49,0e60e0ae-7468-462f-8b60-5b5323e12e18,Sports & Outdoors,5,253.2812582,1266.406291,13/05/2023,e7f6827a-dbee-41ba-acf1-5feca780597a,Credit Card,Refunded
22b9c5bc-8cac-4157-b963-756d74820708,6fa3ca81-dce9-4587-a694-21d93103c71b,Beauty & Health,3,155.2473669,465.7421006,07/10/2023,ee4c469a-b2a0-4e46-b049-d1f57b42cfdf,Debit Card,Pending
b9898313-f663-4553-801b-d1fef2478b93,99d770a1-05f0-4c18-858e-ad772749b973,Clothing,3,96.80744841,290.4223452,01/02/2023,84f6a20c-e753-448e-ae05-e1921cdd90a0,PayPal,Pending
ddfb18cf-c4c4-41a4-9a2e-b0b4b407b4ec,c46e5347-7aa3-4047-9f6f-fbcb2f7ed49b,Books,2,317.6303084,635.2606168,11/10/2023,96056667-bc52-4684-8944-efa180b83641,PayPal,Refunded
590f68ed-30c7-4d83-9707-85af6ece2c89,f26e5700-a1c7-4417-9d89-bd89b2895022,Clothing,5,421.6975552,2108.487776,13/10/2023,a3db15b6-b7d4-40db-a16a-e05dfb477602,Gift Card,Completed
65e40f1a-b398-42b6-a776-2c283c736a8e,b11d809e-0fd9-4e71-8b7f-8af5840700f5,Sports & Outdoors,2,425.1122313,850.2244626,09/01/2023,3666ac37-29be-47ac-bf57-a71f2e94de16,Credit Card,Pending
72e5ba30-9df3-475e-bc3f-7fa7a658995c,12a2815c-2706-461a-a2b6-b56055991b10,Beauty & Health,3,387.327713,1161.983139,02/03/2023,7dfbb2b5-9d72-41c8-a094-f0987ae0a6bb,Credit Card,Cancelled
0c79a1c4-da44-4dff-9960-8085d57eb16c,a8865886-f12e-4e5c-b35d-61845d14472e,Sports & Outdoors,4,84.13794942,336.5517977,04/09/2023,a3544112-058a-4838-a806-b85fe8ad7cc7,Gift Card,Pending
a1266d54-3134-4f4b-b885-73eb801c33fb,ffe8af36-a750-4b7a-b550-a9c8006aad01,Home & Kitchen,4,287.827009,1151.308036,27/06/2023,016d34cd-7476-4c78-8f6a-53e8f38ffc0c,Debit Card,Cancelled
3f868089-635b-45bb-8813-218b73569016,bcb556f6-fdfb-4cce-a2c8-46217556f1b5,Clothing,1,239.2807458,239.2807458,06/06/2023,e09778ba-d8e7-4209-b679-fba1ba17fd67,PayPal,Pending
4d260bab-8498-4d43-866e-330f9e417184,23af5ec2-137c-42a9-9698-cc6eaa9ef7b0,Clothing,3,151.9005951,455.7017853,23/08/2023,af1d26a1-31e4-4fe8-8b2c-97850ccf2cd1,PayPal,Pending
12ee6a8a-bcb1-48a3-ad97-2e9c488766fe,bb325bb3-0d8f-469c-9339-a4ffe0e5f299,Beauty & Health,1,471.7239359,471.7239359,18/07/2023,d2ca1764-7a78-447c-9439-f6c5e9494479,Gift Card,Refunded
e36022e7-a0d4-4ba9-9d26-b14bcd413176,ff76c8e8-2a38-4326-bd1c-065d60631f8c,Sports & Outdoors,5,283.18305,1415.91525,30/07/2023,876854a5-cd0f-4611-afa2-5891ba7d617a,PayPal,Cancelled
f1c2e8d9-9d3a-4fb5-a44b-36668e051471,a242b577-982e-444d-8455-d40730aa7a87,Electronics,4,474.6216977,1898.486791,23/07/2023,4b2444c5-0326-4de0-974c-34d038940a0b,PayPal,Pending
5eea2ade-0994-4fcc-987d-24722117a81f,8d3f44bf-38fb-4249-840a-6d44d0a7dcc1,Electronics,2,139.071891,278.143782,01/06/2023,547f4eeb-dd98-4b1a-ac69-b93431776de8,Gift Card,Refunded
4841f5f0-aa0e-4888-bc47-4ee4d30a338f,5b12ffeb-f375-40e5-a11d-44c710b0db00,Home & Kitchen,3,96.22014947,288.6604484,06/03/2023,ec91475d-07f7-4d94-a82e-ec4dc44ca644,PayPal,Completed
f1e432ab-f8db-4068-963a-d32dd9b97f07,5c1047d8-3fad-4d64-9cfd-0212c06371e3,Clothing,2,114.8520586,229.7041173,12/04/2023,02a23bbb-1bcc-4bb7-b7a1-125ecfbebbb0,PayPal,Cancelled
a95cbbee-04ef-4be1-8a23-33603641c8d2,2b4c58b3-00f8-40b8-8cf6-f99cd3ae522e,Beauty & Health,5,379.7412291,1898.706146,23/06/2023,7c5bbc4b-79af-4691-8fcf-5c1466f487a1,PayPal,Cancelled
9ae426bb-11fb-4e27-9aab-13f17c2e5ce9,6b004903-20ad-4a21-ae2c-df609f80c59d,Clothing,1,475.5092535,475.5092535,17/05/2023,488ea148-77ed-4313-a8ba-13b6fe7c1a65,Gift Card,Pending
5605d5c7-c4ad-49e9-b296-fd7af163baf0,fbdac03e-f720-4781-9624-25313d8ab4bc,Clothing,2,446.9513579,893.9027158,03/11/2023,b67b6423-8e9a-4229-85ce-16508b25ac9a,Gift Card,Refunded
ca960bf9-db85-4f3e-a008-63fa2d9d15b3,e37eb0bd-c41d-4033-ae31-74ecac11ce81,Home & Kitchen,4,158.3667936,633.4671743,28/09/2023,9b54c541-2fc4-48bc-b1de-5f25b61e16fc,PayPal,Cancelled
747ae2f6-3aaf-4c0e-854e-743ee1e8d6ef,f78883d1-8d56-4867-839c-2961e35b3b13,Electronics,3,210.3230009,630.9690026,18/12/2023,756955bf-e5ad-48e5-994c-d8630dccba6a,Gift Card,Completed
fb1cc87a-6e87-4ba4-a4d4-ca07c4fe3ab7,e4973378-bb7e-4d07-affb-7c9426cebd1b,Beauty & Health,3,26.39765384,79.19296153,16/10/2023,59e52e68-9969-401c-9fdc-f3ef6ee54691,Debit Card,Completed
0a22cbd3-6fce-43f5-99d7-17295d7862b9,79586192-ba43-4966-b202-659ced66d2a5,Books,2,50.32248845,100.6449769,27/08/2023,58b55de3-a018-4419-832c-91ff63adc01c,Debit Card,Cancelled
490d5ce4-ffb0-48d0-ad90-18e6bb7aff23,e1c5d911-bd90-4944-9687-56efe27ef531,Beauty & Health,5,402.184472,2010.92236,29/08/2023,c27fb35d-cb60-463d-907e-5277e4823483,PayPal,Cancelled
9cddff40-2bdb-43f4-be64-914d3fb90f4a,8ac74c00-6153-49e7-82c4-403326e8408f,Beauty & Health,5,482.1740406,2410.870203,11/07/2023,38705cb2-1bc3-4dad-ac5c-0a2c7afa67c7,Gift Card,Completed
023c08d3-ce51-4737-9971-7856a962eaee,f660f147-d9d9-42de-98d9-c230278950af,Beauty & Health,5,202.3740374,1011.870187,06/05/2023,d8364fc9-5bca-41a7-8752-b074f6d7a663,PayPal,Pending
ffbc3f31-5012-41da-a009-c21e3e4fdb9c,849205c4-e4c0-4852-9001-bd4f7a67301e,Books,1,234.6620379,234.6620379,29/01/2023,fe85bc04-152d-41ad-9f39-87ac27ad0f66,Gift Card,Cancelled
46a0c2ce-88ec-4ec7-af01-3b13f10350a9,ba3895b7-ed99-41d6-8c5f-db9ba8859375,Home & Kitchen,1,280.353992,280.353992,26/10/2023,d314d446-581f-48e4-b51b-d2c8958c7b19,Credit Card,Completed
8044092c-ff14-4ba0-8fd0-bb205fe14ec1,5fa52ab9-3a94-4e0a-bbd4-e722ec173dba,Electronics,5,420.2572849,2101.286425,17/07/2023,09959cef-0f73-4d50-a168-ca0948c1df1b,PayPal,Pending
1d68772b-923f-4188-b202-19098835f0c0,8076ea9c-a5e5-4fe3-a73e-4a030127c632,Sports & Outdoors,1,164.5118773,164.5118773,25/02/2023,2786035a-4d96-4027-ae1e-4245a66847bb,PayPal,Pending
12a307c5-b174-4147-bd67-efc556b8c807,26819df5-71de-4779-96e4-6595f60d7479,Sports & Outdoors,5,381.2218437,1906.109219,06/08/2023,91ec5faa-48f1-47ac-b13c-4a6136193152,PayPal,Cancelled
5052aa1a-5e2a-4106-bcd5-bd45dc0b15c0,f42eae34-a6d6-4c8e-8c8e-3a405b446a1c,Beauty & Health,4,226.5540925,906.2163699,08/10/2023,98598b42-1dea-498d-9c03-d7c08e8b3ae9,Gift Card,Pending
17b818cd-5373-47a1-b8ad-7b193272e89a,97593f7d-4564-4d68-aacc-0183d788da8b,Beauty & Health,3,19.36618065,58.09854195,17/11/2023,4118ddfc-6c19-4f01-ad97-a58691f0be26,PayPal,Completed
2c3d4013-f4d0-4b07-aa35-2ea8d951ae9f,956ef459-8d57-4583-a8c0-7b3428a85177,Beauty & Health,2,94.83007911,189.6601582,04/04/2023,a4865e7a-bc40-4b24-9023-c107c5749b6e,Debit Card,Pending
236d993e-e639-4dd3-a30b-dca71059bde0,4a65f016-e0a6-4c5d-9396-59463db63be5,Sports & Outdoors,3,231.7542033,695.26261,22/04/2023,c03a0a5e-f8aa-45d1-9d56-bd671ec2aa0c,Debit Card,Cancelled
a2fd4ee6-205e-4c87-9045-1efecae62fc0,f54a992a-6845-4bed-8648-a262d6b227d6,Sports & Outdoors,1,493.5852268,493.5852268,30/07/2023,430f9bd5-8d6f-4b1e-b027-86abb719aece,Gift Card,Refunded
63baefca-b05e-48f1-aa1f-16fec1b0393c,b6c69e42-27d7-49c2-bb63-11d4655c0135,Beauty & Health,1,367.4835819,367.4835819,26/06/2023,4f6869e9-39d8-4014-a6f7-179c6e72c1cc,PayPal,Refunded
f429fd0d-173f-4799-bc42-bf14c831d225,d080f6e7-d2c4-4c38-892f-41f9ca7a630d,Books,5,206.1135788,1030.567894,11/01/2023,a3fe3906-ea63-4dfb-ba89-d584816a3202,PayPal,Completed
8a19b80e-9fbb-4bba-ac6a-17989e003e21,7fbca9bd-b8f5-4e63-b07e-cfb0e3987b63,Beauty & Health,2,288.0346522,576.0693045,28/10/2023,f5de070c-0870-4890-a5e5-aacf03e188da,Debit Card,Refunded
d14c519f-33d1-4f8e-8583-e9be44e4f479,f7cb5fcf-a01f-4fbd-9a3e-a61c37cdceb7,Books,2,186.3577691,372.7155381,30/06/2023,2ded5e47-94fb-4e8d-8926-8a96fe9486e0,Debit Card,Pending
ab993180-41df-4677-993a-849a1785ec86,9d456454-4118-4356-bd32-93d5b1721e85,Books,2,66.26027038,132.5205408,26/06/2023,27e94f3e-06dc-4ef3-9eee-f1867408c27a,Credit Card,Refunded
95d8409b-9685-429d-ae3a-990565e7bc4a,f767f087-452b-4f28-bcf2-52abb151d8f2,Home & Kitchen,3,185.8357636,557.5072908,05/02/2023,7592db5a-a0d4-457f-af1a-7ca80ca7bd99,Gift Card,Cancelled
b164d305-ca2f-4526-9e64-0b24f6c51af2,e5782b1d-294a-451d-87cc-60a60f11cb18,Books,2,444.9041128,889.8082256,03/04/2023,d3d23aad-7121-4686-9b3a-0b609c0152da,PayPal,Pending
de192fff-1e99-4602-8a7f-5db37a1db5e3,d5dcab36-d43f-46ea-a918-893dee6b086b,Clothing,1,180.1916378,180.1916378,05/01/2023,feba8757-d13e-4746-aa66-d6c387f9a430,PayPal,Refunded
f602c482-a814-4a47-b1b8-880e8ba5cc10,3baee235-e784-4d98-8f8b-4e3470640270,Home & Kitchen,1,249.7536595,249.7536595,03/01/2023,5abd9932-e8ef-494d-965d-5cc6d4076fef,PayPal,Cancelled
8b2d0989-b0db-4392-b8de-0539a4f97190,4c976e45-9975-4fa4-bb06-1665c6f89f46,Clothing,4,294.2902362,1177.160945,03/02/2023,e8e0e0e3-2d9f-4ad1-985c-710fa1305292,Debit Card,Cancelled
44c96ea0-a8f0-4fd6-8f91-f64208938212,844077cb-ba96-4975-a123-86c5a9b8e147,Electronics,5,458.7816318,2293.908159,28/10/2023,a6ff4da7-c4a2-4cf1-a50d-c5884e6d20a3,Debit Card,Pending
85fe7137-b419-4f31-aa77-59afb6c6d40d,c1263a36-012f-4c41-89d9-424c6138bf3c,Clothing,3,315.1306903,945.3920708,28/04/2023,1188d52c-6d70-4046-9e41-d1be44185c8e,PayPal,Refunded
51aadc4c-c8c7-4ce9-9dd6-53c1ac662402,b5bdd28b-903c-4edb-869d-80c0e5939be7,Sports & Outdoors,2,24.22457001,48.44914003,01/12/2023,44cddfc9-aa2f-46a6-8231-613972464c74,Debit Card,Pending
d8dbb55f-39a1-431d-bdd4-6e79403aeb7d,ce8133a5-7611-4df1-b2bb-f5cdd4bd3e73,Books,5,455.198745,2275.993725,12/02/2023,2a2d4811-abed-4d70-99f1-8de7cb599ab5,Gift Card,Cancelled
506a73ae-ae5f-4380-abb6-1549da1d593a,2e00f973-9032-42c4-aa38-99e8f50eb483,Sports & Outdoors,3,306.7397732,920.2193195,12/02/2023,b51db4dc-9091-4396-a9f0-0004bf28fb95,Gift Card,Pending
c0407409-44ae-4870-996f-dbacf9dd2181,f5cb6eac-4283-4359-bed8-ee14730e43f6,Sports & Outdoors,4,52.18055657,208.7222263,29/12/2023,dd0d7fd5-dc20-46b1-b85e-41f0abc31a7b,Debit Card,Pending
8ec7e981-f280-40fc-b8ab-54270d941ad3,1b34a5b9-2580-4ddf-8aa1-cd29481a8f75,Sports & Outdoors,5,448.8786639,2244.393319,15/05/2023,680dedbd-043d-4dd9-9ae6-a733915c7e6b,Gift Card,Refunded
5a852770-9897-4d38-99ea-7682301599d5,8976d4a3-9f2b-4b2f-937d-3719a361c338,Electronics,2,401.467833,802.9356661,01/05/2023,17f95878-73fd-4b77-bde5-e6af58325df7,Debit Card,Cancelled
adb607b5-e7a6-4428-a9b6-56be6b3083b5,428b7414-2977-4f42-bd68-c558a9497baa,Sports & Outdoors,2,121.0918779,242.1837559,20/10/2023,b48ca627-d9fb-4052-8c47-46d5f21c4994,Debit Card,Cancelled
713a9a6c-84de-40c4-81c9-f8cde37ded11,4d2f79b2-f60f-4f7d-a9f7-25f9197229ac,Home & Kitchen,3,79.3016738,237.9050214,13/07/2023,ace41d59-eb07-4e52-8f49-daa70736af66,PayPal,Refunded
435379f4-1f83-4416-b762-41ef7ccb05c5,f57c091e-a797-4c47-ac73-ac965d7a9879,Clothing,3,196.4112966,589.2338897,08/12/2023,087c735b-1614-4d2b-a0f1-e437b067de93,Gift Card,Cancelled
78841256-05f4-4db8-b515-ecc94a425b0f,5b7c3775-f0e7-40d8-be17-29bf423931ce,Home & Kitchen,3,408.2153456,1224.646037,09/03/2023,39af85f2-e9e9-4624-845c-4dd1c02f17ea,PayPal,Refunded
ff98391e-d224-44a8-a3b0-8fa19ea14411,7874e867-aa79-4830-a1e2-a640d94181e3,Clothing,5,389.5207104,1947.603552,15/03/2023,15294d9a-0834-4212-8a47-2446b7c0d180,PayPal,Refunded
7326c914-b310-4525-ac3c-ed0c081276b5,c11e1688-afa8-4189-8bf1-b13bc68fe274,Clothing,3,212.6114243,637.834273,03/10/2023,9086d7b3-682a-4305-8d76-0deb49103da9,Credit Card,Pending
27ef6664-df26-48d9-ad04-f6c231da56fa,82fbda36-32dc-4c8d-9b6a-5d60b4e86324,Beauty & Health,3,71.91788357,215.7536507,30/10/2023,c7676dd9-4324-4378-ad9c-457c1f439e61,Gift Card,Refunded
2cb1c8bb-0b05-496c-9540-ed8f1ee6074e,04034ee2-98b0-4272-8b0e-be7e6e8a5e13,Books,4,249.3659292,997.4637168,01/05/2023,9aab2261-d688-4181-ae58-799950c52ab8,Gift Card,Completed
72843749-a777-4fb5-a9b8-a9cd46188816,8380e7b2-011f-4c30-a815-26df5827ac63,Books,5,361.2112154,1806.056077,31/12/2023,81db9355-332a-4058-81d7-03c401226537,Credit Card,Completed
a2e0d01b-6b7a-464a-9063-a894f4c3c2d1,7102b81c-2fb0-41e8-92b2-7c01cadcea25,Electronics,3,359.4948165,1078.484449,14/09/2023,6a50708b-f84c-46f1-b1b4-e132c497e8c1,Credit Card,Refunded
111498ab-18cb-4a2d-8c07-5951d77cfc6b,fb3b4f87-747d-474c-82b3-19f626cf7a57,Sports & Outdoors,5,93.48026183,467.4013091,09/09/2023,9af46226-5b6b-4607-879e-8e8548a23571,Credit Card,Pending
426917c7-183f-4e2f-afa7-edde17b6783d,91f43f96-5be4-4a93-878b-b880e4626d7f,Electronics,5,221.9718066,1109.859033,24/11/2023,4e4d4d80-4af8-4315-84ce-4a9ddacfdfa6,Credit Card,Pending
a3c47c5c-13de-4f4f-8f69-9d619576469c,1d4b74b1-1244-43b9-adb3-7d7a9775e3a7,Home & Kitchen,3,138.3546699,415.0640097,21/03/2023,f8b0edc3-b5c6-4e43-838e-90c415af91e6,Gift Card,Completed
86c1aa47-5db9-49e8-ac4d-176418131121,98660713-e80f-4dc0-91ab-7e3974fa778f,Home & Kitchen,5,286.7282986,1433.641493,23/02/2023,c9f5ae66-6c42-4ca3-8bf2-7173a296ab4b,PayPal,Pending
fadb17c8-52ee-4607-9ca7-aef83be27a49,6904f82c-eea8-4fd6-bc14-7eb38252a4e7,Beauty & Health,4,96.13744218,384.5497687,18/04/2023,b77dce5a-21b5-4e19-8aec-b5cde4ed6493,Gift Card,Completed
557c05a8-36c7-4fcd-848b-dd103fa02b68,a26292ba-b1f0-47ae-9e14-f0c81d7efe8c,Home & Kitchen,3,227.1377323,681.4131968,28/09/2023,82f4d41f-8d3d-4ee8-96c2-b03f831b4272,Credit Card,Refunded
5f14609f-b233-4936-b6a2-1812a4f1c9e4,e427fa6b-e233-417f-ab39-94535b610e6f,Electronics,2,48.20386393,96.40772786,15/09/2023,416db387-748f-4c2b-b6bc-f511c5613dee,Credit Card,Completed
760b3373-f09c-4af0-9eba-3f94688911d3,ef8d00a2-7669-425f-ac8b-7207523cc9f7,Home & Kitchen,3,471.9296073,1415.788822,04/02/2023,19fee1a5-1aa2-45dc-b3f6-e0cd754a0cb8,PayPal,Pending
86facfb5-a8a5-4945-9041-e71f35cc0e7d,db7d90a1-bbc4-4bd6-a366-7525a4c85fb7,Sports & Outdoors,5,149.0466608,745.2333042,20/02/2023,546a3cee-f476-4da9-85e5-62ffb17db691,Gift Card,Pending
30be2f83-582d-4ccd-abeb-f330ac3f9f8c,e07cab98-3f5f-4b0f-927c-2c6c99d2f20a,Home & Kitchen,4,241.4324503,965.7298013,23/10/2023,052f62ff-7aff-48ba-b199-cda05502c3c1,PayPal,Completed
a0d1db73-0ecd-45fc-b9c2-0a00a530c114,c420bb51-fe3f-4edd-8ff3-5f79f8fe857c,Home & Kitchen,4,455.3542066,1821.416826,18/07/2023,667ce39f-6dd5-4972-af44-9c8da3f2d413,Debit Card,Cancelled
a3197dff-dd31-45b6-9346-a1b9034dd8ec,0f5b6a04-1c31-4eb4-bd7f-89edd5e96ad7,Home & Kitchen,2,484.4265496,968.8530991,24/01/2023,fb300b48-069b-4183-8b3a-b41bd4c92f44,Gift Card,Completed
c8dd8fe4-041a-49c3-addb-5bb2d8af4884,2343ba84-c6a9-4b18-9e35-723c6a1d1c7c,Home & Kitchen,5,460.7422339,2303.711169,24/11/2023,9ed509d7-f4fe-4671-a400-a0f9822e3810,Debit Card,Cancelled
f28656f4-0d1e-41d8-83fb-c707835a001e,9ee3b6ea-9d1b-4293-8d85-b39bb760ad2a,Electronics,5,418.704391,2093.521955,25/08/2023,17d4ba83-1f91-42d6-8d74-25a8837e0ed8,Gift Card,Cancelled
f75f7883-ae12-4eff-905b-57d19298c7e2,88e78fd2-6f70-422a-9b17-a9dee18a26c2,Clothing,1,245.2604793,245.2604793,05/02/2023,b1760dac-9ccd-4c33-8d7a-f4ebac8ae525,Credit Card,Pending
ba1a3c7b-38ce-419f-bac0-2f97eae84b90,724c63d6-33d9-47a2-9326-4dab7e516c21,Books,3,300.0545799,900.1637396,04/01/2023,29871f03-23bd-446e-8956-1b1cf9d2f628,Gift Card,Refunded
886ce935-2b13-45c4-9311-19520f206f34,68587f83-f140-4c53-939b-792f6cb396ba,Sports & Outdoors,4,252.8383252,1011.353301,27/01/2023,cc1b52b0-0d33-4842-bf25-18e5fe802846,Gift Card,Refunded
becf9f6d-7c34-409d-b906-b623cb11dbe3,a5838606-1721-479a-91b9-dfd40dbcb21a,Home & Kitchen,4,171.4408556,685.7634226,20/08/2023,43121cf8-3969-41ad-b629-a8399a32595c,PayPal,Pending
1ebc0740-bab7-4bb1-98be-08b6365d6c55,0ca471a7-54e0-4b47-aeb4-edaee146bca3,Home & Kitchen,1,250.5714818,250.5714818,18/10/2023,911e995b-1098-4791-a210-16aed773da14,Gift Card,Completed
dc5e6bd5-e3d6-4a9c-82c0-3ba037d677d4,233dd3f3-1b4e-468c-93c2-30fe48264722,Home & Kitchen,2,306.6388487,613.2776974,19/04/2023,bce9f420-e3ff-4fce-8061-e27eb9809c2b,Credit Card,Completed
bb8c7570-2ee7-4ab5-843b-b5d04aa52287,ce59832e-1832-4872-87cf-928828ebdac0,Sports & Outdoors,4,24.69641294,98.78565175,10/07/2023,b39c9383-cc8f-476d-9022-0329dc506e42,Gift Card,Refunded
7d2e81df-be52-4efe-bbea-c29b63f5f85d,95fc1d62-4c93-4d8f-8d2a-fa896555d388,Electronics,1,22.04519211,22.04519211,11/02/2023,4fff70e8-20a0-41e3-996c-af3a08e9c413,PayPal,Refunded
ca06b73d-46e1-4eb4-8f1f-3766ddfe3d33,3bf76384-5b9a-4222-97d9-250fec05ca0a,Books,2,418.0418828,836.0837656,30/10/2023,1b98d5e2-d4f1-4546-8e76-005af1bf1679,Credit Card,Cancelled
e6cfa87d-eba9-44f8-9f45-132591ee191d,5849ca3e-be92-46bc-ba9f-57257b2c6a85,Home & Kitchen,2,376.8126608,753.6253215,19/06/2023,8ee182d9-c88a-44e5-872e-e794ee25792e,Gift Card,Completed
359ae004-1e10-45e1-a711-a04b1c12594a,f99c25fb-6452-4346-b5ee-7372bd262682,Electronics,5,275.8510954,1379.255477,19/08/2023,2156e590-d699-4594-9ea3-1dbe05b4defb,Credit Card,Pending
f6379c7a-09f6-41ad-b841-7f01c0bdb9de,e4cffde0-0436-42cc-8e7b-de69b6dd8b3a,Sports & Outdoors,2,13.20030426,26.40060853,27/08/2023,6c3c8127-86a9-4383-b966-6c20e614a061,Debit Card,Refunded
05c9bc88-e315-4b70-8a71-5a28b7eaee48,a3d8f58d-9737-4125-82e1-ff9b36faa9c5,Clothing,5,395.062686,1975.31343,08/04/2023,4811e6e3-4858-4178-a636-13f68059707d,Gift Card,Pending
6e8008ce-dc75-4af0-a6a6-a2b1104f36f3,ac0c9c2f-2f15-41e5-a7a0-a6db73bd259a,Books,5,317.911098,1589.55549,10/09/2023,91961d95-dc16-4c26-89dd-4bdaac2ecc6b,PayPal,Completed
ba58228d-b0ae-4efd-8be5-5676497c6ab6,6da72b1d-0bd7-41b0-a3e7-f9a9aef49c0b,Clothing,3,398.0764026,1194.229208,22/08/2023,ee376d8c-ccfa-42e8-998a-bec55c439888,Debit Card,Cancelled
f8175695-659b-44de-a1aa-20bb191753b0,bb3f2178-906c-4d6d-a9d7-f9df6c7d0c91,Home & Kitchen,3,451.9880994,1355.964298,03/07/2023,4d7f2801-8d48-47cd-96ed-b999e518f42d,Debit Card,Cancelled
9c6ea9d8-de9c-4830-88af-ba4715538b22,813a211c-21bf-485c-80d0-faa2179cc6bf,Beauty & Health,2,150.570395,301.14079,25/02/2023,7b153991-b6d8-4e17-ac50-17d63a5cc715,Gift Card,Refunded
c71327ce-2bc7-475e-91e0-3026697fb40d,2e8ba05e-2f08-43bf-8d27-11491b5aab53,Beauty & Health,2,253.4192082,506.8384164,26/01/2023,3d0111fd-4b91-49f3-8e46-54525ecdfce7,Gift Card,Refunded
e8df58f8-48e2-4125-947c-97219f0faa0a,a49e93d7-86f3-4301-9652-637467af6a7a,Beauty & Health,2,301.3130764,602.6261528,10/08/2023,e81089de-751a-45f7-a2bc-24ef52cb3fe6,Debit Card,Completed
3a7fae0a-aa1c-4fbb-bf6b-593addf708bd,3c7dc9f7-60a9-4638-8eec-12f1f42faf42,Electronics,1,442.2670918,442.2670918,16/09/2023,ae4c9722-9d50-4f08-9350-27c69dd75a05,PayPal,Refunded
5aa768c8-d98f-4a9e-87ce-042a63d66fc8,dc7fff96-5387-4140-a791-201103a352c5,Clothing,1,482.9436714,482.9436714,21/09/2023,155bad3d-08fb-4419-9bed-f59fc01522a0,Debit Card,Cancelled
be4bad3d-f89c-4864-8dd5-05e7bd691a9c,3aa65f8b-051c-4c2d-82a2-4b674cb42f30,Clothing,3,181.2629856,543.7889568,03/08/2023,146b5a39-7dae-47fa-93f5-d6fe21eb3088,Debit Card,Cancelled
a7bd491b-7976-4659-bf46-1e64ce4894aa,843fbaa4-9956-4fc1-8320-f2f027198646,Books,3,464.8892846,1394.667854,07/09/2023,a3ae4850-40a5-42a1-bbfd-f65eb90c4e6a,Gift Card,Pending
dc88b637-8b69-4bc1-9148-72b4bedaade0,9932f03c-916a-42df-8572-e710620372f2,Electronics,4,75.69639452,302.7855781,27/08/2023,0b70572a-bafb-4326-8989-179900ae8f0c,Debit Card,Cancelled
883343c7-4ece-41ab-8a89-e449a3a85528,83e61814-f261-421d-b870-486eacb73f10,Clothing,3,45.31389536,135.9416861,18/07/2023,a4ab3e36-6bb6-4cb3-b56c-a07aae97e8ff,Credit Card,Refunded
61e38a58-58a8-4bf5-bb56-47b412532b71,7cce0ba9-cb51-4e03-9ae7-2d7ba4eba210,Books,2,322.5117199,645.0234397,17/06/2023,d348b529-1975-48f2-8183-40b25af647af,Gift Card,Refunded
68a6e28d-3efb-4832-b98a-816f953c5d68,c158d661-b943-4af7-8d1e-ca731ff7acf7,Clothing,3,449.2534382,1347.760314,01/12/2023,82774170-ed2b-4b4b-a4f9-8b1e5acf9797,Gift Card,Completed
b02085ba-5668-4c8e-a335-2f0f9e4e174e,cbcfb491-e981-41e6-ad23-5df7731ec45d,Electronics,5,95.85142533,479.2571266,03/10/2023,4a401f0a-5f90-4eea-8d3f-98f13a545170,PayPal,Completed
52acb419-a3aa-4b48-906f-51e0f9f7d569,52f0dd1b-cd7e-45e1-8ee4-b5ee0d513757,Clothing,1,47.00514657,47.00514657,21/07/2023,91e5e150-cc1b-43ac-8f41-9a4816ac0816,PayPal,Refunded
2ab6bdd7-0def-4588-911c-9f527fa267f8,637a4d94-a22a-4f63-ab0f-79273b39534c,Electronics,2,115.5545072,231.1090144,12/07/2023,b33f3585-5cbb-4c92-bad6-e00ee4b77f88,Credit Card,Completed
970c7854-f804-4366-9a65-347bf2a88b29,24ef491a-4f69-4d69-88a2-f6f117927356,Home & Kitchen,2,454.4455043,908.8910087,17/10/2023,6434bbb0-778c-4b20-92d8-2b48dbeb670f,Debit Card,Pending
b5ee49a0-31d4-4a74-abec-a66c2c6d0f20,91eebfa0-621e-4da9-b7fe-ff27dd2657f7,Electronics,1,457.6307791,457.6307791,03/10/2023,f62bf2f6-5bd7-46d7-aec3-d371eae4fa68,Credit Card,Refunded
0bce79d6-f0ef-4560-8cc0-23c482d84401,f4f8b866-ecd5-4eed-a940-b0a74df7ff52,Books,2,68.33800728,136.6760146,24/10/2023,47c15f01-962c-4c13-aec6-c8149f8425ae,Credit Card,Pending
26660204-af56-4860-a8b3-d1039604cf86,f077287a-9fc1-4523-9f51-5160bec99388,Home & Kitchen,4,400.9952893,1603.981157,18/03/2023,abc6a60b-b527-4348-8004-dc90c3594fe3,Credit Card,Pending
365e3896-9617-4f1a-9a39-9df7a7edda62,89376fbe-1c5f-40ad-bbe9-a658a2135f3a,Home & Kitchen,2,486.545011,973.090022,29/11/2023,69525cd0-ac5e-4e49-81e6-e97e776d8a34,PayPal,Cancelled
c66d9c5b-6c6b-41d2-8692-07ec3e50ee57,9d1c71c1-e8d1-4417-b2ba-7b32a64f5552,Clothing,2,468.2547115,936.509423,06/01/2023,bd6da9c1-eda0-4e99-a75b-25effe351b88,Gift Card,Cancelled
4c34ae74-096b-49a4-8e53-28469b742392,55066423-1137-4898-a558-8ad0285392f9,Sports & Outdoors,3,363.7420288,1091.226086,10/09/2023,94fc0f46-c71c-4e2b-95ca-d4ac9d964877,Debit Card,Completed
6e10f595-24f5-4f63-827f-45810c49bb23,580ba8a4-5fb2-4a32-b08f-67d5692f8cf4,Home & Kitchen,3,317.1625459,951.4876376,12/07/2023,3ad1ede7-6de8-4d26-abe9-5bf3e7093eed,PayPal,Completed
10e15683-6bae-4d89-8e11-483e93693e5b,648dd6f6-8eff-48fa-a046-e2a3f7e429d7,Sports & Outdoors,1,469.9528759,469.9528759,17/02/2023,8cab1eff-4bdd-4d82-9def-474068e2eb52,PayPal,Refunded
fd537e8a-868e-492c-a58d-64c73b6f3090,bf4279f6-b9e7-43c5-b52f-b65f93295447,Electronics,2,436.9919305,873.983861,03/07/2023,f8fdbf10-8eac-4540-aa60-d1e356f65fc7,PayPal,Cancelled
b1e53a90-850f-45b3-ba62-ec4e0a2fd784,fbbdcd1b-7864-4b43-86a9-ea1d88aec76f,Books,3,279.3713009,838.1139026,14/04/2023,9c4fb7b0-816a-4f4e-ba06-f6404d5c7dce,PayPal,Pending
82da962e-c99a-4aa9-8cd1-bdf369a0556f,e801b717-ce53-4d73-98b1-c499543b5edf,Books,1,259.9130713,259.9130713,21/02/2023,870840c5-acbd-4410-a6df-e96f196a4bb5,Debit Card,Refunded
ffde2b7c-5322-4ce2-b2b3-b1e9b1022747,7f658363-c106-4b0e-b103-65fb828a66fc,Books,3,186.5131775,559.5395325,18/06/2023,1ad79c7e-9148-446f-bf1c-3c65c705d748,PayPal,Pending
10d63821-d17f-4566-b99f-1d0809a5fb52,db28bc83-cf3d-4eb3-bf58-4573b7c4942c,Books,4,183.1304589,732.5218356,21/08/2023,172fee42-bc91-4ae9-bfc4-93f52b5359bb,Credit Card,Pending
ca34383c-3a3d-4382-80fa-3ef5ed6ce12e,c3a61f69-f525-40e2-a909-0be52be33e7d,Electronics,5,230.0778652,1150.389326,18/07/2023,20c97ce4-13e3-41ed-8d92-8d4ff19a156b,Debit Card,Refunded
b14060af-3a9a-4873-8dc0-5a5700867af8,cf9ac2b7-528c-4f74-b764-87dc4ed81750,Home & Kitchen,3,337.2159281,1011.647784,28/12/2023,887e878c-fe44-4911-90cf-188893bcd4d7,Gift Card,Cancelled
c7d40624-c328-4bf4-b00b-dda0e07c979a,552e6300-8e8b-4e36-8312-001117a8ede2,Clothing,2,416.3332669,832.6665337,26/09/2023,b2281d1f-fd55-4e7c-bc2e-8b5f50ac67d6,Debit Card,Cancelled
34d29bc1-c8dd-4f1a-83d7-3fb465c72da6,7ebd7912-7d18-4bab-8c5d-4bc5a3b49e03,Books,5,256.5556008,1282.778004,31/05/2023,c59bfc13-0640-4d2a-bec5-9d59835bcd64,Debit Card,Completed
4d23b6e2-9cbf-4836-96f0-69a8cdee6b1f,e1951977-0f54-47f3-aec9-e072554dc1b5,Clothing,4,36.00934573,144.0373829,14/11/2023,08fea12a-0c33-4746-a338-c3b163ce2daf,Gift Card,Cancelled
0b5592f1-091b-4c44-b377-310e31f1f963,68c0db7e-ec3b-4e0f-a15f-2e3877c11ef0,Sports & Outdoors,2,251.6552575,503.3105149,23/04/2023,71567bb0-5d02-4b76-9aff-2c67c5c860a6,Debit Card,Completed
b64cd290-73ce-4201-96ed-73d1c3a83d1f,428a0db7-ee75-4925-9014-60f2bdd00334,Books,3,230.5038445,691.5115335,04/02/2023,c0cd74e0-ab03-4a0d-9e43-b395d85a2b22,Debit Card,Pending
da13a652-a002-434f-b6b5-a0798836580c,3a77ef58-3dfa-4346-9ed5-95c7a549aa11,Electronics,4,70.8142867,283.2571468,22/10/2023,ed71f1f9-fe4c-4359-b9a8-49eb53c63c27,Credit Card,Cancelled
ddb6ac07-8ec3-4ace-a51c-a9c62ef0ddf9,02f7394b-97c6-4fa3-a9a9-ec8b5b24db30,Sports & Outdoors,5,85.24049974,426.2024987,17/12/2023,83567610-a846-4f1a-935b-4757aab33dee,Debit Card,Cancelled
1999500b-f2fe-4d80-8344-29d13900fc6a,4133f68d-ee8d-4dfb-ac84-ac3154372cd7,Sports & Outdoors,4,177.2279727,708.9118909,02/05/2023,f9e7d4c4-1459-41a3-9d35-c15a6e484338,Credit Card,Cancelled
23c1d77a-6320-491f-bae7-06b8d865d31a,c393b3db-6b92-4ea1-9231-e26e0b5a46a7,Clothing,1,236.1544483,236.1544483,13/07/2023,c197a879-4f12-4d4c-a95d-cee898c0c89f,Credit Card,Pending
75277517-d586-45f7-8947-2a6768ada001,352929b0-1ab3-4cb4-9cc3-6e4ce3ca0229,Beauty & Health,1,307.1675411,307.1675411,13/06/2023,a40f5153-4b6d-46f5-acd7-6ee29e925063,PayPal,Cancelled
1458ed50-7927-49ef-8d13-ba944b19a99d,c6a5642b-2aa7-4981-932a-66a2c02acd74,Electronics,3,369.5866029,1108.759809,28/01/2023,7e97c53d-6766-444d-97c9-1fb54034a3d8,Credit Card,Pending
1da88458-d8bb-4f3d-94e5-9b2f7a7f3cad,8dc56eb7-babb-44ac-9fa5-a94322f914c2,Sports & Outdoors,1,459.0902523,459.0902523,28/07/2023,167caa43-b0a9-48f2-998e-e6cecb31770d,Debit Card,Completed
1e90a3d4-fc74-4283-83fb-8cbec2d247b6,d1890733-117a-4624-8186-2a2b0a3c1ce6,Sports & Outdoors,2,343.4210082,686.8420164,01/12/2023,e4dd3468-b98f-4cb7-b432-4040d47648ff,Debit Card,Refunded
61130d2e-1de5-4bda-8761-c8543aa26f47,c80097cd-d4cb-4ac1-b678-5218f1711683,Beauty & Health,5,22.24781405,111.2390703,12/04/2023,1cdc5c16-5675-4175-83d7-ce8d9a153ffd,Credit Card,Pending
a2ce2e6e-2ddb-4779-8ad9-4cffb6f6096a,d3e53cd4-aee3-491a-83b0-f820aae69179,Sports & Outdoors,4,155.9229318,623.6917272,15/07/2023,4b365ef9-befd-463a-b10e-2a88f29a7914,Gift Card,Completed
2f456628-2468-44f6-9507-6babd42c3734,b76663c3-1572-4ef0-9846-e09b6eaeb651,Books,4,255.6030093,1022.412037,25/01/2023,67e00b2d-eb9f-48dc-a1cc-62ed1ef187b8,Debit Card,Refunded
ea2a023b-c176-4731-a6f9-55bce0cb7b13,0dc65a55-54d1-47b3-bac2-4265f0b2a484,Sports & Outdoors,5,198.1424769,990.7123844,27/05/2023,09ab95ee-b317-40ee-9b91-c7b08bcdd335,PayPal,Cancelled
041332ce-40ea-47b0-8d6a-8bbf70defe34,ba8b325d-528a-48c2-80be-a42475eba7e6,Books,1,255.4641629,255.4641629,06/02/2023,69bf6def-af62-4f53-a730-40c43fa5b4be,Credit Card,Pending
c6515b8f-ed65-4092-aa0d-10cce1482566,dcd057f9-0c87-4544-a328-442083e1f0e5,Electronics,3,169.4500075,508.3500224,25/09/2023,2beb040f-e82f-4c2b-9bbe-c5114c022e46,Debit Card,Pending
4e611a6a-99dd-4191-8a19-960e7e692afd,3303548d-2d01-4f9d-af94-f6285bb42561,Clothing,2,160.5782997,321.1565993,29/09/2023,16431573-4c5d-427a-b78c-d99bcdf34abe,Debit Card,Cancelled
5b939651-c337-41bc-bfe0-f37726c3483f,3573966b-4beb-417d-9372-f8d3e0850112,Home & Kitchen,4,257.294203,1029.176812,13/06/2023,2ed0a46a-9b9f-459b-96f8-c46f7d5c2565,Gift Card,Cancelled
43022e61-fb86-4b03-88d4-d7f0871cb0b2,ed201061-747a-435e-b32d-49d602e25a2d,Beauty & Health,5,220.3291734,1101.645867,16/02/2023,a6bf060b-1d8e-4c59-b34d-c25ffe2c1265,Gift Card,Refunded
803316a0-4fa0-446d-b6b5-fcedc21c0d2b,d03bb4d2-8099-4541-93bf-307e46efba56,Sports & Outdoors,3,398.38388,1195.15164,31/01/2023,a7f9e7a2-afd1-4abb-8ae1-ea571732ccbc,Gift Card,Completed
dbf60d3f-520d-4005-85c6-30943dc783fd,930b995c-a350-4d3f-b1ee-9fbd1d0fdab4,Sports & Outdoors,2,273.2598062,546.5196123,08/07/2023,82a41945-76fd-4e3b-a3bc-d069360f0fee,Debit Card,Cancelled
b92a5081-0212-45bc-b3ce-73729679299c,cf24dbb5-fca6-4f94-9389-f98da154b957,Sports & Outdoors,1,30.07189229,30.07189229,29/03/2023,982ecae7-16b2-472d-b1c0-ddeb7a6bb272,Credit Card,Refunded
131ce513-f39b-47cf-abd0-54140e010871,c2c6c54b-c0c9-42b0-9a63-a20a0a08710f,Beauty & Health,1,82.72487074,82.72487074,11/03/2023,626ebc6f-d87e-42c2-aaf1-2699de28d44b,Debit Card,Refunded
3ef06379-a040-490d-bd09-480ada90ac41,df6bef62-fc9e-4de2-b2ce-487b96f4865e,Electronics,1,363.5172776,363.5172776,10/09/2023,e2a036c8-dd2f-444a-9ae5-20dfc56d82b7,Gift Card,Pending
641f6638-03ba-42ba-a6a9-6ed5d9719194,f35ca7c8-ab10-49ea-a8d9-4d0fe704464d,Home & Kitchen,2,153.7257968,307.4515937,19/03/2023,ca3a4271-56ff-4fbb-89ec-61b2e3c7258f,PayPal,Refunded
875cbccc-9b4b-46bf-bdb6-6af9e5deb992,608ba2f8-3e63-4b3e-8638-af150a673ef9,Home & Kitchen,2,256.8035164,513.6070328,23/06/2023,760e273a-bf2c-4b06-8598-b1454d33aa8b,PayPal,Pending
5e6a9614-20b6-40e8-bc72-85be1bd6add6,e098a5a0-9080-469a-9e24-a3eac4b5cc2a,Clothing,1,425.8309876,425.8309876,31/05/2023,4ac17ee3-8142-4db3-bc02-65112661f5e2,Debit Card,Cancelled
48a87c41-fc41-4c07-95c7-5c273af9731d,a68ed94f-099d-4a97-8880-76205b564a8f,Sports & Outdoors,2,354.5525693,709.1051386,11/02/2023,e85883a6-e3a4-49bb-8f97-e192eb9d09d3,Gift Card,Completed
ecaba856-405e-403e-84c0-42c842452568,664edd31-e912-47d8-a3a5-293874903f46,Home & Kitchen,2,64.46022974,128.9204595,21/08/2023,aa7f5ea3-9caa-4301-b85e-fa546e800f4c,Credit Card,Pending
87609e02-59cb-464a-bf39-a9abd31fc38d,b84c6bb0-a2c9-43a4-ba14-77ac7cdf9c62,Electronics,4,316.5936219,1266.374487,28/12/2023,c1e3ccc8-15c9-42ac-94ef-34daff14ede4,Credit Card,Pending
d4a7c624-c780-4f64-a7f8-347bb6ac4dca,178b36e2-9575-4388-a750-7f35dadc78e4,Sports & Outdoors,1,494.4124855,494.4124855,16/07/2023,8268922f-b2f7-478d-9fd1-ae3f284e8487,Credit Card,Pending
b25e3bac-67d8-4d9f-b1fa-658a1353794a,1c1719d6-e94d-495a-b310-31b78e49abf3,Books,2,431.2275836,862.4551672,01/05/2023,7c1bb166-c932-4a4d-bced-589c12e51ba2,Gift Card,Refunded
8c4c75fa-599d-49eb-bad2-d328884856da,7a2f455f-2f34-4d85-a07c-a12c10735572,Clothing,2,136.0752539,272.1505079,05/06/2023,71c2e572-8761-4f30-a1f5-04889f2c8d02,PayPal,Completed
4e596b9a-577d-4857-80ab-c0d30520185c,147a9eba-2974-4ef2-aa60-ed616773dbfb,Electronics,4,104.4887698,417.9550791,13/02/2023,2522baa1-c7a8-4a74-83c4-d7db1cbce911,Debit Card,Pending
1b001e4b-36c5-444e-a0b7-50a69dbc66ab,18fb9a19-7fe1-4618-9161-292a40531992,Clothing,3,478.5279378,1435.583813,13/09/2023,5be7c94c-d0de-4535-a0b3-53d493453b0f,Gift Card,Completed
4c332a1e-5f92-4f8d-b8db-14f4624c8961,70ff8053-4ac4-4919-b557-bf643873936a,Home & Kitchen,4,373.6314704,1494.525881,27/05/2023,75aa0826-2895-41fe-ba5d-5f3643e1215b,Credit Card,Refunded
e787d24f-ab07-4afa-85a6-d1cb35526d8c,4b602f79-d099-4ce2-bef8-b4d906ff5bea,Beauty & Health,1,210.3089927,210.3089927,16/02/2023,d469ccaa-0872-4276-83be-5cd30273660c,PayPal,Pending
c2916927-a1b5-4c0c-9bd5-1ed14bfe5ec6,d54c5fc3-3fd2-4bad-9ca1-c635f71c6942,Sports & Outdoors,5,462.2310974,2311.155487,19/06/2023,93fbec3a-46bf-4c49-8fd3-a2a821ca36f4,PayPal,Cancelled
817a2593-7b80-4be5-81b0-a7c4fc7ccd7b,1baea990-654b-4604-8f04-b43e7dd89860,Electronics,3,336.9328824,1010.798647,26/05/2023,8c24dce2-791b-47d7-ab05-bd36394599ab,PayPal,Refunded
41ad18aa-1eda-4e88-9cc0-46809f863224,fc8d9b0e-0c50-4ebb-8ddb-98fe4d1390c1,Electronics,2,263.4290483,526.8580966,08/09/2023,37fc24ec-6153-4d8d-a068-05689a94d34c,Debit Card,Cancelled
010657dc-d50c-48c0-b2b2-827242b3656b,5621867e-78f2-4093-b7b8-b63c0b293fde,Home & Kitchen,3,51.06177796,153.1853339,23/04/2023,c697b754-2322-414d-9dcc-ee956f3c2a90,Debit Card,Completed
5f24b29a-f687-4ca1-b9bc-a67784beb692,f1362af0-2600-4b99-9182-8f49a0113006,Clothing,4,46.04729739,184.1891896,28/04/2023,e86ada53-6903-4057-ad00-302eaec29b48,Credit Card,Cancelled
92513e71-3bbc-4745-8a5b-7345e9ec9ae1,a7c8a3a3-7a8c-41c1-b96d-5a09da692791,Electronics,5,110.3134307,551.5671537,12/10/2023,1210fd42-2ea7-4c9e-9829-96bedb2cf499,Credit Card,Completed
54e24916-4e5a-4ad4-be0e-aee68b551941,185f2865-5110-4ee8-8be9-62b0b64507fa,Home & Kitchen,1,19.78335865,19.78335865,03/12/2023,a04deeb5-bd4a-4a75-bfd5-d77b8eeae11a,PayPal,Cancelled
775b0557-09a5-403e-85c2-89f3f895a512,bd75e9ad-77fc-446e-90a1-f63d0275721c,Clothing,5,254.3306878,1271.653439,02/07/2023,6284d7c1-b55c-43e4-983d-a09dce7367d3,Credit Card,Refunded
982deda3-1bfa-48bc-a56a-c843469024e4,4dfb1c00-22e3-42aa-89c0-44ad10c48d06,Books,3,110.4843024,331.4529072,17/03/2023,054decad-4c68-42ec-94fb-ad834c63c511,Debit Card,Refunded
65b34c98-d84c-4372-ae4a-c459dd465b39,53f5f7be-0520-44c0-a383-6ee7201f4815,Beauty & Health,2,91.07709501,182.15419,26/11/2023,0643b15a-32ca-45cf-94dd-a7c3685e8f62,Gift Card,Completed
d55f597e-a300-47ed-a46b-06f544574d48,7cd67e1f-bb2f-4da9-925d-72574748d910,Electronics,2,407.7121595,815.4243191,13/10/2023,ac752032-e876-41ca-afc6-0810f06d878d,Debit Card,Pending
97c29d56-c3b7-4488-9003-1212400d2e7c,2efead82-57b2-49ee-8977-7c292d02eb62,Books,2,222.8229504,445.6459008,07/02/2023,a8915cc7-1287-4b51-b3c3-786e3b6ea5a7,PayPal,Pending
f5a5d277-2cfe-42d3-b2c4-af630da263f5,e02dd221-d74b-487e-a5af-8474bc7c5cd4,Books,1,14.63531717,14.63531717,10/02/2023,1eca20ce-e559-4669-b46d-76ffea63dc79,Debit Card,Pending
b155138a-9825-4241-8c3a-cdf89e1c5cda,5619458d-e97c-4a92-8ce8-530517c75d22,Beauty & Health,5,26.45697723,132.2848861,11/08/2023,e42478f3-a579-4cc4-a4cb-1ea7419f8eb4,Debit Card,Refunded
25948bf8-2f9a-4213-bc5c-cb5790bdd2b9,22d1389a-25a1-46b5-8d48-3bc0f28df539,Home & Kitchen,1,311.0041668,311.0041668,29/04/2023,34b58b76-4808-4fca-90a0-0865820e1409,Credit Card,Cancelled
1204d26f-e44d-4544-babd-d1eff9fe24af,c47d82cb-37fc-4235-917e-bf79ee16668b,Sports & Outdoors,2,333.8880471,667.7760943,28/10/2023,f9d0f143-10af-4839-9279-c1d213929feb,Debit Card,Refunded
cfb13c4a-92d3-4637-a77b-0e91f9060836,0ee75ffd-5e21-4065-88c7-b68d141e17ce,Sports & Outdoors,2,497.8733146,995.7466293,21/07/2023,f8d5b287-186a-4a4f-8cee-c31f752badf0,Credit Card,Completed
50a7383e-4778-406e-b950-ca5a3b968fcd,566ad09b-66c2-4137-928f-e5179bceb432,Clothing,4,425.5157295,1702.062918,09/04/2023,ec0301ba-d401-4c5e-b246-44e60cb1110d,Debit Card,Pending
fce48a99-9a29-4d58-98a9-1f2ec42891a8,b9e293c9-567b-4c0d-8794-50888c347b5a,Books,3,78.9416448,236.8249344,23/05/2023,0e0e3e2f-34ec-4be0-aa89-708d0a345a78,PayPal,Cancelled
2cf9b7d6-2bc3-444c-a21f-31b96a757639,7e1bf09c-f145-45e1-92a0-ffddc7c7ff64,Clothing,1,213.5209387,213.5209387,04/01/2023,39266e6c-f297-4c7f-b601-02358ebb9970,Gift Card,Completed
b2f9b5d0-1847-49d0-b055-4c3bf2c6fa10,2f76e2b0-650d-4f2e-bcbc-fe5250c39577,Clothing,2,224.4951943,448.9903886,02/06/2023,5e250290-53df-475b-8e00-6d55b569b87b,Gift Card,Pending
7e1895ae-d676-49ba-8f63-e264c8acda00,b724b203-8bfa-4d67-b118-b5accd2d797d,Electronics,3,33.40818132,100.224544,30/11/2023,c541edfa-49f2-460e-b003-ff07f36123c8,Debit Card,Refunded
2154c337-c851-402a-bac1-442905a5075f,fe2b027f-ac8c-47dd-9531-ea7785b59b8b,Electronics,5,91.25156986,456.2578493,04/08/2023,58dac95b-f85a-41ab-84b9-ee283decbf37,Credit Card,Pending
6d6a9066-339c-44ad-b92c-270201a96af9,e7627b80-7120-48df-8828-a8dbc50265bc,Home & Kitchen,3,99.61844906,298.8553472,21/10/2023,98c228e2-bcdc-48d9-94d4-8407a15e4a2f,Gift Card,Pending
d46d1364-9935-4290-825e-473b5c0490f2,3b6a5fb0-578f-4713-9f42-b046a8f39682,Books,5,130.6897075,653.4485377,01/03/2023,75f54fde-a3b6-470d-8752-cfc0c4342356,Credit Card,Refunded
0c92a9e0-0da3-4d73-98da-b9e57722dc22,9271e3c9-0d56-4e81-929b-0d33d729ee8a,Beauty & Health,1,220.961804,220.961804,19/02/2023,5e945e70-36b6-4b92-8c58-cc4573881f50,Credit Card,Pending
cf03b9e8-900e-4fe5-a31c-b81ed233f622,af4de48c-3d03-41af-a45d-f157177aaaad,Clothing,3,206.1327812,618.3983435,23/03/2023,5444d9c7-ed1f-4a74-9811-7d35b45aa021,Debit Card,Completed
9445865b-beb9-4eba-9342-802da00b56ee,edadf929-d59e-4994-aa66-111499230350,Beauty & Health,1,304.6086918,304.6086918,23/05/2023,4dabb6d2-800f-449e-8bec-f39905ed7440,Credit Card,Completed
8cd40773-f797-4d40-a8d1-a0aa386c7f51,58f90a28-3185-4ab0-8d8e-a32165555c78,Clothing,1,457.6251181,457.6251181,29/05/2023,b3d8216a-0898-4d67-b8ab-398285280e14,Debit Card,Pending
89b5c7a8-de31-4789-a0a5-444185554b88,8fc0300d-87eb-4626-a17f-5044266df8d7,Clothing,5,80.53821001,402.6910501,01/06/2023,41a66d8c-4b9d-4741-9888-6a39b6d3af98,PayPal,Refunded
29df271b-843b-4d2c-9267-7dd96e56a960,4033211a-6f38-499c-aef7-e08432896423,Books,1,403.5035447,403.5035447,21/05/2023,80c7a3df-f6cb-416b-b708-9922624eb53b,Credit Card,Cancelled
1508db06-8174-4273-9171-b7c3f247a84e,c1e7cfb0-6727-4e85-82f6-7a3fa7e16e08,Home & Kitchen,4,185.3174153,741.2696614,17/01/2023,86136e97-a79c-4b63-a97e-2496f797003d,Credit Card,Cancelled
49dbbafc-4819-40c3-b2a5-81500d998217,27778697-85c0-4469-8ccf-f6b45b25f478,Electronics,1,53.65050913,53.65050913,16/02/2023,44990703-af84-4d3d-8413-b0202934ec39,Debit Card,Completed
224be902-2728-490e-9d3e-9982b1b016c7,4c6b48e7-3e53-426e-8e16-8378564c2f86,Books,1,308.6413251,308.6413251,15/08/2023,23c365f6-1b51-4e5d-8786-707dca9205e6,Debit Card,Cancelled
6ce2ca80-7133-4dbd-a38c-463674d742d5,db2a4034-0f6a-4029-a35e-31272905076f,Electronics,1,178.9203875,178.9203875,26/02/2023,9ce92342-2613-449d-b63e-b0faa352382f,Debit Card,Pending
08d9768d-3e27-4807-8823-ae01d8aead9f,1822db8d-79b5-4966-905e-1486b5e191a7,Home & Kitchen,5,257.7644791,1288.822396,29/03/2023,63e81f53-88b4-4b69-8225-541e517399bb,Gift Card,Cancelled
46935e2d-f657-4b6e-bfc5-10dd90058f8f,4f813afc-da50-4fe2-8c14-a69ca9285c89,Beauty & Health,2,146.1178896,292.2357791,27/11/2023,84918d77-6197-4da9-85f0-d1224f6d9ae8,Debit Card,Refunded
a00908d3-6ef8-4ebd-815e-be518cf4e000,8738589b-6a45-415d-ac57-c3474c7984ba,Electronics,3,222.002219,666.0066571,24/07/2023,a0a1c5f7-7cac-4dfd-aae9-ce065e7d17ab,Gift Card,Cancelled
d16a26b7-a6b2-4266-9ac6-35c38b8bf878,4e1c09af-fbbf-44e0-90a3-bdbab76fccca,Clothing,4,235.5472819,942.1891277,23/06/2023,3f666a9c-bdeb-4526-973f-599c9ead57e4,PayPal,Completed
c86aed9b-7d39-447f-8527-1aa24cd3502c,ff4579cf-db38-42a5-8ffc-fd852dd40dd4,Clothing,2,282.3274674,564.6549349,03/04/2023,4d5d7707-facd-4e15-aa03-0d2e2051fa2c,PayPal,Completed
1c94cb23-f45f-483b-8842-df41ee8a609d,1cac4051-15bf-4348-8c2a-7f405cd5181b,Beauty & Health,4,165.2349419,660.9397677,16/12/2023,cc2bdd24-5977-4ea2-985d-5143a8287495,Gift Card,Cancelled
d98c13c6-adb0-4149-bc3e-f55abbb5f4ec,6caa49db-ff34-4d7b-8727-75a3a7c47972,Electronics,5,369.6107395,1848.053698,10/11/2023,23af9469-8063-48d5-9331-6540453ecf01,Debit Card,Completed
2577670c-d97c-4296-a7f1-45fd7d10d726,b99d9885-8833-446b-bbc8-821d7470b5cd,Beauty & Health,4,332.6852628,1330.741051,31/12/2023,a59dbd61-7b6f-4598-be52-7c5334659599,PayPal,Refunded
d4f38033-cf9d-4126-a7a2-3d619f1a0596,d0d2c050-9985-4dda-97b9-fcd0b5b44e53,Electronics,3,121.332489,363.997467,24/08/2023,aa5d4058-d2c0-4444-8694-51d9f49581d0,PayPal,Cancelled
d4fb5a94-91eb-409a-9c4d-f05db9e09e90,67b58e46-c1b8-4863-b345-990efe9b62e7,Books,3,401.3295146,1203.988544,12/04/2023,a6f2362b-df7c-491b-8d3f-831fb918ccec,Debit Card,Cancelled
88cd4be0-6566-4efe-a8f5-ef99ffc3d8ab,da750ca9-8808-44dd-8603-dc0cff5a39ef,Books,1,376.5686502,376.5686502,25/12/2023,6bd26a1e-a3e2-457d-9ada-a61d11bbd37a,Gift Card,Completed
f9aa324b-79be-4a78-847d-5a7f4a8f3aed,c7567aea-41df-4cd5-8b30-dffbdcb86eda,Sports & Outdoors,3,364.67901,1094.03703,14/03/2023,ed604076-889b-4de7-a32c-40161474f325,Debit Card,Pending
fa225fdb-ea55-48ae-a262-46fb7fa05bf1,e32b87f9-8f49-472e-b02f-f1fe95517806,Books,4,462.548947,1850.195788,26/04/2023,d855c00b-20c3-49ad-b9ad-c3178a76b60f,PayPal,Pending
d73d0c50-e682-4163-a80a-398a4d648b0d,1d6d2aa1-58f1-445a-ad8f-ba611dc48d9f,Books,1,327.6214598,327.6214598,10/10/2023,753e2b11-e2b7-44fc-943e-70e62d8db924,Gift Card,Pending
cdc46bfa-4ca2-4788-b01e-511abb511e58,3c0c8d8d-6122-4bc4-9b75-5536970104c0,Beauty & Health,2,178.9392186,357.8784371,08/12/2023,2a3daa29-dfab-469e-8fe3-7a69abf767e1,PayPal,Completed
4037c4c6-2448-4a16-a00f-96597271c7ab,809018a4-663b-4171-99c0-91a14fe9bc20,Clothing,5,139.808278,699.0413898,15/07/2023,c094b538-114f-40e6-be0f-396357ff06ef,PayPal,Completed
6c4ab480-95d3-41a9-b3e1-c7a965211929,b2a15d94-6fed-4221-babf-9ed41a5f322a,Beauty & Health,4,175.7137267,702.8549069,04/02/2023,ed5edee9-a93c-49fb-8ee2-4898e2cc7fc0,Credit Card,Pending
e8fb2b29-5aee-4e63-926d-0b662edf1868,e913e68c-847c-4ee3-ba2e-551d6bfcc285,Clothing,2,482.3492845,964.698569,30/06/2023,7347f64a-4f2a-4ee7-88fd-85c54d55222e,PayPal,Refunded
dd13e928-3969-490d-8265-27e304d3a97c,11a4a3ef-3103-41c3-9210-5d5c7c9118eb,Home & Kitchen,2,98.35505616,196.7101123,14/06/2023,ecccfb25-853e-474b-99af-3eb3f2f91ff0,PayPal,Completed
e7e105a5-8cba-46fc-8185-c6f0fe67ff48,3821a15b-d4ca-46a8-8bce-c2ef80be6833,Books,2,260.779453,521.5589061,30/01/2023,93a56444-7edf-4d1e-bd1e-95e6c75f2779,Debit Card,Refunded
bd2c574b-e6a5-48ae-982c-73b8b04b61d1,e0310919-a453-413a-a2ca-7753ce9ea757,Electronics,5,269.1790838,1345.895419,16/04/2023,3a2ecb28-3e56-4cfe-a72a-cccd8dca0b16,Gift Card,Refunded
a5ace707-1270-476d-b61b-f0052e3100cf,0a8866ea-6906-450a-82ee-0372ca2cd70d,Clothing,3,94.39663541,283.1899062,02/04/2023,b721839f-5334-4976-85da-ab6b0cbd5eed,Credit Card,Pending
6b0b1396-d169-4285-8436-be923d803d72,6a4f1f75-7a59-409f-9c24-777eb5d6cf07,Books,1,491.1975476,491.1975476,24/04/2023,9fd1496f-112d-4c6d-bdda-de38b9a16228,PayPal,Cancelled
1b3378d1-22c0-40a6-abde-0de7eb06f591,73a4a781-e5a4-44ce-b5b3-55511dcf84e5,Sports & Outdoors,3,232.5555114,697.6665341,08/01/2023,34b7f649-083a-4c8d-88a1-79dd543d3a2f,Gift Card,Completed
3c486c75-6293-48a2-9d77-53d38b61bb08,c4d0f44c-9b1a-4ec4-8c67-0db6c4c87c7b,Books,4,477.5379175,1910.15167,24/09/2023,fefdaf1e-7dcc-4ba4-8f97-6883ff886a36,Gift Card,Completed
a54685c0-f098-4457-a99f-cfe3832fce52,60af0d21-f490-45ea-b1a3-ef57c865ad14,Books,2,101.3177284,202.6354568,16/10/2023,1429e35c-e8d1-4880-820a-bd34f5c3bde2,Gift Card,Completed
b5ab2132-4394-4c07-965a-d3af2c0e4827,f9f79107-310f-4bc0-8524-00a3aa5fe9f2,Beauty & Health,4,498.9788856,1995.915543,27/10/2023,8e294ffd-e564-45ba-b03a-23fad929b1f7,Debit Card,Refunded
f7cddf65-4d41-4d42-ac16-f712d17cdee1,9c63f6ef-fef6-4685-a3fa-b27487b763b3,Home & Kitchen,1,99.85530491,99.85530491,14/12/2023,d8b1243b-b5a3-4eb9-9624-2d56aa48fe17,Credit Card,Pending
76e23868-e85e-4527-8116-6a9e36887d65,5708ffd6-6a7f-436a-931c-d702f5690abf,Sports & Outdoors,5,23.62301328,118.1150664,06/12/2023,b2affefe-36c2-4196-a489-a41e0d330cd3,PayPal,Completed
6b83a0b5-33ff-426a-bc2d-6013f0cbf4ff,488dfb4e-098e-408b-a1b1-442c7923508b,Beauty & Health,1,308.3199029,308.3199029,12/01/2023,368e6d03-edad-4076-85be-03fca258a186,PayPal,Refunded
cfadd2b6-8467-4717-bf8c-31d063a72172,d4e2cde0-838d-4650-8df7-1bb04401f9e8,Clothing,2,196.8725978,393.7451956,14/06/2023,862c6e10-4d81-417a-b553-5cd80f7b58c0,Debit Card,Refunded
0959df49-3aed-4be6-b2a8-7a62c9ebfb70,ed1e4059-519d-4f8a-9d01-945b876a21af,Electronics,1,67.68670627,67.68670627,18/02/2023,05ba751b-f6ec-4901-aec5-0cc893e6e6e3,Debit Card,Refunded
e3830840-e8e1-4419-aa7c-04fefff1669d,86b7bfad-dc4e-4603-88fa-4a7471d3a165,Sports & Outdoors,1,68.88273087,68.88273087,20/07/2023,fa90fd9a-9226-4dc5-90b9-2fbf26a402af,PayPal,Cancelled
41a6284d-1967-4081-ad84-e309d872a966,f2295002-31ec-41d7-af23-8af2998382d5,Sports & Outdoors,2,213.2805554,426.5611108,16/09/2023,491ac1e5-2c96-4413-beb6-b0fa54bae8e4,PayPal,Refunded
f1111ff7-e2bb-4fae-a7c8-9e2e43411844,af284cc3-0d0d-4903-8889-7f5e6795dea7,Home & Kitchen,3,225.8375941,677.5127823,04/07/2023,a1f28585-6c63-4fd8-b5a7-75ba597cfc0d,Gift Card,Pending
c00a1d54-bf20-428a-adb1-ced8c629ca10,5776b6dd-85d6-42d1-a13e-019cb7e3393c,Clothing,1,386.2637277,386.2637277,15/08/2023,3b595712-91ea-4612-87b9-b8bee7edde0c,Credit Card,Completed
5e802dd0-860a-43a8-b72f-820414320ea7,d8d7efa1-9077-4e91-a257-eaf884515a78,Sports & Outdoors,1,209.0273605,209.0273605,08/07/2023,14b7133c-ceca-4532-9c02-2389364d9dba,Credit Card,Refunded
6c01adac-fa0c-45d8-8bf0-ba0b44814284,5e7d9601-5b2b-49f3-a333-7270e8f49b52,Beauty & Health,3,471.9075879,1415.722764,09/01/2023,875bbdd2-1d5d-4cc4-9058-6ac42b0fd578,Debit Card,Pending
cee80674-e258-4c96-95dd-f23f73b167a3,cbe1efde-1ce9-470c-a3a1-c0fe6918ee2f,Beauty & Health,2,380.3286721,760.6573441,18/11/2023,b3d4efad-9fd8-44c7-aa65-6bc0c361ff73,Gift Card,Completed
1c177706-83f4-45cc-a75f-49065b7af261,fd828b6b-541c-42e1-a94a-0983943cc1b3,Electronics,3,386.689014,1160.067042,26/06/2023,d90c59c0-427f-4683-b4cc-34c6e8929c69,Credit Card,Refunded
999f01d6-e1b6-4e9f-b643-4f8d2b978b82,6419bcb1-cc3a-4723-81f3-60bcc36bbf72,Sports & Outdoors,3,458.2526485,1374.757946,27/08/2023,eec6169a-0e21-4b7f-a723-c604e64342dd,Credit Card,Cancelled
91e7e09d-1760-4273-95c6-1c801fb8faa7,6d78bfba-a6bd-4935-ba95-b09d7b5840ea,Electronics,2,422.4949898,844.9899795,15/07/2023,45c8131e-0ac4-48f2-a87c-45c971c4af35,Debit Card,Completed
75f6f602-08e9-4845-a2ef-13602a7d1ea6,251a9e76-d4b1-48ae-bf27-44cd15c6418f,Clothing,2,423.3064953,846.6129906,28/06/2023,db2eb285-8f5d-4c50-bf3b-42db3374b908,Debit Card,Cancelled
c61c82fe-a7f4-42c7-805f-54621ef52f1f,ecc590f7-8486-437f-afc7-b00dde73e513,Sports & Outdoors,2,366.5810019,733.1620038,17/03/2023,15816d8f-3407-4b02-9c00-22c7b499a798,Debit Card,Cancelled
eb70735d-619b-409b-83c1-5d0bdf2c7838,1b795011-4901-46eb-b22e-5bb52d3b9cf7,Books,5,409.9321593,2049.660796,12/07/2023,aaffd4f7-b7ff-403c-b07b-59a4161b4d48,Debit Card,Refunded
fafc360c-1817-4cb7-a9d6-87855cf2ec83,05651182-c2c4-4440-b6c1-dd1b4403704b,Beauty & Health,2,325.9710091,651.9420182,20/01/2023,40e95aaa-8965-48a9-9e02-7c83a548303b,Debit Card,Refunded
0a2f3c3a-d606-44b5-8ac7-90a851c1931a,9c1feedd-4a31-428c-9cbe-98f9861cf689,Home & Kitchen,3,170.6689875,512.0069624,26/05/2023,38b9ef9a-e24e-487f-9b8b-5b292826181b,Debit Card,Completed
dd8861ce-d38e-4e85-8b2e-ee2340b79e56,2f19efc4-1bd4-41ea-83bf-f4b3175eaa87,Beauty & Health,4,483.5657179,1934.262872,30/05/2023,3bb2ccc7-9c1d-4d25-9d39-79449f8a2de7,Credit Card,Cancelled
52ff8584-82ab-4194-8ba3-a1a3c14f2e0d,2c2568f5-5be4-4030-8884-fa6faab7a665,Beauty & Health,2,472.8531629,945.7063258,27/08/2023,f5c86d58-c641-4279-8fd5-3de334a3009f,PayPal,Pending
e48f2cd3-9f0d-4712-a072-263021475997,0ad43791-3ebb-4053-ba71-6ee362de7630,Sports & Outdoors,5,211.9943603,1059.971802,08/08/2023,73ce1525-18ee-4ebb-b0c1-550d79f3c662,Gift Card,Pending
48c4ff47-60f0-41eb-9dcf-d605bd2bfaed,106f8d20-b79c-4647-8cc5-e7e8c68fef86,Books,1,416.4969938,416.4969938,24/12/2023,43a74b31-7d80-4c16-a576-71e3993c81b1,Gift Card,Refunded
bc85886e-2276-4ce1-a6f4-23240d1aea44,867eeb6d-1058-49a0-89a8-530a4b74cf26,Home & Kitchen,1,286.882781,286.882781,20/09/2023,c0b28f8c-d577-4d16-a9b1-09ec4911122f,Debit Card,Refunded
87344ed7-6229-437a-8632-e85acf2f15e7,93c04609-e734-4f8e-8fc1-7850f0375c76,Beauty & Health,1,95.44203764,95.44203764,26/01/2023,b2189055-a359-45a8-a660-76457ed12f68,PayPal,Completed
b379c03d-c875-4363-bddb-6a8263297180,32239bca-1878-45d0-877a-5aa5708757d1,Home & Kitchen,2,256.4278591,512.8557182,18/08/2023,607eef5b-60c4-4721-849e-2b482ebdd39a,PayPal,Cancelled
f3c68ae7-8022-4976-a61c-f6849ffdb4c8,2549b6f6-27e5-4313-a970-1057dbebd780,Electronics,2,308.5666723,617.1333446,28/11/2023,1331c6aa-b3c9-4350-9a4e-6d5967c847fc,Gift Card,Refunded
b242c334-c703-4ecf-af81-24af3b1f2178,d7c5f976-8244-4958-b04b-6a59dfd87dd2,Beauty & Health,4,438.3694849,1753.477939,30/11/2023,3feb6c9b-2e85-4e52-8090-c68a635b8eb6,Debit Card,Cancelled
c3a14fde-39a6-4745-b396-be66201eb88c,ce84cc4f-5915-441d-8770-b95983b311ed,Electronics,4,42.90984477,171.6393791,21/05/2023,f033071c-da76-49f8-af42-4190803f61c3,PayPal,Refunded
70312672-2a4e-4d97-8c71-a1c3c2c50858,6b952a88-3be3-4ce3-b360-db74e5f90284,Clothing,1,78.88760742,78.88760742,25/02/2023,d08a1ddd-b3a5-446f-bc84-fdaf5dc965c8,Debit Card,Cancelled
ae3132f8-09f0-49ed-8e0f-0ae0afe70342,ad6926f9-4763-40eb-866c-e7ef18099f66,Home & Kitchen,1,65.15179031,65.15179031,09/08/2023,b4fa05a1-1c01-4642-8acd-d18900e20542,Credit Card,Completed
fa5df117-373d-4c5f-bd97-7efaf026351d,44fc537b-1510-464b-ae5d-b800d0541b62,Electronics,4,93.69523534,374.7809414,08/11/2023,10b9fc4f-bd69-49f2-abe3-222774647fbf,PayPal,Completed
dddf1554-4067-4fba-a1a6-56e23fbf241a,a3168df2-3b37-4c52-a38e-bc2d7ba9e484,Sports & Outdoors,1,419.1995263,419.1995263,17/07/2023,339578a8-039d-462c-a191-275d97236720,PayPal,Pending
d701afde-ddf6-461e-9ab4-8ea2b62f493e,9c271e40-2280-4c85-ac66-3bddb0571d77,Beauty & Health,3,241.182149,723.546447,23/09/2023,c6f09e73-e9b0-4429-805f-bcbb5200b5bd,Debit Card,Completed
764ae041-b204-4fd1-9c01-b3602f24c46e,4af9368a-dbf8-4d22-9fef-bb0a864d35a9,Clothing,1,182.4968432,182.4968432,25/08/2023,c33f2fd2-3580-457a-9445-7490ae329397,Credit Card,Completed
ea48fcd1-9237-435c-b236-76f2a7e5b1b2,2c8ae1b9-2382-4339-93ab-fbd98cd16751,Electronics,5,358.8879685,1794.439842,24/02/2023,8ab90a14-3014-465a-bcaf-d8019245954c,Debit Card,Pending
a3f5b39f-4fbe-4a7c-a959-3d3981ba5726,65af6ecb-dd06-44c3-9e6d-ec1496debbef,Books,1,320.7102694,320.7102694,25/11/2023,ef54e595-9e21-46de-8a36-d0bacb7c272b,Credit Card,Pending
fd3241fc-a449-4be5-9022-acd4bbed286f,010e2ffb-cf48-453c-9ea7-6a5323912f33,Home & Kitchen,5,481.870673,2409.353365,11/02/2023,162632b4-c4e3-4e23-839b-3a62f32433b6,PayPal,Cancelled
f0de43e7-ac10-412d-87c0-7c8f8ea69c8f,edeed2f0-5dd9-46fa-a06b-aa8aeee2c398,Electronics,5,197.5711982,987.8559908,08/02/2023,658f522f-c96a-4ceb-914d-b3cb8d769ddf,Credit Card,Pending
1782ff0c-3834-4593-8e29-df7fa2d5851a,d64720e7-7757-4269-8489-0b1d34ff3790,Home & Kitchen,5,218.213974,1091.06987,04/10/2023,a350142b-0920-40e5-b1dc-ddcd7df54752,Credit Card,Refunded
d9c31aa0-41eb-438a-aed6-b103243b7383,23d98f91-6891-4a9e-8c9c-21fef345751a,Books,5,428.141106,2140.70553,07/11/2023,be36f34c-fbac-4862-93ca-ade17e222325,Credit Card,Pending
7a0fb01b-4a64-42a4-a896-fed73fd6343d,c9ca71f1-2a6c-4dc4-a22a-749dbf35835f,Books,4,257.0361661,1028.144664,03/08/2023,dfd91ad0-65d2-4321-a296-c405ad5cf494,Gift Card,Cancelled
08550dc9-b028-483a-9487-ff36ed1d1baa,b9bb3b6b-0962-4fa0-95bc-4391828e212f,Sports & Outdoors,4,435.1725142,1740.690057,21/03/2023,51171308-cd3e-4c2d-8e51-f1ddb2d09758,PayPal,Pending
1b6092e4-9a4c-47ae-a81f-cad76be43c27,1b8f94e8-28a6-4bb9-b69d-86a93404c6e6,Books,2,288.1018928,576.2037856,16/02/2023,04f69e56-b9f3-4bb9-ae29-5aa936f2fa38,PayPal,Refunded
34cbe5f3-0f6a-4670-ace9-3e4e54b936c3,79dbcb71-10b9-4bef-8c82-dd79a1a514a2,Home & Kitchen,3,276.411998,829.2359941,12/10/2023,25bf6f39-dcb1-4a79-9f2f-09aefd75cb38,Credit Card,Cancelled
ab230db8-46bc-4cc6-8d91-7aebc85c9e5c,8dfca310-771d-4047-a4a4-aca6fc30a1ea,Home & Kitchen,3,84.35171344,253.0551403,26/06/2023,699b2850-8bde-427a-9d82-f7967a83e06d,PayPal,Pending
be58dd42-d4df-4e70-9865-faf08ccafb3b,180ef30a-8b1b-4532-9dcd-34b7718ba29b,Clothing,3,310.7450898,932.2352693,09/07/2023,51bc4205-2e75-4b71-84df-2c1e2b1b0806,Credit Card,Completed
ac81be6a-d6b7-40d5-a1b9-f8c9ad623b1a,b8bc653a-e8e3-452b-b70b-25c08f263a12,Books,4,57.24588806,228.9835523,09/03/2023,d4fc6077-6044-42fa-bf3e-726214b2729f,Gift Card,Refunded
97009d97-8e54-4198-8bd6-04723a231f90,76bfe5b6-5a5e-4d0f-891b-199598b86715,Sports & Outdoors,5,19.8150385,99.07519249,28/04/2023,9d7129a2-d663-493e-bab1-34c8bf03c434,Credit Card,Completed
f597df8e-f61c-46fb-b28a-4f4b21de4f9f,f8d7df86-fdfe-48d9-a578-cd8a55cf9a11,Clothing,4,123.409706,493.6388242,25/08/2023,93b0456a-ea9b-4492-bc6c-72031417ed64,Credit Card,Completed
2cd2bcb1-1291-4c41-9495-7a4415160b86,6ff5f7c5-09e1-4b01-b47f-5511602826a1,Beauty & Health,5,140.6275577,703.1377887,12/02/2023,32d1aad7-c4ea-42a0-9fa9-d7f304417335,PayPal,Completed
e6af776a-ff74-4935-abb1-aec66f422e90,ec81c783-2d65-4e1c-a3da-7af5cc363f4f,Beauty & Health,1,360.36312,360.36312,22/05/2023,a91a6750-6507-448e-b5f0-661fad73d883,Credit Card,Pending
525d320e-0ecc-4f45-8f6f-e920055675be,18e9b041-100b-4808-a528-84d562f908d8,Beauty & Health,5,77.2273189,386.1365945,01/12/2023,09da38f7-fe9d-494b-af3a-a21846abc3d1,Credit Card,Pending
49b164be-c234-4534-ab5c-fb8deb9e8042,0a30ba1f-df9c-4e25-bb10-f1258ab2d534,Sports & Outdoors,3,193.1858621,579.5575863,22/06/2023,514f815c-6b47-48d5-ba79-d64ac77e45d7,Credit Card,Cancelled
ecd3b325-072c-472f-ae62-6b8729a643cf,7327451b-68e2-4d86-b720-51889afb64ab,Clothing,1,345.7456271,345.7456271,21/09/2023,47bdc2a2-1246-4a6f-8ba0-653a33af1a07,Credit Card,Cancelled
4ff6b0df-3fa1-4a8c-a2d5-56c847bac8ac,7ae4bb89-9260-4e7e-a84c-f86ee906b1ca,Books,4,366.9151183,1467.660473,11/01/2023,d78032cd-c793-4d97-b113-1bcf6d40269b,PayPal,Completed
98596e40-2ad4-411c-b394-2c0ba7996b03,3ea2919d-3e60-4a69-ae5c-0cb8fe087edd,Electronics,3,354.3336039,1063.000812,05/10/2023,dc799b05-5e1b-4ca4-86d4-3e41cc7e1d5a,Gift Card,Cancelled
7eae3891-2619-460d-a03f-ad4af4aff929,83e9901d-9ed0-487b-9483-d6339e1e390a,Books,3,327.1247563,981.3742688,10/03/2023,7ed5c619-a7d2-43a9-8359-193522e99549,Debit Card,Completed
7a4d971d-5366-432c-b3f1-a4e23ad8ccad,153d3cc9-444c-42e8-8f4c-2406824d1c5b,Books,3,110.212665,330.637995,14/06/2023,ad61c898-932f-4288-b9a1-06a5b36ea881,Debit Card,Refunded
e205ca28-a296-4217-8f86-0b79409cd802,041e46d8-8f5d-4079-91db-8c1e3c7aa0a7,Clothing,3,217.1000862,651.3002585,11/04/2023,39b2adf8-2026-4c63-9666-a76d45a7f59b,Gift Card,Refunded
1d0e4f67-6cd6-41dc-80a1-09807e5d880b,64422687-2fb9-44ee-9353-5a84b5a8890b,Books,5,75.82688441,379.1344221,01/12/2023,95eb100c-2a81-4d87-8c07-aa141b3fd06b,PayPal,Completed
448539da-99d3-4eb7-b468-d8473038afa2,bc16e2bd-f6d0-4dfe-9879-c83a0282f600,Clothing,1,296.0458211,296.0458211,29/09/2023,647ff3a6-4319-4889-b9ce-88186d8c3f8a,Gift Card,Pending
6d3f4795-d965-4902-8fdf-9583b856b028,611040d5-db0c-43db-8828-c348e8ad8de7,Books,5,66.29250766,331.4625383,01/07/2023,d84ebf28-09bf-4de1-9613-5599911fb188,Debit Card,Pending
5b21a014-1f9f-42ae-ab94-4197d465710c,f21a7fcc-b67d-4714-b159-3cad241c5fbf,Books,3,388.5718966,1165.71569,14/04/2023,88f9e24f-59dc-4269-939c-9af5a96e7584,Credit Card,Cancelled
8780c59b-dc48-4ffa-8534-b6941535c88c,51b6f30f-85b5-4e19-aa26-391696f50852,Home & Kitchen,3,370.4459871,1111.337961,17/02/2023,b734fb20-1fb5-4ec7-bb26-52b644906f34,Credit Card,Pending
8830beeb-6d22-42ee-8ab8-37b5f428815b,5a4fc9b8-2aab-44d1-ba86-28d19b361b5c,Home & Kitchen,3,474.6618818,1423.985645,15/03/2023,ac489d0c-50ce-4f26-8fd2-3bb0fc199d0d,Debit Card,Completed
1d28016e-090a-4a3e-b003-acce5b282f40,169aa8f6-8a9d-4e2a-bbc1-d7a2c89c13ee,Books,1,162.2103725,162.2103725,25/02/2023,01bc78ef-b782-4b0f-9799-910e3f24b9ae,Debit Card,Completed
9ecf5b46-aaad-4249-b2f0-1fac067cb062,73181fed-5e11-4eb7-92f8-9b89e9f06c18,Clothing,3,385.0148149,1155.044445,26/05/2023,9ea9ce32-ef5d-4dd7-b127-4e6740d07973,Credit Card,Refunded
36d6054b-711d-4a2c-b8d1-713f0514a091,d1f149fa-d28d-4afe-922e-29b8ccb2a1e7,Home & Kitchen,3,452.994056,1358.982168,29/12/2023,01b83eb2-4775-4f7f-9ba6-5efcd5bdbe2a,Debit Card,Refunded
097e29d8-d7ca-4aee-985c-6f2b9a77a64d,d660e600-9fbc-4233-9730-27c46ed07e66,Beauty & Health,4,199.4880464,797.9521854,20/11/2023,425d6bab-bd14-4d27-a0c9-6f9949628700,Gift Card,Refunded
3f492997-8181-48f0-a5ea-82089066557f,7cace17d-4b48-4e1c-9e65-5adcdb526ebc,Beauty & Health,2,284.0674614,568.1349229,22/03/2023,6cf3942a-e1d4-4df0-94b1-5195c4585919,Debit Card,Pending
ddf024b2-c127-41cf-896f-57574b7a9651,cef5c584-1115-40bf-a5bc-db2afe427d21,Books,5,469.1500415,2345.750207,28/03/2023,54f63537-bd74-4940-9656-dba18b6bc1c0,Gift Card,Completed
42731160-143a-4781-a6a4-d90f13e2a98e,965f4fcd-0290-4180-90c1-5b9f92be43a0,Clothing,1,424.5783904,424.5783904,29/06/2023,42e4807c-d664-454a-95f0-9b8503d46aaa,Credit Card,Cancelled
f16f48cd-1db7-4ccd-81be-42a364d8573f,0ba9fd89-31db-437f-af97-73ac6b5ddb68,Home & Kitchen,5,326.0934784,1630.467392,24/05/2023,fffe45ae-683a-4d61-ac14-6cf269507111,Credit Card,Refunded
dce27ae1-0feb-4be3-b4ae-896455581359,a914ecb8-3fba-47ca-bdbc-e859e0a5d131,Books,1,416.8569272,416.8569272,23/11/2023,e4799ab3-dbfd-483e-9536-150524d8e22b,Credit Card,Refunded
e0ec4b59-18f5-4945-97fd-ec214dc81a90,1d3944b7-9dcc-45f6-bfbc-840cf6986239,Books,2,422.9639557,845.9279114,05/11/2023,dbb968fa-c5b2-4aa7-97cd-3f7d3aa32dd5,Gift Card,Refunded
cc5e742e-bcf5-4e43-be23-41fb6ee99794,18b436b0-a1a2-40fa-98ad-d74cd0dec7bd,Books,1,64.15761876,64.15761876,26/07/2023,4389e395-8e08-45ce-9829-876802565bd8,Credit Card,Refunded
16a8e09a-76ab-4a95-b78e-2a6017b14208,b41f6807-e2c4-4a16-bf11-fc581ea08449,Books,5,328.0826274,1640.413137,11/12/2023,7a1772fb-8270-4cb7-815b-459d3a3d2ab5,Debit Card,Completed
ccece5f6-7c9c-464c-bcf7-79f98ae21d61,f218f6f3-c33e-448b-b17a-774ca9a64a8d,Books,1,78.69864592,78.69864592,13/09/2023,e6a2a162-6e5b-40b1-ae27-c5fb7c3405d5,PayPal,Completed
9f57afa6-c533-42f3-b1b4-f8c3dd32d083,0aa5d274-dbfb-4eea-87b9-7a4accb6ce98,Books,2,248.6665297,497.3330594,27/04/2023,bcf7d414-aa9e-4621-92b7-a5b3399918ed,PayPal,Pending
d35ceffe-249d-468e-9a3c-ee93586b82c6,bdad0f2d-7e1f-4448-8a66-6fffdcca8414,Sports & Outdoors,5,128.8641066,644.3205332,25/10/2023,5c1e0d0e-4b7f-44a7-b216-2f71e3f5bbb6,Debit Card,Cancelled
04b082d4-2dff-4253-857c-29cf3c35989f,a29728b7-ea5c-4639-9909-f697e091ebb0,Sports & Outdoors,1,101.6181097,101.6181097,16/12/2023,ca70ee14-3c7b-4a53-9c2e-ad461687c032,Credit Card,Refunded
7da4092a-d9a1-4447-b049-f8d36241a793,2a4cde38-41cc-4d28-a138-fe9ca5c58af9,Home & Kitchen,2,289.6401548,579.2803096,30/11/2023,b136754f-da6b-4764-bbb4-5ad20811fc42,PayPal,Completed
34179fd8-3233-4a7e-9665-d4f0990a5494,e1cb5eb1-4246-4298-96d3-d7ce86d25369,Beauty & Health,3,146.6376977,439.9130932,02/12/2023,a3cf8951-ec4a-498f-9801-647e8238f55e,Gift Card,Completed
4a061eee-3b07-4bf7-b5e3-d3cfc90ef594,42b7fe9b-dca6-4210-a7d5-3b010107a89f,Home & Kitchen,5,324.1547617,1620.773809,22/07/2023,4b8a9472-d91c-4e76-8348-48629104efd9,Debit Card,Refunded
9be8124b-c858-49f4-8019-700bb822cb01,858e7f93-bb13-4f70-a553-83c26a43eaa0,Sports & Outdoors,3,311.1332759,933.3998276,05/01/2023,092a48ed-8687-4f06-9a79-7613aababc59,Debit Card,Pending
040d04b3-123c-4253-8abb-37e4d6d8ec96,5f370647-76fe-44c7-af45-1f459189796d,Clothing,3,275.3423601,826.0270803,21/02/2023,370b85ba-98a9-457c-9154-8791baa2414f,Debit Card,Pending
80d3298d-0992-497b-9fb2-562fd40542f5,460dc221-f5f5-443f-974d-7f6bee1d85ed,Sports & Outdoors,3,297.9784408,893.9353225,07/06/2023,ab32c1b8-da9a-40a7-9000-da4d3301f7c0,Debit Card,Pending
fa11007a-e4e6-478f-b84c-7c4ff7a986a1,c5e1d3da-7588-4863-b278-6d4ac15d9e58,Electronics,5,46.99985911,234.9992955,26/07/2023,0ca5d405-3fc5-4bed-8059-375f4ca0f511,Credit Card,Completed
38f7907e-0e7e-4682-a95f-73353b6cf4c7,14951755-479d-446d-bba5-10d034d8aa0e,Beauty & Health,2,69.79289336,139.5857867,24/03/2023,da5d7142-b3e2-4079-93d4-47742acfda48,Credit Card,Pending
80811681-2dae-4604-8b25-d61b3057d72f,3d9546f7-03d8-42ca-8ad0-bf88351d0a4a,Electronics,4,444.5821511,1778.328605,28/07/2023,adc31911-e73d-482a-8257-ed9092e45d41,Gift Card,Pending
c72ac252-cd39-46c4-a747-bb117838f0db,02f23a7d-7826-4621-b00b-8ab1b2dac3c6,Books,4,404.5629056,1618.251623,19/08/2023,84e1067e-9523-4632-89f5-2ab8355a97f2,Credit Card,Refunded
af851e7b-60a7-4b9e-89ce-1c2bee95ecfb,b47d8405-a23c-4d9f-be40-f90db9f56318,Clothing,2,199.5521836,399.1043672,05/10/2023,93969a47-d0e8-4502-81c4-6c1aa298ba51,PayPal,Pending
e5612289-787b-408b-bac4-abf677be2210,8e2cf7b7-c196-42d0-80c9-a679116ee0a6,Electronics,2,460.3053639,920.6107277,16/10/2023,af6fab0f-36de-4109-8034-7befe0ff6e27,Credit Card,Cancelled
fbf9d5ee-3166-489c-82cd-51d3e75120c1,b947fc93-1bea-4b88-8354-bde52b9072b1,Clothing,3,298.173458,894.5203741,05/07/2023,99668c98-e13c-41f4-b178-1ded97c5d61b,Credit Card,Cancelled
9a183c76-a85c-4f79-81ce-d4d3d5374a1f,27ae4864-ef1c-47d6-a8e2-b32b9a1fa6ae,Sports & Outdoors,5,388.8152151,1944.076075,31/05/2023,ccccbc61-c69f-40ec-86c7-791625ea8500,Debit Card,Cancelled
2787d1ec-df57-46c5-94ee-3851ef680eaa,41aef723-6813-4447-a505-c10fc7feb10f,Books,3,84.82731216,254.4819365,24/07/2023,8321acbd-f915-4490-950f-a2820657ea2c,Debit Card,Cancelled
caed24ac-39f9-470b-b0d0-13ab00d356be,b9710feb-6c9f-48a5-8caa-b9aedb617ecd,Beauty & Health,2,134.6321917,269.2643835,18/01/2023,e16a4698-9aaa-4afb-9b82-89883eb4696d,PayPal,Refunded
1a62ed58-d276-4084-b320-de5dac9429bf,cc3b41ac-c495-4e75-945c-feb00a66a9df,Clothing,3,143.9554597,431.8663792,04/07/2023,2e855295-0a79-4a02-a1a5-1599b1d5aef6,Gift Card,Pending
1820384a-6a74-4b91-bb7a-8fcbe6b93821,8358d484-15fc-45f3-8f27-de0628be0681,Books,1,228.324915,228.324915,16/12/2023,04a85a34-60e7-4ddd-a42f-d2c61aadbf80,Debit Card,Pending
651e53c7-4e4f-4980-a0dc-095df3e1d3a2,ec89764b-c266-48c7-8e6a-e3b190fdf88a,Sports & Outdoors,3,11.43500131,34.30500393,19/06/2023,0e0ee774-7220-4fb6-a02e-4fdc9ce2d40e,Gift Card,Pending
b7c8114b-c1b7-4f9b-a727-161140b49d58,90b81618-556c-48a0-8af2-a5b48581b8d8,Beauty & Health,4,325.2501961,1301.000784,03/11/2023,35f4bd43-2e10-468c-8606-ef2ca09c1e94,Debit Card,Refunded
963b958f-7268-418c-9aef-98322c2d3d92,48195784-9b0f-4a1c-900f-6bbfef3f7c32,Electronics,2,143.2138662,286.4277324,22/07/2023,b2b07492-a8d7-4066-b1db-53a6dc6e6460,Credit Card,Pending
d1495f64-097c-4c59-90b5-726f63530cf6,08f7b0c3-0332-4d22-a335-9e16baf8258b,Beauty & Health,1,387.4934336,387.4934336,30/06/2023,50e606cc-1047-44c3-a8e3-c067ae6df313,Gift Card,Pending
fbe98a30-4075-46e9-a5e6-b4299c709eac,2e949de6-5c86-4e2c-896b-482217177115,Clothing,4,226.1568898,904.6275592,17/06/2023,c30b68b9-8065-47be-9347-6549523b7d68,PayPal,Cancelled
83cbb778-5e2e-489b-810a-10020ffedfd1,eb1aba6c-3df6-4337-af62-46c12148de3f,Sports & Outdoors,4,485.7052838,1942.821135,17/10/2023,e23d0228-ab55-49ea-902c-0a16a1f0a79b,Credit Card,Cancelled
63e522d9-db9b-4a5e-ab82-f6c42946665d,caf0ae83-5778-4e15-be69-8087cb58bb07,Electronics,3,316.9992634,950.9977901,24/06/2023,131156e7-4a52-444f-a6f1-280b2f236fa5,Credit Card,Pending
fe8341e3-5c95-4583-810f-054750be2144,dc629f04-7f20-46bb-9f6c-63602e731e36,Sports & Outdoors,4,228.9037624,915.6150498,21/05/2023,60995a08-7ee3-470b-95d2-9b918138e402,Gift Card,Refunded
8806051f-bd8c-408b-be36-4f043273b140,24f42aed-087b-4234-841e-277c54da4158,Beauty & Health,5,452.6972629,2263.486315,03/10/2023,5df82ec5-9680-45f1-85ba-2db74416f537,PayPal,Completed
d526e90b-111a-4dfa-b87f-e93ca814a07c,eaded176-c0b7-4d45-bac3-82abc6eaf486,Books,2,397.5333308,795.0666616,02/05/2023,e0389316-5d35-45b3-88cc-e6f164910010,PayPal,Cancelled
0c519749-67c8-4a64-bfb0-d195cad079fb,0a9e1be7-b017-4b87-8cdb-8b6aa01f1d57,Books,5,91.64990906,458.2495453,20/12/2023,5ef08db0-a651-4f32-a3fb-d52c3391744e,Gift Card,Completed
cd4e65aa-129f-4029-af32-79a2b7b33bf8,7b109783-5e87-4894-91f3-a93b0c0711a8,Clothing,5,185.0381206,925.1906028,26/11/2023,ae8dba92-0f4d-4cf2-9803-958da16a204b,PayPal,Completed
351d5683-05ea-42f0-9fa2-bc492ea64a3a,1476441e-55e2-4b4f-89df-6a0b4cf63e5e,Books,1,169.852048,169.852048,25/03/2023,f8cbcab8-efc0-4956-ad40-60f44288d28a,PayPal,Pending
1cc6f97d-764a-4b76-b86d-fe7fb7d4437b,3123f596-c6c2-49ae-8975-f2c320535336,Books,3,409.6709562,1229.012869,19/09/2023,e434f148-34c7-4eec-9edb-8bea5f6f659d,Credit Card,Completed
64cfe6b5-e369-48c7-9f1f-bc8d611bff95,95a43234-ec8f-47ed-a896-68b8b4868c13,Sports & Outdoors,1,51.73436035,51.73436035,08/11/2023,825792af-ed82-4926-abab-d5e6a2dc3817,Gift Card,Pending
ab4b7837-6195-4b4f-88bf-4492c7ed90e1,e917abd3-0373-46b1-aa57-49532c5abaac,Sports & Outdoors,5,400.3022404,2001.511202,02/09/2023,1ccc3250-c979-4253-ab19-72d50638108f,Gift Card,Pending
33788bfc-66de-4414-bf40-a798ce4623a2,3b75865c-e652-4312-bed5-9bc40354de5e,Clothing,5,97.66156137,488.3078069,14/02/2023,11b66c9f-76e1-414c-8a8d-6fae3bd68a62,Debit Card,Refunded
45cc35f4-b9a6-4753-9f14-8e8f85bf50fe,7a36b882-b869-4ea4-9d36-fbe0a69bd539,Beauty & Health,1,404.1944484,404.1944484,28/07/2023,3357711f-9d5b-45a4-ae3e-1e9035c72da3,Debit Card,Refunded
7ed853bc-52b5-40fd-8af9-8fc5403595b6,3ed10125-972c-4678-a91e-18847fb94a08,Beauty & Health,2,115.336936,230.6738719,01/07/2023,6a45253c-4c5c-4449-a4c7-a662e46cddeb,Debit Card,Refunded
56832e6e-3ec6-460b-9373-423e553794e6,e75e5acb-caca-43c7-8c10-73032ef60484,Sports & Outdoors,2,92.66828264,185.3365653,18/06/2023,0fb47e3b-e954-4e6e-b609-f0f5ee6ce4db,PayPal,Refunded
3c10cf19-9bcb-46fd-8fd6-e2bf2f921e30,64799b4f-3dbc-4753-b115-73d04f3be69f,Books,3,164.3321405,492.9964216,29/05/2023,2a82c851-6717-4395-b56f-dacbdb52d133,Credit Card,Cancelled
ea3b3b1a-fc67-4b1b-a72a-5e5275deca60,3fec9765-9625-4dc7-9a5b-48ee3c9f499f,Books,5,234.8207672,1174.103836,22/10/2023,f02e9c53-be81-4700-a72d-022940507998,Credit Card,Refunded
9fcb18f3-58fc-4f6b-9a8a-c8ec9fa65092,f89d2621-da49-4b8e-8e62-1cd8929b90d6,Home & Kitchen,4,144.0709606,576.2838423,10/11/2023,40933f5a-d170-44a2-bb13-98dd4f8747a2,Debit Card,Pending
c61dbd06-3a68-4237-b1b0-0692995f9dc8,80e5299b-43ca-41ed-a6ff-eb065203dbd3,Beauty & Health,1,480.3030686,480.3030686,13/02/2023,73e0cbed-8b27-4f7e-80ea-11d3fcdb14b4,Debit Card,Pending
a8417b73-0f47-49a5-95e2-32efa98eaeb9,59ca4c33-e5e3-487f-9297-917df579be50,Home & Kitchen,5,457.0331622,2285.165811,06/01/2023,27bfb7ee-76d9-4b7a-a984-e8be32da6997,PayPal,Pending
3634fc0a-84b7-44c6-afd2-9a9c97630cd3,0417f4c3-bc46-445f-91a0-652e14281e73,Electronics,4,178.365981,713.463924,05/05/2023,6d4b0cfe-94ff-4b3d-b319-3d23738e5b6f,Debit Card,Refunded
9b88568d-ae4c-477c-b541-eaf30536bae7,c5ec30b0-80f5-461f-89d9-8b5ed8c75491,Home & Kitchen,3,121.683488,365.050464,04/12/2023,c37a243a-413b-4fbf-8b0f-955015c9a3b3,Credit Card,Completed
377ee6f7-61bf-4b09-86f8-fdea3610392b,0645dc14-4154-4e39-bd23-a229d11dfa44,Electronics,5,26.56726302,132.8363151,17/12/2023,0f0b462c-59ac-4093-b00c-943ef9b06b3b,Gift Card,Completed
164dd9ea-958d-46fd-899a-23ac72a05072,70ae8cb0-3ea9-4965-9788-4843f36bd4fb,Sports & Outdoors,5,445.5722374,2227.861187,27/03/2023,d1be709b-0f0e-49e9-8120-7090cab8765d,Credit Card,Completed
154729b1-3939-448b-99cf-aef39b97ab9d,20c3ee07-2301-4300-b0ab-46724cc1e2eb,Clothing,5,152.8142736,764.0713682,01/07/2023,526c4923-88b3-46d6-8dac-56510431c3b2,Gift Card,Refunded
a5e2e7ea-09b6-4bfb-9b9b-861d84e8d136,c64600ec-5933-4771-bc91-c3332a98eee8,Home & Kitchen,5,448.9517947,2244.758974,22/12/2023,a5ee4acf-870e-4c17-a134-46768371b5a1,Credit Card,Cancelled
3eadc41b-98d7-4041-92b6-7b3813ae11d4,8b2c6b66-1d39-4b63-bba8-59d70f20a766,Books,3,263.9782899,791.9348696,05/04/2023,547c84ff-b185-4876-b244-e1f48ef6dd16,PayPal,Refunded
8a40bce8-68d5-44e4-abb9-a6d730db7015,96e5e69a-ecbc-4352-a881-9350449d868a,Home & Kitchen,4,266.8186302,1067.274521,17/07/2023,70c281e3-4ba9-47eb-a953-63fce6f23453,Gift Card,Cancelled
de54cf24-a11c-4f74-841d-7c8c2f00658b,0e43b539-c323-431c-aa4d-7cc30c07a4b6,Books,1,321.1297336,321.1297336,14/04/2023,3728c6d8-0bfa-4bc9-8a2e-9b2b620fb3e9,Credit Card,Cancelled
56a015d6-a456-4558-beab-c91efa1c7753,abd4001e-50fe-4275-a474-78548a10dbe2,Home & Kitchen,3,244.8207037,734.4621111,12/05/2023,7eb9d63f-4c1a-4f2d-9989-c3101a19ac03,Credit Card,Completed
6f173c29-35fe-4673-9384-abf214520da8,ae5964a0-a3f7-4694-97e1-1e3a2ed78730,Clothing,2,305.5793537,611.1587073,02/03/2023,0ce54483-6d89-4bc1-bdf6-face5fd0f646,PayPal,Completed
f5c72001-6f1c-40b7-8de0-955952324f5d,1a4b278c-f905-479c-8239-83a505e159af,Sports & Outdoors,2,346.932129,693.864258,15/01/2023,df1375f2-7c99-40ed-abf3-b056a42bc904,Credit Card,Pending
fab34a1b-8197-4f3e-a374-acb5836bd9ae,edf48936-74b8-40c7-949f-1e07acff147e,Electronics,4,55.052639,220.210556,21/02/2023,dd619263-d1bc-4218-bd73-0bd88255f389,PayPal,Completed
1279c4e0-592e-4614-836a-324773eea03c,6e597fac-04a2-4f38-9a2b-bf43d28ffbee,Books,4,432.2278272,1728.911309,09/12/2023,d822306f-a008-48a1-894d-b24331bae9fb,PayPal,Cancelled
81c8c7df-dcd7-4fb4-abcd-a2b3c4ff8054,c377bff3-1aa0-40e1-ad34-8f50bb0a2d42,Books,4,387.5671088,1550.268435,01/05/2023,ea7840ec-3433-420e-b67d-31c6af448227,PayPal,Completed
bdd54a43-014c-4338-be5c-6c072586bf9e,01b3e3f5-075c-4098-a65e-ae50ff4a0440,Sports & Outdoors,5,80.08371316,400.4185658,20/05/2023,c92f3d3e-c24d-425d-8df1-c99b1e11d782,Debit Card,Pending
894c5cf6-23dd-4d5e-a55e-afcda4ff1340,f8a34b9f-bdd3-424a-b540-67403aa6aab5,Books,5,307.4503424,1537.251712,14/07/2023,628a0220-2e17-4718-8523-97b6bd5e3d87,Credit Card,Refunded
9003dcdc-5a75-490c-814c-c38929f92320,b8189031-b841-47fb-bf8c-d7abf7b0c4cb,Sports & Outdoors,4,75.40720601,301.628824,30/11/2023,2e12383d-b591-4b01-8598-756339fd751d,PayPal,Completed
4fa2bb5e-1ac7-4f57-b42c-60736bd9dc01,d173e066-1f11-40a5-bcf5-e76772564ed4,Electronics,1,95.09268723,95.09268723,16/05/2023,585c8133-ef19-42ad-93ac-171a0b5d5d2a,Credit Card,Pending
dc4e26d1-a315-4246-8101-59b05abb94ea,7a8f0d94-234f-4d18-9c4c-4ad5870ac3c3,Beauty & Health,2,104.968465,209.93693,06/03/2023,f59111b8-bc52-4f69-a728-761d2826e850,Gift Card,Pending
bc72f7cb-c01e-49c0-9df6-d1981d52e394,99b5fae9-12c7-4264-af83-d9d8d2cd5e7e,Books,5,81.9409757,409.7048785,23/10/2023,ce303ba0-1950-47da-bd24-f62e0977d8bf,Credit Card,Refunded
d5daf21f-a7b4-434d-9822-7b055e11ce29,4212c4a6-c52e-452f-ad77-970824afbed2,Sports & Outdoors,5,470.1287082,2350.643541,23/06/2023,d27a4624-8332-4002-bed3-dc18364b34ff,PayPal,Refunded
404bc52e-8677-4c9c-954d-70b374f566a7,82a33ee6-c580-40fc-8931-d6cb4890b285,Clothing,3,355.8101928,1067.430578,14/10/2023,66b80727-0bb6-4530-be0e-f88574b0e067,Debit Card,Completed
64a2948b-d527-44ef-9b81-9de48e7af52b,3a847583-72ac-4938-8ae2-3e996bcd6845,Beauty & Health,5,15.01351671,75.06758353,22/05/2023,d3694f13-dac3-4072-80b9-f1b73cabc9b0,Debit Card,Cancelled
bab89ee3-17c9-45ab-92c2-d995459cd393,679c5ab3-8c0c-4a2c-ac3b-a63b4957aa00,Clothing,5,370.7639068,1853.819534,26/07/2023,e907dffa-7a26-4795-87c5-ce4d1ec08b76,PayPal,Completed
bef08f31-fc81-4439-b740-2de84f3b1051,29cbe011-d946-4b64-adea-b9b629d5515b,Books,4,482.4081171,1929.632468,24/08/2023,74eea01f-cbbe-47dc-9e21-b79872a03b35,PayPal,Completed
81399834-bb8d-4a73-8761-bbc6cab1ab5f,00d6b98f-6ba2-422b-b863-67231456ce0b,Electronics,3,269.1192929,807.3578788,12/07/2023,748ed045-7a5e-4e02-9a4b-6061e8483a55,Gift Card,Cancelled
106e40b6-2e79-466f-b44a-1ea134a4c5de,bc14653d-800d-485e-abe7-e082c2903621,Clothing,1,156.3529315,156.3529315,15/04/2023,f2794eb0-37f2-4955-9d87-3a49d9c4d1fa,PayPal,Refunded
face6709-416a-4238-a242-26a690861979,d33389d0-6fc5-4581-9f06-03b62e3aac0a,Sports & Outdoors,2,124.85146,249.70292,24/08/2023,d868a1aa-04b9-4869-93bf-4309ef8e55ce,PayPal,Cancelled
33f57ec6-9225-4e6c-ab95-1ae2977945c9,9d239387-d6a2-4d96-8b20-e2473c49ee0e,Electronics,2,437.0174079,874.0348157,02/08/2023,4dc41f78-fd7d-4c33-8db3-876f4622c29a,Gift Card,Refunded
911dc103-723c-49e4-a5f1-348f30ea19ba,9c88de21-1ce5-42d8-9257-a23f25e74dff,Sports & Outdoors,2,253.374643,506.749286,09/11/2023,1cda1bd3-025a-43d3-b14e-5f7147f28ef0,Gift Card,Pending
d84f5273-c61f-4fd5-b680-2481ab21ac08,0ea31dc7-0b51-4e37-b140-3c7f38b48431,Home & Kitchen,5,37.60556798,188.0278399,28/09/2023,77eac6aa-a022-4dce-9a68-e7b7827cc0d7,Credit Card,Pending
8d0abe79-f644-46aa-ba38-b0108f671964,4a09e924-b49b-4480-85b3-11d9d983382c,Beauty & Health,3,100.3352448,301.0057343,03/09/2023,5dcf911e-0dc8-44cf-89ff-ae836e4c81cd,Gift Card,Cancelled
73a80fc2-6838-48b3-a9ac-a0b65d202d53,11cbf3bb-8eef-4a03-9f76-b4b138a8fdb0,Beauty & Health,3,454.6129491,1363.838847,06/03/2023,959624a6-cd2f-4da1-ac41-b6f6f7ff19f4,Debit Card,Refunded
0d83daa7-1556-4f82-98d0-a0c519528646,45bcb24f-752d-4fdc-999a-0f50230b6cd1,Books,2,340.9405365,681.881073,27/06/2023,63ce5c2b-283a-4dec-a4ca-83650293bc71,Credit Card,Cancelled
618d5a81-638a-4048-8c29-595714f58ba3,c2a95ce3-cded-4324-8ca9-dbc8a104b0e5,Electronics,4,153.0416262,612.166505,28/04/2023,74cd4d11-2018-4299-8dc4-cecdcfcf6a68,Debit Card,Cancelled
4de71089-1ef5-4489-b85f-5858b89356af,562d7a3a-ffed-446c-9b1f-fcd1c684ee6d,Home & Kitchen,3,221.6868115,665.0604345,02/05/2023,9c6d60c2-c8b7-4551-a5f9-16ad7cb601c9,Credit Card,Cancelled
05dd9d9e-54b7-42f5-8d7e-bef231da2272,9af7ed95-0621-4c5b-984d-277aae3f22fb,Home & Kitchen,2,191.1222576,382.2445152,10/08/2023,01e70c37-6507-4263-b268-5f22ed084f93,Debit Card,Pending
51a1777d-5cc2-4487-9204-c88c43415997,539a03be-6e74-4dc9-bea3-e8b993d13b18,Beauty & Health,4,59.67177755,238.6871102,06/01/2023,2dfd8bb6-bd7c-4212-a361-6a3c32a0e3f9,PayPal,Refunded
38f3dfc9-0ad7-4680-bd2b-a7c89d3a2172,fd038cb6-3646-4154-9356-cd92e8fb7138,Books,5,113.932683,569.6634152,08/02/2023,660f03a0-af95-490c-aee9-9ae7ea387a72,Credit Card,Cancelled
915476bd-1802-4f4f-9a08-0e5031ba5518,22ba4c29-7e44-42dc-a6b8-644513806d7a,Beauty & Health,3,31.81763449,95.45290346,26/04/2023,24a4d59a-7843-49c8-9f73-2ef5e51919c4,PayPal,Refunded
ff3f8377-7470-432a-a2fe-20f0abbf1f63,e6e6e4a2-5ef3-4255-a21c-16fc3dcff7fa,Clothing,3,252.5844286,757.7532858,22/10/2023,af7fbc2e-83e0-4ea5-afae-649547ffb536,PayPal,Pending
d43473e6-1529-4d92-9b95-6e56336301c2,2538725d-c14d-4373-aea4-2c4ccc20d74a,Clothing,3,314.6921093,944.076328,18/10/2023,756bfb77-6a57-432d-bf7e-205b0e7b5ace,Gift Card,Cancelled
5bafc13b-2dfb-456b-846c-4f539540ac51,fa712098-ba24-49dd-8041-f8b5246d5256,Home & Kitchen,2,196.2061096,392.4122193,22/07/2023,a658d681-6532-440e-b6fe-da90d380249a,PayPal,Cancelled
8ed0565c-2de0-4d3f-a713-9f890537e819,ebbfb99b-a2be-4542-8a0f-a2697675050e,Books,3,204.8896477,614.668943,30/11/2023,5eef0055-2038-4e06-99d7-66bfdd743d4b,PayPal,Pending
3f74c2f9-f80f-40fc-97d3-ff4c4efcf695,497a5c61-1890-4c96-9f58-020cf50c4dd9,Home & Kitchen,1,40.91472397,40.91472397,07/12/2023,a8ff6add-a88f-41d3-8eba-b05d444121c3,Credit Card,Completed
9eea9faa-8ddc-4bbd-b243-1c75891bb204,82c8f899-99b1-4d93-81c5-7dd64d3935bf,Beauty & Health,4,410.2450224,1640.980089,28/11/2023,456586a2-55cc-4c36-891c-8033ffec91a8,Credit Card,Completed
459ced42-c974-4be0-8d6e-e8fed1cee729,0e6192cf-b93b-463a-868b-eb857b2c0d7f,Clothing,1,281.4700966,281.4700966,24/12/2023,0e736dc0-c1bd-4ae7-850b-7464d084d40f,Credit Card,Completed
9e3d9c86-4cc2-4188-9b79-3bf3c33b924c,24be5ab2-3b1d-468e-be7c-274fc49b6a95,Electronics,3,338.7832988,1016.349896,04/01/2023,77629a6c-f57f-457a-bd27-4075ee5742e7,Gift Card,Pending
a806a8bf-d9f5-49b0-b675-f95c88d8ac2b,0566d1fd-de12-464d-85ce-371c2aecc3b1,Home & Kitchen,4,32.52038001,130.08152,02/12/2023,cc412ddf-62c3-4b23-a5b7-cfd7b9ec6f5c,Gift Card,Cancelled
ee5b22e3-13dc-43de-8b30-e38818272fd7,a97cea1f-d23c-43f8-8b71-6b70a0342877,Sports & Outdoors,3,284.699543,854.098629,29/10/2023,3de39661-ae3f-4e15-a9e9-69ee21226498,Debit Card,Pending
eac161b2-b162-4112-b170-cf5d22bb3d72,9ba9e664-51f9-47f1-babb-164b2cf3682c,Beauty & Health,2,139.3849437,278.7698874,09/08/2023,d0dc2f20-c2a2-4985-b3b5-91367160ec0b,Credit Card,Cancelled
5eaa95cc-03eb-4ad1-98a3-fea09f7250fc,5606a605-0a96-4b46-af07-5e5e0df7f932,Books,2,65.61131027,131.2226205,12/04/2023,e6138cc3-408a-4337-91ba-dd0507ec6daf,Debit Card,Pending
94c8d871-ed91-461d-8f13-d6a44ebfcb06,30e0a684-f7b5-4ba1-8ab8-96e1cb549f77,Electronics,2,202.9112907,405.8225813,25/10/2023,969cb8ae-4cc2-449a-8996-8b76568120fe,Debit Card,Pending
1fe0589d-1788-4a94-bcb4-a7b46e6a02ed,31cddfca-7790-4e2f-a074-4e74b18a6a70,Electronics,1,96.7402769,96.7402769,05/04/2023,8ba5488f-e03e-4613-bc7d-9fb5bef58b5f,Gift Card,Refunded
0804d4d4-b570-4999-9cf9-2d0c31fdff1c,179e25ba-bcbe-4c13-a1e0-6948ad767292,Beauty & Health,1,451.3150734,451.3150734,04/07/2023,2f206a39-8188-4d88-aa55-5d3556d2f342,Debit Card,Completed
479461f5-b35b-4b06-a5b7-5fde3d9c83c3,d0ca5975-0273-456f-b4ab-fd19e6195c8a,Home & Kitchen,1,494.7178595,494.7178595,25/02/2023,369be8ae-a768-4201-9a05-e617c0ea059f,Credit Card,Refunded
11ec7830-ea09-4f17-b0d6-e6c9440501b1,88257aa6-c22c-422d-8bdf-4434158429bb,Books,5,446.3550984,2231.775492,01/09/2023,0eafb781-04af-4d38-9e74-793ae6bd4096,Credit Card,Completed
8ea5c631-85ab-4947-bfb6-68abc0582f57,30993b4f-6331-43e5-b2e9-77292f185916,Beauty & Health,1,462.2116856,462.2116856,31/08/2023,988a3ccc-6321-421b-80bd-f8446377533b,Debit Card,Pending
43c7fbfd-8a52-4340-ae46-11f681eae2f4,b8835195-caa0-4f7e-9d15-6b76ef4903c8,Beauty & Health,5,346.379743,1731.898715,20/08/2023,e87d0876-310b-4ad8-9d20-47194be7324d,Credit Card,Refunded
82094610-0e0b-4f22-bb35-22eb9d151c46,ad85d7d4-d6d0-4ef2-bd68-d31086b155b6,Clothing,3,17.28353598,51.85060794,23/12/2023,264a5562-bf02-4c71-8755-939a3e2b5c24,Credit Card,Refunded
46cc058b-b221-47dc-ae26-497e7cd25c94,e6eb61a1-b3b0-4a4a-856d-d4975e9668a4,Sports & Outdoors,2,83.27387974,166.5477595,02/07/2023,21417d46-15b6-4681-8ca0-644589c6b3cc,PayPal,Pending
338590ae-e002-406f-9697-073685d07475,442c1d28-4e02-479f-94ea-b053b054d498,Home & Kitchen,1,169.1033376,169.1033376,11/06/2023,fb0f7b76-544e-4559-91ae-19b8a1460c2e,Debit Card,Pending
a9fa8b46-cab5-45fd-8cf7-e18b39d3cb69,d090cfb5-e5c8-4a40-9bac-2fe114fcc9c9,Beauty & Health,5,419.2640294,2096.320147,15/11/2023,aefe6f2f-a5b3-4219-8eb9-d7cad0637c4e,Debit Card,Cancelled
6d7e516c-08d8-4889-973a-085c40d65df0,9fc16ee4-69f0-4da6-a279-a1d1850a0441,Sports & Outdoors,1,372.7902499,372.7902499,23/01/2023,f027e3e8-7f3b-4171-a5ab-99281cb2379d,PayPal,Refunded
1bd5b6e2-623c-4869-9301-5caca0c4d993,0fac9a32-0027-43f6-b0e9-1984a8c5067b,Home & Kitchen,1,117.0981286,117.0981286,23/04/2023,0141737f-5d3a-4f0f-8fb8-1a3a0e09b0b7,Credit Card,Completed
